State: w1, Alice: ['u', 'u'], Bob: ['u', 'u'], Long Bob: u, Transform: f1;1.0,1.0,1.0,1.0,0.0,0.0,0.0,0.0,0.0,0.0,0.0,0.0,0.0,0.0,0.0,0.0,1.0,1.0,1.0,1.0,0.0,0.0,0.0,0.0,0.0,0.0,0.0,0.0,0.0,0.0,0.0,0.0
State: w1, Alice: ['u', 'u'], Bob: ['u', 'u'], Long Bob: u, Transform: f5;1.0,1.0,1.0,1.0,0.0,0.0,0.0,0.0,0.0,0.0,0.0,0.0,0.0,0.0,0.0,0.0,1.0,0.0,1.0,0.0,0.0,1.0,0.0,1.0,0.0,0.0,0.0,0.0,0.0,0.0,0.0,0.0
State: w1, Alice: ['u', 'u'], Bob: ['u', 'u'], Long Bob: u, Transform: f9;1.0,1.0,1.0,1.0,0.0,0.0,0.0,0.0,0.0,0.0,0.0,0.0,0.0,0.0,0.0,0.0,0.0,1.0,0.0,1.0,1.0,0.0,1.0,0.0,0.0,0.0,0.0,0.0,0.0,0.0,0.0,0.0
State: w1, Alice: ['u', 'u'], Bob: ['u', 'u'], Long Bob: u, Transform: f13;1.0,1.0,1.0,1.0,0.0,0.0,0.0,0.0,0.0,0.0,0.0,0.0,0.0,0.0,0.0,0.0,0.0,0.0,0.0,0.0,1.0,1.0,1.0,1.0,0.0,0.0,0.0,0.0,0.0,0.0,0.0,0.0
State: w1, Alice: ['u', 'u'], Bob: ['u', 'zero'], Long Bob: u, Transform: f1;1.0,0.0,1.0,0.0,0.0,1.0,0.0,1.0,0.0,0.0,0.0,0.0,0.0,0.0,0.0,0.0,1.0,1.0,1.0,1.0,0.0,0.0,0.0,0.0,0.0,0.0,0.0,0.0,0.0,0.0,0.0,0.0
State: w1, Alice: ['u', 'u'], Bob: ['zero', 'u'], Long Bob: u, Transform: f1;0.0,1.0,0.0,1.0,1.0,0.0,1.0,0.0,0.0,0.0,0.0,0.0,0.0,0.0,0.0,0.0,1.0,1.0,1.0,1.0,0.0,0.0,0.0,0.0,0.0,0.0,0.0,0.0,0.0,0.0,0.0,0.0
State: w1, Alice: ['u', 'u'], Bob: ['u', 'zero'], Long Bob: u, Transform: f5;1.0,0.0,1.0,0.0,0.0,1.0,0.0,1.0,0.0,0.0,0.0,0.0,0.0,0.0,0.0,0.0,1.0,0.0,1.0,0.0,0.0,1.0,0.0,1.0,0.0,0.0,0.0,0.0,0.0,0.0,0.0,0.0
State: w1, Alice: ['u', 'u'], Bob: ['zero', 'u'], Long Bob: u, Transform: f5;0.0,1.0,0.0,1.0,1.0,0.0,1.0,0.0,0.0,0.0,0.0,0.0,0.0,0.0,0.0,0.0,1.0,0.0,1.0,0.0,0.0,1.0,0.0,1.0,0.0,0.0,0.0,0.0,0.0,0.0,0.0,0.0
State: w1, Alice: ['u', 'u'], Bob: ['u', 'zero'], Long Bob: u, Transform: f9;1.0,0.0,1.0,0.0,0.0,1.0,0.0,1.0,0.0,0.0,0.0,0.0,0.0,0.0,0.0,0.0,0.0,1.0,0.0,1.0,1.0,0.0,1.0,0.0,0.0,0.0,0.0,0.0,0.0,0.0,0.0,0.0
State: w1, Alice: ['u', 'u'], Bob: ['zero', 'u'], Long Bob: u, Transform: f9;0.0,1.0,0.0,1.0,1.0,0.0,1.0,0.0,0.0,0.0,0.0,0.0,0.0,0.0,0.0,0.0,0.0,1.0,0.0,1.0,1.0,0.0,1.0,0.0,0.0,0.0,0.0,0.0,0.0,0.0,0.0,0.0
State: w1, Alice: ['u', 'u'], Bob: ['u', 'zero'], Long Bob: u, Transform: f13;1.0,0.0,1.0,0.0,0.0,1.0,0.0,1.0,0.0,0.0,0.0,0.0,0.0,0.0,0.0,0.0,0.0,0.0,0.0,0.0,1.0,1.0,1.0,1.0,0.0,0.0,0.0,0.0,0.0,0.0,0.0,0.0
State: w1, Alice: ['u', 'u'], Bob: ['zero', 'u'], Long Bob: u, Transform: f13;0.0,1.0,0.0,1.0,1.0,0.0,1.0,0.0,0.0,0.0,0.0,0.0,0.0,0.0,0.0,0.0,0.0,0.0,0.0,0.0,1.0,1.0,1.0,1.0,0.0,0.0,0.0,0.0,0.0,0.0,0.0,0.0
State: w1, Alice: ['u', 'u'], Bob: ['zero', 'zero'], Long Bob: u, Transform: f1;0.0,0.0,0.0,0.0,1.0,1.0,1.0,1.0,0.0,0.0,0.0,0.0,0.0,0.0,0.0,0.0,1.0,1.0,1.0,1.0,0.0,0.0,0.0,0.0,0.0,0.0,0.0,0.0,0.0,0.0,0.0,0.0
State: w1, Alice: ['u', 'u'], Bob: ['zero', 'zero'], Long Bob: u, Transform: f5;0.0,0.0,0.0,0.0,1.0,1.0,1.0,1.0,0.0,0.0,0.0,0.0,0.0,0.0,0.0,0.0,1.0,0.0,1.0,0.0,0.0,1.0,0.0,1.0,0.0,0.0,0.0,0.0,0.0,0.0,0.0,0.0
State: w1, Alice: ['u', 'u'], Bob: ['zero', 'zero'], Long Bob: u, Transform: f9;0.0,0.0,0.0,0.0,1.0,1.0,1.0,1.0,0.0,0.0,0.0,0.0,0.0,0.0,0.0,0.0,0.0,1.0,0.0,1.0,1.0,0.0,1.0,0.0,0.0,0.0,0.0,0.0,0.0,0.0,0.0,0.0
State: w1, Alice: ['u', 'u'], Bob: ['zero', 'zero'], Long Bob: u, Transform: f13;0.0,0.0,0.0,0.0,1.0,1.0,1.0,1.0,0.0,0.0,0.0,0.0,0.0,0.0,0.0,0.0,0.0,0.0,0.0,0.0,1.0,1.0,1.0,1.0,0.0,0.0,0.0,0.0,0.0,0.0,0.0,0.0
State: w1, Alice: ['u', 'zero'], Bob: ['u', 'u'], Long Bob: u, Transform: f1;1.0,1.0,0.0,0.0,0.0,0.0,0.0,0.0,0.0,0.0,1.0,1.0,0.0,0.0,0.0,0.0,1.0,1.0,0.0,0.0,0.0,0.0,0.0,0.0,0.0,0.0,1.0,1.0,0.0,0.0,0.0,0.0
State: w1, Alice: ['zero', 'u'], Bob: ['u', 'u'], Long Bob: u, Transform: f1;0.0,0.0,1.0,1.0,0.0,0.0,0.0,0.0,1.0,1.0,0.0,0.0,0.0,0.0,0.0,0.0,0.0,0.0,1.0,1.0,0.0,0.0,0.0,0.0,1.0,1.0,0.0,0.0,0.0,0.0,0.0,0.0
State: w1, Alice: ['u', 'zero'], Bob: ['u', 'u'], Long Bob: u, Transform: f5;1.0,1.0,0.0,0.0,0.0,0.0,0.0,0.0,0.0,0.0,1.0,1.0,0.0,0.0,0.0,0.0,1.0,0.0,0.0,0.0,0.0,1.0,0.0,0.0,0.0,0.0,1.0,0.0,0.0,0.0,0.0,1.0
State: w1, Alice: ['zero', 'u'], Bob: ['u', 'u'], Long Bob: u, Transform: f5;0.0,0.0,1.0,1.0,0.0,0.0,0.0,0.0,1.0,1.0,0.0,0.0,0.0,0.0,0.0,0.0,0.0,0.0,1.0,0.0,0.0,0.0,0.0,1.0,1.0,0.0,0.0,0.0,0.0,1.0,0.0,0.0
State: w1, Alice: ['u', 'zero'], Bob: ['u', 'u'], Long Bob: u, Transform: f9;1.0,1.0,0.0,0.0,0.0,0.0,0.0,0.0,0.0,0.0,1.0,1.0,0.0,0.0,0.0,0.0,0.0,1.0,0.0,0.0,1.0,0.0,0.0,0.0,0.0,0.0,0.0,1.0,0.0,0.0,1.0,0.0
State: w1, Alice: ['zero', 'u'], Bob: ['u', 'u'], Long Bob: u, Transform: f9;0.0,0.0,1.0,1.0,0.0,0.0,0.0,0.0,1.0,1.0,0.0,0.0,0.0,0.0,0.0,0.0,0.0,0.0,0.0,1.0,0.0,0.0,1.0,0.0,0.0,1.0,0.0,0.0,1.0,0.0,0.0,0.0
State: w1, Alice: ['u', 'zero'], Bob: ['u', 'u'], Long Bob: u, Transform: f13;1.0,1.0,0.0,0.0,0.0,0.0,0.0,0.0,0.0,0.0,1.0,1.0,0.0,0.0,0.0,0.0,0.0,0.0,0.0,0.0,1.0,1.0,0.0,0.0,0.0,0.0,0.0,0.0,0.0,0.0,1.0,1.0
State: w1, Alice: ['zero', 'u'], Bob: ['u', 'u'], Long Bob: u, Transform: f13;0.0,0.0,1.0,1.0,0.0,0.0,0.0,0.0,1.0,1.0,0.0,0.0,0.0,0.0,0.0,0.0,0.0,0.0,0.0,0.0,0.0,0.0,1.0,1.0,0.0,0.0,0.0,0.0,1.0,1.0,0.0,0.0
State: w1, Alice: ['u', 'zero'], Bob: ['u', 'zero'], Long Bob: u, Transform: f1;1.0,0.0,0.0,0.0,0.0,1.0,0.0,0.0,0.0,0.0,1.0,0.0,0.0,0.0,0.0,1.0,1.0,1.0,0.0,0.0,0.0,0.0,0.0,0.0,0.0,0.0,1.0,1.0,0.0,0.0,0.0,0.0
State: w1, Alice: ['u', 'zero'], Bob: ['zero', 'u'], Long Bob: u, Transform: f1;0.0,1.0,0.0,0.0,1.0,0.0,0.0,0.0,0.0,0.0,0.0,1.0,0.0,0.0,1.0,0.0,1.0,1.0,0.0,0.0,0.0,0.0,0.0,0.0,0.0,0.0,1.0,1.0,0.0,0.0,0.0,0.0
State: w1, Alice: ['zero', 'u'], Bob: ['u', 'zero'], Long Bob: u, Transform: f1;0.0,0.0,1.0,0.0,0.0,0.0,0.0,1.0,1.0,0.0,0.0,0.0,0.0,1.0,0.0,0.0,0.0,0.0,1.0,1.0,0.0,0.0,0.0,0.0,1.0,1.0,0.0,0.0,0.0,0.0,0.0,0.0
State: w1, Alice: ['zero', 'u'], Bob: ['zero', 'u'], Long Bob: u, Transform: f1;0.0,0.0,0.0,1.0,0.0,0.0,1.0,0.0,0.0,1.0,0.0,0.0,1.0,0.0,0.0,0.0,0.0,0.0,1.0,1.0,0.0,0.0,0.0,0.0,1.0,1.0,0.0,0.0,0.0,0.0,0.0,0.0
State: w1, Alice: ['u', 'zero'], Bob: ['u', 'zero'], Long Bob: u, Transform: f5;1.0,0.0,0.0,0.0,0.0,1.0,0.0,0.0,0.0,0.0,1.0,0.0,0.0,0.0,0.0,1.0,1.0,0.0,0.0,0.0,0.0,1.0,0.0,0.0,0.0,0.0,1.0,0.0,0.0,0.0,0.0,1.0
State: w1, Alice: ['u', 'zero'], Bob: ['zero', 'u'], Long Bob: u, Transform: f5;0.0,1.0,0.0,0.0,1.0,0.0,0.0,0.0,0.0,0.0,0.0,1.0,0.0,0.0,1.0,0.0,1.0,0.0,0.0,0.0,0.0,1.0,0.0,0.0,0.0,0.0,1.0,0.0,0.0,0.0,0.0,1.0
State: w1, Alice: ['zero', 'u'], Bob: ['u', 'zero'], Long Bob: u, Transform: f5;0.0,0.0,1.0,0.0,0.0,0.0,0.0,1.0,1.0,0.0,0.0,0.0,0.0,1.0,0.0,0.0,0.0,0.0,1.0,0.0,0.0,0.0,0.0,1.0,1.0,0.0,0.0,0.0,0.0,1.0,0.0,0.0
State: w1, Alice: ['zero', 'u'], Bob: ['zero', 'u'], Long Bob: u, Transform: f5;0.0,0.0,0.0,1.0,0.0,0.0,1.0,0.0,0.0,1.0,0.0,0.0,1.0,0.0,0.0,0.0,0.0,0.0,1.0,0.0,0.0,0.0,0.0,1.0,1.0,0.0,0.0,0.0,0.0,1.0,0.0,0.0
State: w1, Alice: ['u', 'zero'], Bob: ['u', 'zero'], Long Bob: u, Transform: f9;1.0,0.0,0.0,0.0,0.0,1.0,0.0,0.0,0.0,0.0,1.0,0.0,0.0,0.0,0.0,1.0,0.0,1.0,0.0,0.0,1.0,0.0,0.0,0.0,0.0,0.0,0.0,1.0,0.0,0.0,1.0,0.0
State: w1, Alice: ['u', 'zero'], Bob: ['zero', 'u'], Long Bob: u, Transform: f9;0.0,1.0,0.0,0.0,1.0,0.0,0.0,0.0,0.0,0.0,0.0,1.0,0.0,0.0,1.0,0.0,0.0,1.0,0.0,0.0,1.0,0.0,0.0,0.0,0.0,0.0,0.0,1.0,0.0,0.0,1.0,0.0
State: w1, Alice: ['zero', 'u'], Bob: ['u', 'zero'], Long Bob: u, Transform: f9;0.0,0.0,1.0,0.0,0.0,0.0,0.0,1.0,1.0,0.0,0.0,0.0,0.0,1.0,0.0,0.0,0.0,0.0,0.0,1.0,0.0,0.0,1.0,0.0,0.0,1.0,0.0,0.0,1.0,0.0,0.0,0.0
State: w1, Alice: ['zero', 'u'], Bob: ['zero', 'u'], Long Bob: u, Transform: f9;0.0,0.0,0.0,1.0,0.0,0.0,1.0,0.0,0.0,1.0,0.0,0.0,1.0,0.0,0.0,0.0,0.0,0.0,0.0,1.0,0.0,0.0,1.0,0.0,0.0,1.0,0.0,0.0,1.0,0.0,0.0,0.0
State: w1, Alice: ['u', 'zero'], Bob: ['u', 'zero'], Long Bob: u, Transform: f13;1.0,0.0,0.0,0.0,0.0,1.0,0.0,0.0,0.0,0.0,1.0,0.0,0.0,0.0,0.0,1.0,0.0,0.0,0.0,0.0,1.0,1.0,0.0,0.0,0.0,0.0,0.0,0.0,0.0,0.0,1.0,1.0
State: w1, Alice: ['u', 'zero'], Bob: ['zero', 'u'], Long Bob: u, Transform: f13;0.0,1.0,0.0,0.0,1.0,0.0,0.0,0.0,0.0,0.0,0.0,1.0,0.0,0.0,1.0,0.0,0.0,0.0,0.0,0.0,1.0,1.0,0.0,0.0,0.0,0.0,0.0,0.0,0.0,0.0,1.0,1.0
State: w1, Alice: ['zero', 'u'], Bob: ['u', 'zero'], Long Bob: u, Transform: f13;0.0,0.0,1.0,0.0,0.0,0.0,0.0,1.0,1.0,0.0,0.0,0.0,0.0,1.0,0.0,0.0,0.0,0.0,0.0,0.0,0.0,0.0,1.0,1.0,0.0,0.0,0.0,0.0,1.0,1.0,0.0,0.0
State: w1, Alice: ['zero', 'u'], Bob: ['zero', 'u'], Long Bob: u, Transform: f13;0.0,0.0,0.0,1.0,0.0,0.0,1.0,0.0,0.0,1.0,0.0,0.0,1.0,0.0,0.0,0.0,0.0,0.0,0.0,0.0,0.0,0.0,1.0,1.0,0.0,0.0,0.0,0.0,1.0,1.0,0.0,0.0
State: w1, Alice: ['u', 'zero'], Bob: ['zero', 'zero'], Long Bob: u, Transform: f1;0.0,0.0,0.0,0.0,1.0,1.0,0.0,0.0,0.0,0.0,0.0,0.0,0.0,0.0,1.0,1.0,1.0,1.0,0.0,0.0,0.0,0.0,0.0,0.0,0.0,0.0,1.0,1.0,0.0,0.0,0.0,0.0
State: w1, Alice: ['zero', 'u'], Bob: ['zero', 'zero'], Long Bob: u, Transform: f1;0.0,0.0,0.0,0.0,0.0,0.0,1.0,1.0,0.0,0.0,0.0,0.0,1.0,1.0,0.0,0.0,0.0,0.0,1.0,1.0,0.0,0.0,0.0,0.0,1.0,1.0,0.0,0.0,0.0,0.0,0.0,0.0
State: w1, Alice: ['u', 'zero'], Bob: ['zero', 'zero'], Long Bob: u, Transform: f5;0.0,0.0,0.0,0.0,1.0,1.0,0.0,0.0,0.0,0.0,0.0,0.0,0.0,0.0,1.0,1.0,1.0,0.0,0.0,0.0,0.0,1.0,0.0,0.0,0.0,0.0,1.0,0.0,0.0,0.0,0.0,1.0
State: w1, Alice: ['zero', 'u'], Bob: ['zero', 'zero'], Long Bob: u, Transform: f5;0.0,0.0,0.0,0.0,0.0,0.0,1.0,1.0,0.0,0.0,0.0,0.0,1.0,1.0,0.0,0.0,0.0,0.0,1.0,0.0,0.0,0.0,0.0,1.0,1.0,0.0,0.0,0.0,0.0,1.0,0.0,0.0
State: w1, Alice: ['u', 'zero'], Bob: ['zero', 'zero'], Long Bob: u, Transform: f9;0.0,0.0,0.0,0.0,1.0,1.0,0.0,0.0,0.0,0.0,0.0,0.0,0.0,0.0,1.0,1.0,0.0,1.0,0.0,0.0,1.0,0.0,0.0,0.0,0.0,0.0,0.0,1.0,0.0,0.0,1.0,0.0
State: w1, Alice: ['zero', 'u'], Bob: ['zero', 'zero'], Long Bob: u, Transform: f9;0.0,0.0,0.0,0.0,0.0,0.0,1.0,1.0,0.0,0.0,0.0,0.0,1.0,1.0,0.0,0.0,0.0,0.0,0.0,1.0,0.0,0.0,1.0,0.0,0.0,1.0,0.0,0.0,1.0,0.0,0.0,0.0
State: w1, Alice: ['u', 'zero'], Bob: ['zero', 'zero'], Long Bob: u, Transform: f13;0.0,0.0,0.0,0.0,1.0,1.0,0.0,0.0,0.0,0.0,0.0,0.0,0.0,0.0,1.0,1.0,0.0,0.0,0.0,0.0,1.0,1.0,0.0,0.0,0.0,0.0,0.0,0.0,0.0,0.0,1.0,1.0
State: w1, Alice: ['zero', 'u'], Bob: ['zero', 'zero'], Long Bob: u, Transform: f13;0.0,0.0,0.0,0.0,0.0,0.0,1.0,1.0,0.0,0.0,0.0,0.0,1.0,1.0,0.0,0.0,0.0,0.0,0.0,0.0,0.0,0.0,1.0,1.0,0.0,0.0,0.0,0.0,1.0,1.0,0.0,0.0
State: w1, Alice: ['zero', 'zero'], Bob: ['u', 'u'], Long Bob: u, Transform: f1;0.0,0.0,0.0,0.0,0.0,0.0,0.0,0.0,1.0,1.0,1.0,1.0,0.0,0.0,0.0,0.0,0.0,0.0,0.0,0.0,0.0,0.0,0.0,0.0,1.0,1.0,1.0,1.0,0.0,0.0,0.0,0.0
State: w1, Alice: ['zero', 'zero'], Bob: ['u', 'u'], Long Bob: u, Transform: f5;0.0,0.0,0.0,0.0,0.0,0.0,0.0,0.0,1.0,1.0,1.0,1.0,0.0,0.0,0.0,0.0,0.0,0.0,0.0,0.0,0.0,0.0,0.0,0.0,1.0,0.0,1.0,0.0,0.0,1.0,0.0,1.0
State: w1, Alice: ['zero', 'zero'], Bob: ['u', 'u'], Long Bob: u, Transform: f9;0.0,0.0,0.0,0.0,0.0,0.0,0.0,0.0,1.0,1.0,1.0,1.0,0.0,0.0,0.0,0.0,0.0,0.0,0.0,0.0,0.0,0.0,0.0,0.0,0.0,1.0,0.0,1.0,1.0,0.0,1.0,0.0
State: w1, Alice: ['zero', 'zero'], Bob: ['u', 'u'], Long Bob: u, Transform: f13;0.0,0.0,0.0,0.0,0.0,0.0,0.0,0.0,1.0,1.0,1.0,1.0,0.0,0.0,0.0,0.0,0.0,0.0,0.0,0.0,0.0,0.0,0.0,0.0,0.0,0.0,0.0,0.0,1.0,1.0,1.0,1.0
State: w1, Alice: ['zero', 'zero'], Bob: ['u', 'zero'], Long Bob: u, Transform: f1;0.0,0.0,0.0,0.0,0.0,0.0,0.0,0.0,1.0,0.0,1.0,0.0,0.0,1.0,0.0,1.0,0.0,0.0,0.0,0.0,0.0,0.0,0.0,0.0,1.0,1.0,1.0,1.0,0.0,0.0,0.0,0.0
State: w1, Alice: ['zero', 'zero'], Bob: ['zero', 'u'], Long Bob: u, Transform: f1;0.0,0.0,0.0,0.0,0.0,0.0,0.0,0.0,0.0,1.0,0.0,1.0,1.0,0.0,1.0,0.0,0.0,0.0,0.0,0.0,0.0,0.0,0.0,0.0,1.0,1.0,1.0,1.0,0.0,0.0,0.0,0.0
State: w1, Alice: ['zero', 'zero'], Bob: ['u', 'zero'], Long Bob: u, Transform: f5;0.0,0.0,0.0,0.0,0.0,0.0,0.0,0.0,1.0,0.0,1.0,0.0,0.0,1.0,0.0,1.0,0.0,0.0,0.0,0.0,0.0,0.0,0.0,0.0,1.0,0.0,1.0,0.0,0.0,1.0,0.0,1.0
State: w1, Alice: ['zero', 'zero'], Bob: ['zero', 'u'], Long Bob: u, Transform: f5;0.0,0.0,0.0,0.0,0.0,0.0,0.0,0.0,0.0,1.0,0.0,1.0,1.0,0.0,1.0,0.0,0.0,0.0,0.0,0.0,0.0,0.0,0.0,0.0,1.0,0.0,1.0,0.0,0.0,1.0,0.0,1.0
State: w1, Alice: ['zero', 'zero'], Bob: ['u', 'zero'], Long Bob: u, Transform: f9;0.0,0.0,0.0,0.0,0.0,0.0,0.0,0.0,1.0,0.0,1.0,0.0,0.0,1.0,0.0,1.0,0.0,0.0,0.0,0.0,0.0,0.0,0.0,0.0,0.0,1.0,0.0,1.0,1.0,0.0,1.0,0.0
State: w1, Alice: ['zero', 'zero'], Bob: ['zero', 'u'], Long Bob: u, Transform: f9;0.0,0.0,0.0,0.0,0.0,0.0,0.0,0.0,0.0,1.0,0.0,1.0,1.0,0.0,1.0,0.0,0.0,0.0,0.0,0.0,0.0,0.0,0.0,0.0,0.0,1.0,0.0,1.0,1.0,0.0,1.0,0.0
State: w1, Alice: ['zero', 'zero'], Bob: ['u', 'zero'], Long Bob: u, Transform: f13;0.0,0.0,0.0,0.0,0.0,0.0,0.0,0.0,1.0,0.0,1.0,0.0,0.0,1.0,0.0,1.0,0.0,0.0,0.0,0.0,0.0,0.0,0.0,0.0,0.0,0.0,0.0,0.0,1.0,1.0,1.0,1.0
State: w1, Alice: ['zero', 'zero'], Bob: ['zero', 'u'], Long Bob: u, Transform: f13;0.0,0.0,0.0,0.0,0.0,0.0,0.0,0.0,0.0,1.0,0.0,1.0,1.0,0.0,1.0,0.0,0.0,0.0,0.0,0.0,0.0,0.0,0.0,0.0,0.0,0.0,0.0,0.0,1.0,1.0,1.0,1.0
State: w1, Alice: ['zero', 'zero'], Bob: ['zero', 'zero'], Long Bob: u, Transform: f1;0.0,0.0,0.0,0.0,0.0,0.0,0.0,0.0,0.0,0.0,0.0,0.0,1.0,1.0,1.0,1.0,0.0,0.0,0.0,0.0,0.0,0.0,0.0,0.0,1.0,1.0,1.0,1.0,0.0,0.0,0.0,0.0
State: w1, Alice: ['zero', 'zero'], Bob: ['zero', 'zero'], Long Bob: u, Transform: f5;0.0,0.0,0.0,0.0,0.0,0.0,0.0,0.0,0.0,0.0,0.0,0.0,1.0,1.0,1.0,1.0,0.0,0.0,0.0,0.0,0.0,0.0,0.0,0.0,1.0,0.0,1.0,0.0,0.0,1.0,0.0,1.0
State: w1, Alice: ['zero', 'zero'], Bob: ['zero', 'zero'], Long Bob: u, Transform: f9;0.0,0.0,0.0,0.0,0.0,0.0,0.0,0.0,0.0,0.0,0.0,0.0,1.0,1.0,1.0,1.0,0.0,0.0,0.0,0.0,0.0,0.0,0.0,0.0,0.0,1.0,0.0,1.0,1.0,0.0,1.0,0.0
State: w1, Alice: ['zero', 'zero'], Bob: ['zero', 'zero'], Long Bob: u, Transform: f13;0.0,0.0,0.0,0.0,0.0,0.0,0.0,0.0,0.0,0.0,0.0,0.0,1.0,1.0,1.0,1.0,0.0,0.0,0.0,0.0,0.0,0.0,0.0,0.0,0.0,0.0,0.0,0.0,1.0,1.0,1.0,1.0
State: w17, Alice: ['u', 'u'], Bob: ['u', 'u'], Long Bob: e1, Transform: f2;1.0,1.0,1.0,1.0,0.0,0.0,0.0,0.0,0.0,0.0,0.0,0.0,0.0,0.0,0.0,0.0,1.0,0.5,1.0,0.5,0.0,0.5,0.0,0.5,0.0,0.0,0.0,0.0,0.0,0.0,0.0,0.0
State: w17, Alice: ['u', 'u'], Bob: ['u', 'u'], Long Bob: e1, Transform: f3;1.0,1.0,1.0,1.0,0.0,0.0,0.0,0.0,0.0,0.0,0.0,0.0,0.0,0.0,0.0,0.0,0.5,1.0,0.5,1.0,0.5,0.0,0.5,0.0,0.0,0.0,0.0,0.0,0.0,0.0,0.0,0.0
State: w17, Alice: ['u', 'u'], Bob: ['u', 'u'], Long Bob: e1, Transform: f4;1.0,1.0,1.0,1.0,0.0,0.0,0.0,0.0,0.0,0.0,0.0,0.0,0.0,0.0,0.0,0.0,0.5,0.5,0.5,0.5,0.5,0.5,0.5,0.5,0.0,0.0,0.0,0.0,0.0,0.0,0.0,0.0
State: w17, Alice: ['u', 'u'], Bob: ['u', 'u'], Long Bob: e1, Transform: f8;1.0,1.0,1.0,1.0,0.0,0.0,0.0,0.0,0.0,0.0,0.0,0.0,0.0,0.0,0.0,0.0,0.5,0.0,0.5,0.0,0.5,1.0,0.5,1.0,0.0,0.0,0.0,0.0,0.0,0.0,0.0,0.0
State: w17, Alice: ['u', 'u'], Bob: ['u', 'u'], Long Bob: e1, Transform: f12;1.0,1.0,1.0,1.0,0.0,0.0,0.0,0.0,0.0,0.0,0.0,0.0,0.0,0.0,0.0,0.0,0.0,0.5,0.0,0.5,1.0,0.5,1.0,0.5,0.0,0.0,0.0,0.0,0.0,0.0,0.0,0.0
State: w17, Alice: ['u', 'u'], Bob: ['u', 'zero'], Long Bob: e1, Transform: f2;1.0,0.0,1.0,0.0,0.0,1.0,0.0,1.0,0.0,0.0,0.0,0.0,0.0,0.0,0.0,0.0,1.0,0.5,1.0,0.5,0.0,0.5,0.0,0.5,0.0,0.0,0.0,0.0,0.0,0.0,0.0,0.0
State: w17, Alice: ['u', 'u'], Bob: ['zero', 'u'], Long Bob: e1, Transform: f2;0.0,1.0,0.0,1.0,1.0,0.0,1.0,0.0,0.0,0.0,0.0,0.0,0.0,0.0,0.0,0.0,1.0,0.5,1.0,0.5,0.0,0.5,0.0,0.5,0.0,0.0,0.0,0.0,0.0,0.0,0.0,0.0
State: w17, Alice: ['u', 'u'], Bob: ['u', 'zero'], Long Bob: e1, Transform: f3;1.0,0.0,1.0,0.0,0.0,1.0,0.0,1.0,0.0,0.0,0.0,0.0,0.0,0.0,0.0,0.0,0.5,1.0,0.5,1.0,0.5,0.0,0.5,0.0,0.0,0.0,0.0,0.0,0.0,0.0,0.0,0.0
State: w17, Alice: ['u', 'u'], Bob: ['zero', 'u'], Long Bob: e1, Transform: f3;0.0,1.0,0.0,1.0,1.0,0.0,1.0,0.0,0.0,0.0,0.0,0.0,0.0,0.0,0.0,0.0,0.5,1.0,0.5,1.0,0.5,0.0,0.5,0.0,0.0,0.0,0.0,0.0,0.0,0.0,0.0,0.0
State: w17, Alice: ['u', 'u'], Bob: ['u', 'zero'], Long Bob: e1, Transform: f4;1.0,0.0,1.0,0.0,0.0,1.0,0.0,1.0,0.0,0.0,0.0,0.0,0.0,0.0,0.0,0.0,0.5,0.5,0.5,0.5,0.5,0.5,0.5,0.5,0.0,0.0,0.0,0.0,0.0,0.0,0.0,0.0
State: w17, Alice: ['u', 'u'], Bob: ['zero', 'u'], Long Bob: e1, Transform: f4;0.0,1.0,0.0,1.0,1.0,0.0,1.0,0.0,0.0,0.0,0.0,0.0,0.0,0.0,0.0,0.0,0.5,0.5,0.5,0.5,0.5,0.5,0.5,0.5,0.0,0.0,0.0,0.0,0.0,0.0,0.0,0.0
State: w17, Alice: ['u', 'u'], Bob: ['u', 'zero'], Long Bob: e1, Transform: f8;1.0,0.0,1.0,0.0,0.0,1.0,0.0,1.0,0.0,0.0,0.0,0.0,0.0,0.0,0.0,0.0,0.5,0.0,0.5,0.0,0.5,1.0,0.5,1.0,0.0,0.0,0.0,0.0,0.0,0.0,0.0,0.0
State: w17, Alice: ['u', 'u'], Bob: ['zero', 'u'], Long Bob: e1, Transform: f8;0.0,1.0,0.0,1.0,1.0,0.0,1.0,0.0,0.0,0.0,0.0,0.0,0.0,0.0,0.0,0.0,0.5,0.0,0.5,0.0,0.5,1.0,0.5,1.0,0.0,0.0,0.0,0.0,0.0,0.0,0.0,0.0
State: w17, Alice: ['u', 'u'], Bob: ['u', 'zero'], Long Bob: e1, Transform: f12;1.0,0.0,1.0,0.0,0.0,1.0,0.0,1.0,0.0,0.0,0.0,0.0,0.0,0.0,0.0,0.0,0.0,0.5,0.0,0.5,1.0,0.5,1.0,0.5,0.0,0.0,0.0,0.0,0.0,0.0,0.0,0.0
State: w17, Alice: ['u', 'u'], Bob: ['zero', 'u'], Long Bob: e1, Transform: f12;0.0,1.0,0.0,1.0,1.0,0.0,1.0,0.0,0.0,0.0,0.0,0.0,0.0,0.0,0.0,0.0,0.0,0.5,0.0,0.5,1.0,0.5,1.0,0.5,0.0,0.0,0.0,0.0,0.0,0.0,0.0,0.0
State: w17, Alice: ['u', 'u'], Bob: ['u', 'e1'], Long Bob: u, Transform: f1;1.0,0.5,1.0,0.5,0.0,0.5,0.0,0.5,0.0,0.0,0.0,0.0,0.0,0.0,0.0,0.0,1.0,1.0,1.0,1.0,0.0,0.0,0.0,0.0,0.0,0.0,0.0,0.0,0.0,0.0,0.0,0.0
State: w17, Alice: ['u', 'u'], Bob: ['e1', 'u'], Long Bob: u, Transform: f1;0.5,1.0,0.5,1.0,0.5,0.0,0.5,0.0,0.0,0.0,0.0,0.0,0.0,0.0,0.0,0.0,1.0,1.0,1.0,1.0,0.0,0.0,0.0,0.0,0.0,0.0,0.0,0.0,0.0,0.0,0.0,0.0
State: w17, Alice: ['u', 'u'], Bob: ['u', 'e1'], Long Bob: u, Transform: f5;1.0,0.5,1.0,0.5,0.0,0.5,0.0,0.5,0.0,0.0,0.0,0.0,0.0,0.0,0.0,0.0,1.0,0.0,1.0,0.0,0.0,1.0,0.0,1.0,0.0,0.0,0.0,0.0,0.0,0.0,0.0,0.0
State: w17, Alice: ['u', 'u'], Bob: ['e1', 'u'], Long Bob: u, Transform: f5;0.5,1.0,0.5,1.0,0.5,0.0,0.5,0.0,0.0,0.0,0.0,0.0,0.0,0.0,0.0,0.0,1.0,0.0,1.0,0.0,0.0,1.0,0.0,1.0,0.0,0.0,0.0,0.0,0.0,0.0,0.0,0.0
State: w17, Alice: ['u', 'u'], Bob: ['u', 'e1'], Long Bob: u, Transform: f9;1.0,0.5,1.0,0.5,0.0,0.5,0.0,0.5,0.0,0.0,0.0,0.0,0.0,0.0,0.0,0.0,0.0,1.0,0.0,1.0,1.0,0.0,1.0,0.0,0.0,0.0,0.0,0.0,0.0,0.0,0.0,0.0
State: w17, Alice: ['u', 'u'], Bob: ['e1', 'u'], Long Bob: u, Transform: f9;0.5,1.0,0.5,1.0,0.5,0.0,0.5,0.0,0.0,0.0,0.0,0.0,0.0,0.0,0.0,0.0,0.0,1.0,0.0,1.0,1.0,0.0,1.0,0.0,0.0,0.0,0.0,0.0,0.0,0.0,0.0,0.0
State: w17, Alice: ['u', 'u'], Bob: ['u', 'e1'], Long Bob: u, Transform: f13;1.0,0.5,1.0,0.5,0.0,0.5,0.0,0.5,0.0,0.0,0.0,0.0,0.0,0.0,0.0,0.0,0.0,0.0,0.0,0.0,1.0,1.0,1.0,1.0,0.0,0.0,0.0,0.0,0.0,0.0,0.0,0.0
State: w17, Alice: ['u', 'u'], Bob: ['e1', 'u'], Long Bob: u, Transform: f13;0.5,1.0,0.5,1.0,0.5,0.0,0.5,0.0,0.0,0.0,0.0,0.0,0.0,0.0,0.0,0.0,0.0,0.0,0.0,0.0,1.0,1.0,1.0,1.0,0.0,0.0,0.0,0.0,0.0,0.0,0.0,0.0
State: w17, Alice: ['u', 'u'], Bob: ['u', 'e1'], Long Bob: e1, Transform: f2;1.0,0.5,1.0,0.5,0.0,0.5,0.0,0.5,0.0,0.0,0.0,0.0,0.0,0.0,0.0,0.0,1.0,0.5,1.0,0.5,0.0,0.5,0.0,0.5,0.0,0.0,0.0,0.0,0.0,0.0,0.0,0.0
State: w17, Alice: ['u', 'u'], Bob: ['e1', 'u'], Long Bob: e1, Transform: f2;0.5,1.0,0.5,1.0,0.5,0.0,0.5,0.0,0.0,0.0,0.0,0.0,0.0,0.0,0.0,0.0,1.0,0.5,1.0,0.5,0.0,0.5,0.0,0.5,0.0,0.0,0.0,0.0,0.0,0.0,0.0,0.0
State: w17, Alice: ['u', 'u'], Bob: ['u', 'e1'], Long Bob: e1, Transform: f3;1.0,0.5,1.0,0.5,0.0,0.5,0.0,0.5,0.0,0.0,0.0,0.0,0.0,0.0,0.0,0.0,0.5,1.0,0.5,1.0,0.5,0.0,0.5,0.0,0.0,0.0,0.0,0.0,0.0,0.0,0.0,0.0
State: w17, Alice: ['u', 'u'], Bob: ['e1', 'u'], Long Bob: e1, Transform: f3;0.5,1.0,0.5,1.0,0.5,0.0,0.5,0.0,0.0,0.0,0.0,0.0,0.0,0.0,0.0,0.0,0.5,1.0,0.5,1.0,0.5,0.0,0.5,0.0,0.0,0.0,0.0,0.0,0.0,0.0,0.0,0.0
State: w17, Alice: ['u', 'u'], Bob: ['u', 'e1'], Long Bob: e1, Transform: f4;1.0,0.5,1.0,0.5,0.0,0.5,0.0,0.5,0.0,0.0,0.0,0.0,0.0,0.0,0.0,0.0,0.5,0.5,0.5,0.5,0.5,0.5,0.5,0.5,0.0,0.0,0.0,0.0,0.0,0.0,0.0,0.0
State: w17, Alice: ['u', 'u'], Bob: ['e1', 'u'], Long Bob: e1, Transform: f4;0.5,1.0,0.5,1.0,0.5,0.0,0.5,0.0,0.0,0.0,0.0,0.0,0.0,0.0,0.0,0.0,0.5,0.5,0.5,0.5,0.5,0.5,0.5,0.5,0.0,0.0,0.0,0.0,0.0,0.0,0.0,0.0
State: w17, Alice: ['u', 'u'], Bob: ['u', 'e1'], Long Bob: e1, Transform: f8;1.0,0.5,1.0,0.5,0.0,0.5,0.0,0.5,0.0,0.0,0.0,0.0,0.0,0.0,0.0,0.0,0.5,0.0,0.5,0.0,0.5,1.0,0.5,1.0,0.0,0.0,0.0,0.0,0.0,0.0,0.0,0.0
State: w17, Alice: ['u', 'u'], Bob: ['e1', 'u'], Long Bob: e1, Transform: f8;0.5,1.0,0.5,1.0,0.5,0.0,0.5,0.0,0.0,0.0,0.0,0.0,0.0,0.0,0.0,0.0,0.5,0.0,0.5,0.0,0.5,1.0,0.5,1.0,0.0,0.0,0.0,0.0,0.0,0.0,0.0,0.0
State: w17, Alice: ['u', 'u'], Bob: ['u', 'e1'], Long Bob: e1, Transform: f12;1.0,0.5,1.0,0.5,0.0,0.5,0.0,0.5,0.0,0.0,0.0,0.0,0.0,0.0,0.0,0.0,0.0,0.5,0.0,0.5,1.0,0.5,1.0,0.5,0.0,0.0,0.0,0.0,0.0,0.0,0.0,0.0
State: w17, Alice: ['u', 'u'], Bob: ['e1', 'u'], Long Bob: e1, Transform: f12;0.5,1.0,0.5,1.0,0.5,0.0,0.5,0.0,0.0,0.0,0.0,0.0,0.0,0.0,0.0,0.0,0.0,0.5,0.0,0.5,1.0,0.5,1.0,0.5,0.0,0.0,0.0,0.0,0.0,0.0,0.0,0.0
State: w17, Alice: ['u', 'u'], Bob: ['zero', 'zero'], Long Bob: e1, Transform: f2;0.0,0.0,0.0,0.0,1.0,1.0,1.0,1.0,0.0,0.0,0.0,0.0,0.0,0.0,0.0,0.0,1.0,0.5,1.0,0.5,0.0,0.5,0.0,0.5,0.0,0.0,0.0,0.0,0.0,0.0,0.0,0.0
State: w17, Alice: ['u', 'u'], Bob: ['zero', 'zero'], Long Bob: e1, Transform: f3;0.0,0.0,0.0,0.0,1.0,1.0,1.0,1.0,0.0,0.0,0.0,0.0,0.0,0.0,0.0,0.0,0.5,1.0,0.5,1.0,0.5,0.0,0.5,0.0,0.0,0.0,0.0,0.0,0.0,0.0,0.0,0.0
State: w17, Alice: ['u', 'u'], Bob: ['zero', 'zero'], Long Bob: e1, Transform: f4;0.0,0.0,0.0,0.0,1.0,1.0,1.0,1.0,0.0,0.0,0.0,0.0,0.0,0.0,0.0,0.0,0.5,0.5,0.5,0.5,0.5,0.5,0.5,0.5,0.0,0.0,0.0,0.0,0.0,0.0,0.0,0.0
State: w17, Alice: ['u', 'u'], Bob: ['zero', 'zero'], Long Bob: e1, Transform: f8;0.0,0.0,0.0,0.0,1.0,1.0,1.0,1.0,0.0,0.0,0.0,0.0,0.0,0.0,0.0,0.0,0.5,0.0,0.5,0.0,0.5,1.0,0.5,1.0,0.0,0.0,0.0,0.0,0.0,0.0,0.0,0.0
State: w17, Alice: ['u', 'u'], Bob: ['zero', 'zero'], Long Bob: e1, Transform: f12;0.0,0.0,0.0,0.0,1.0,1.0,1.0,1.0,0.0,0.0,0.0,0.0,0.0,0.0,0.0,0.0,0.0,0.5,0.0,0.5,1.0,0.5,1.0,0.5,0.0,0.0,0.0,0.0,0.0,0.0,0.0,0.0
State: w17, Alice: ['u', 'u'], Bob: ['zero', 'e1'], Long Bob: u, Transform: f1;0.0,0.5,0.0,0.5,1.0,0.5,1.0,0.5,0.0,0.0,0.0,0.0,0.0,0.0,0.0,0.0,1.0,1.0,1.0,1.0,0.0,0.0,0.0,0.0,0.0,0.0,0.0,0.0,0.0,0.0,0.0,0.0
State: w17, Alice: ['u', 'u'], Bob: ['e1', 'zero'], Long Bob: u, Transform: f1;0.5,0.0,0.5,0.0,0.5,1.0,0.5,1.0,0.0,0.0,0.0,0.0,0.0,0.0,0.0,0.0,1.0,1.0,1.0,1.0,0.0,0.0,0.0,0.0,0.0,0.0,0.0,0.0,0.0,0.0,0.0,0.0
State: w17, Alice: ['u', 'u'], Bob: ['zero', 'e1'], Long Bob: u, Transform: f5;0.0,0.5,0.0,0.5,1.0,0.5,1.0,0.5,0.0,0.0,0.0,0.0,0.0,0.0,0.0,0.0,1.0,0.0,1.0,0.0,0.0,1.0,0.0,1.0,0.0,0.0,0.0,0.0,0.0,0.0,0.0,0.0
State: w17, Alice: ['u', 'u'], Bob: ['e1', 'zero'], Long Bob: u, Transform: f5;0.5,0.0,0.5,0.0,0.5,1.0,0.5,1.0,0.0,0.0,0.0,0.0,0.0,0.0,0.0,0.0,1.0,0.0,1.0,0.0,0.0,1.0,0.0,1.0,0.0,0.0,0.0,0.0,0.0,0.0,0.0,0.0
State: w17, Alice: ['u', 'u'], Bob: ['zero', 'e1'], Long Bob: u, Transform: f9;0.0,0.5,0.0,0.5,1.0,0.5,1.0,0.5,0.0,0.0,0.0,0.0,0.0,0.0,0.0,0.0,0.0,1.0,0.0,1.0,1.0,0.0,1.0,0.0,0.0,0.0,0.0,0.0,0.0,0.0,0.0,0.0
State: w17, Alice: ['u', 'u'], Bob: ['e1', 'zero'], Long Bob: u, Transform: f9;0.5,0.0,0.5,0.0,0.5,1.0,0.5,1.0,0.0,0.0,0.0,0.0,0.0,0.0,0.0,0.0,0.0,1.0,0.0,1.0,1.0,0.0,1.0,0.0,0.0,0.0,0.0,0.0,0.0,0.0,0.0,0.0
State: w17, Alice: ['u', 'u'], Bob: ['zero', 'e1'], Long Bob: u, Transform: f13;0.0,0.5,0.0,0.5,1.0,0.5,1.0,0.5,0.0,0.0,0.0,0.0,0.0,0.0,0.0,0.0,0.0,0.0,0.0,0.0,1.0,1.0,1.0,1.0,0.0,0.0,0.0,0.0,0.0,0.0,0.0,0.0
State: w17, Alice: ['u', 'u'], Bob: ['e1', 'zero'], Long Bob: u, Transform: f13;0.5,0.0,0.5,0.0,0.5,1.0,0.5,1.0,0.0,0.0,0.0,0.0,0.0,0.0,0.0,0.0,0.0,0.0,0.0,0.0,1.0,1.0,1.0,1.0,0.0,0.0,0.0,0.0,0.0,0.0,0.0,0.0
State: w17, Alice: ['u', 'u'], Bob: ['zero', 'e1'], Long Bob: e1, Transform: f2;0.0,0.5,0.0,0.5,1.0,0.5,1.0,0.5,0.0,0.0,0.0,0.0,0.0,0.0,0.0,0.0,1.0,0.5,1.0,0.5,0.0,0.5,0.0,0.5,0.0,0.0,0.0,0.0,0.0,0.0,0.0,0.0
State: w17, Alice: ['u', 'u'], Bob: ['e1', 'zero'], Long Bob: e1, Transform: f2;0.5,0.0,0.5,0.0,0.5,1.0,0.5,1.0,0.0,0.0,0.0,0.0,0.0,0.0,0.0,0.0,1.0,0.5,1.0,0.5,0.0,0.5,0.0,0.5,0.0,0.0,0.0,0.0,0.0,0.0,0.0,0.0
State: w17, Alice: ['u', 'u'], Bob: ['zero', 'e1'], Long Bob: e1, Transform: f3;0.0,0.5,0.0,0.5,1.0,0.5,1.0,0.5,0.0,0.0,0.0,0.0,0.0,0.0,0.0,0.0,0.5,1.0,0.5,1.0,0.5,0.0,0.5,0.0,0.0,0.0,0.0,0.0,0.0,0.0,0.0,0.0
State: w17, Alice: ['u', 'u'], Bob: ['e1', 'zero'], Long Bob: e1, Transform: f3;0.5,0.0,0.5,0.0,0.5,1.0,0.5,1.0,0.0,0.0,0.0,0.0,0.0,0.0,0.0,0.0,0.5,1.0,0.5,1.0,0.5,0.0,0.5,0.0,0.0,0.0,0.0,0.0,0.0,0.0,0.0,0.0
State: w17, Alice: ['u', 'u'], Bob: ['zero', 'e1'], Long Bob: e1, Transform: f4;0.0,0.5,0.0,0.5,1.0,0.5,1.0,0.5,0.0,0.0,0.0,0.0,0.0,0.0,0.0,0.0,0.5,0.5,0.5,0.5,0.5,0.5,0.5,0.5,0.0,0.0,0.0,0.0,0.0,0.0,0.0,0.0
State: w17, Alice: ['u', 'u'], Bob: ['e1', 'zero'], Long Bob: e1, Transform: f4;0.5,0.0,0.5,0.0,0.5,1.0,0.5,1.0,0.0,0.0,0.0,0.0,0.0,0.0,0.0,0.0,0.5,0.5,0.5,0.5,0.5,0.5,0.5,0.5,0.0,0.0,0.0,0.0,0.0,0.0,0.0,0.0
State: w17, Alice: ['u', 'u'], Bob: ['zero', 'e1'], Long Bob: e1, Transform: f8;0.0,0.5,0.0,0.5,1.0,0.5,1.0,0.5,0.0,0.0,0.0,0.0,0.0,0.0,0.0,0.0,0.5,0.0,0.5,0.0,0.5,1.0,0.5,1.0,0.0,0.0,0.0,0.0,0.0,0.0,0.0,0.0
State: w17, Alice: ['u', 'u'], Bob: ['e1', 'zero'], Long Bob: e1, Transform: f8;0.5,0.0,0.5,0.0,0.5,1.0,0.5,1.0,0.0,0.0,0.0,0.0,0.0,0.0,0.0,0.0,0.5,0.0,0.5,0.0,0.5,1.0,0.5,1.0,0.0,0.0,0.0,0.0,0.0,0.0,0.0,0.0
State: w17, Alice: ['u', 'u'], Bob: ['zero', 'e1'], Long Bob: e1, Transform: f12;0.0,0.5,0.0,0.5,1.0,0.5,1.0,0.5,0.0,0.0,0.0,0.0,0.0,0.0,0.0,0.0,0.0,0.5,0.0,0.5,1.0,0.5,1.0,0.5,0.0,0.0,0.0,0.0,0.0,0.0,0.0,0.0
State: w17, Alice: ['u', 'u'], Bob: ['e1', 'zero'], Long Bob: e1, Transform: f12;0.5,0.0,0.5,0.0,0.5,1.0,0.5,1.0,0.0,0.0,0.0,0.0,0.0,0.0,0.0,0.0,0.0,0.5,0.0,0.5,1.0,0.5,1.0,0.5,0.0,0.0,0.0,0.0,0.0,0.0,0.0,0.0
State: w17, Alice: ['u', 'u'], Bob: ['e1', 'e1'], Long Bob: u, Transform: f1;0.5,0.5,0.5,0.5,0.5,0.5,0.5,0.5,0.0,0.0,0.0,0.0,0.0,0.0,0.0,0.0,1.0,1.0,1.0,1.0,0.0,0.0,0.0,0.0,0.0,0.0,0.0,0.0,0.0,0.0,0.0,0.0
State: w17, Alice: ['u', 'u'], Bob: ['e1', 'e1'], Long Bob: u, Transform: f5;0.5,0.5,0.5,0.5,0.5,0.5,0.5,0.5,0.0,0.0,0.0,0.0,0.0,0.0,0.0,0.0,1.0,0.0,1.0,0.0,0.0,1.0,0.0,1.0,0.0,0.0,0.0,0.0,0.0,0.0,0.0,0.0
State: w17, Alice: ['u', 'u'], Bob: ['e1', 'e1'], Long Bob: u, Transform: f9;0.5,0.5,0.5,0.5,0.5,0.5,0.5,0.5,0.0,0.0,0.0,0.0,0.0,0.0,0.0,0.0,0.0,1.0,0.0,1.0,1.0,0.0,1.0,0.0,0.0,0.0,0.0,0.0,0.0,0.0,0.0,0.0
State: w17, Alice: ['u', 'u'], Bob: ['e1', 'e1'], Long Bob: u, Transform: f13;0.5,0.5,0.5,0.5,0.5,0.5,0.5,0.5,0.0,0.0,0.0,0.0,0.0,0.0,0.0,0.0,0.0,0.0,0.0,0.0,1.0,1.0,1.0,1.0,0.0,0.0,0.0,0.0,0.0,0.0,0.0,0.0
State: w17, Alice: ['u', 'u'], Bob: ['e1', 'e1'], Long Bob: e1, Transform: f2;0.5,0.5,0.5,0.5,0.5,0.5,0.5,0.5,0.0,0.0,0.0,0.0,0.0,0.0,0.0,0.0,1.0,0.5,1.0,0.5,0.0,0.5,0.0,0.5,0.0,0.0,0.0,0.0,0.0,0.0,0.0,0.0
State: w17, Alice: ['u', 'u'], Bob: ['e1', 'e1'], Long Bob: e1, Transform: f3;0.5,0.5,0.5,0.5,0.5,0.5,0.5,0.5,0.0,0.0,0.0,0.0,0.0,0.0,0.0,0.0,0.5,1.0,0.5,1.0,0.5,0.0,0.5,0.0,0.0,0.0,0.0,0.0,0.0,0.0,0.0,0.0
State: w17, Alice: ['u', 'u'], Bob: ['e1', 'e1'], Long Bob: e1, Transform: f4;0.5,0.5,0.5,0.5,0.5,0.5,0.5,0.5,0.0,0.0,0.0,0.0,0.0,0.0,0.0,0.0,0.5,0.5,0.5,0.5,0.5,0.5,0.5,0.5,0.0,0.0,0.0,0.0,0.0,0.0,0.0,0.0
State: w17, Alice: ['u', 'u'], Bob: ['e1', 'e1'], Long Bob: e1, Transform: f8;0.5,0.5,0.5,0.5,0.5,0.5,0.5,0.5,0.0,0.0,0.0,0.0,0.0,0.0,0.0,0.0,0.5,0.0,0.5,0.0,0.5,1.0,0.5,1.0,0.0,0.0,0.0,0.0,0.0,0.0,0.0,0.0
State: w17, Alice: ['u', 'u'], Bob: ['e1', 'e1'], Long Bob: e1, Transform: f12;0.5,0.5,0.5,0.5,0.5,0.5,0.5,0.5,0.0,0.0,0.0,0.0,0.0,0.0,0.0,0.0,0.0,0.5,0.0,0.5,1.0,0.5,1.0,0.5,0.0,0.0,0.0,0.0,0.0,0.0,0.0,0.0
State: w17, Alice: ['u', 'zero'], Bob: ['u', 'u'], Long Bob: e1, Transform: f2;1.0,1.0,0.0,0.0,0.0,0.0,0.0,0.0,0.0,0.0,1.0,1.0,0.0,0.0,0.0,0.0,1.0,0.5,0.0,0.0,0.0,0.5,0.0,0.0,0.0,0.0,1.0,0.5,0.0,0.0,0.0,0.5
State: w17, Alice: ['zero', 'u'], Bob: ['u', 'u'], Long Bob: e1, Transform: f2;0.0,0.0,1.0,1.0,0.0,0.0,0.0,0.0,1.0,1.0,0.0,0.0,0.0,0.0,0.0,0.0,0.0,0.0,1.0,0.5,0.0,0.0,0.0,0.5,1.0,0.5,0.0,0.0,0.0,0.5,0.0,0.0
State: w17, Alice: ['u', 'zero'], Bob: ['u', 'u'], Long Bob: e1, Transform: f3;1.0,1.0,0.0,0.0,0.0,0.0,0.0,0.0,0.0,0.0,1.0,1.0,0.0,0.0,0.0,0.0,0.5,1.0,0.0,0.0,0.5,0.0,0.0,0.0,0.0,0.0,0.5,1.0,0.0,0.0,0.5,0.0
State: w17, Alice: ['zero', 'u'], Bob: ['u', 'u'], Long Bob: e1, Transform: f3;0.0,0.0,1.0,1.0,0.0,0.0,0.0,0.0,1.0,1.0,0.0,0.0,0.0,0.0,0.0,0.0,0.0,0.0,0.5,1.0,0.0,0.0,0.5,0.0,0.5,1.0,0.0,0.0,0.5,0.0,0.0,0.0
State: w17, Alice: ['u', 'zero'], Bob: ['u', 'u'], Long Bob: e1, Transform: f4;1.0,1.0,0.0,0.0,0.0,0.0,0.0,0.0,0.0,0.0,1.0,1.0,0.0,0.0,0.0,0.0,0.5,0.5,0.0,0.0,0.5,0.5,0.0,0.0,0.0,0.0,0.5,0.5,0.0,0.0,0.5,0.5
State: w17, Alice: ['zero', 'u'], Bob: ['u', 'u'], Long Bob: e1, Transform: f4;0.0,0.0,1.0,1.0,0.0,0.0,0.0,0.0,1.0,1.0,0.0,0.0,0.0,0.0,0.0,0.0,0.0,0.0,0.5,0.5,0.0,0.0,0.5,0.5,0.5,0.5,0.0,0.0,0.5,0.5,0.0,0.0
State: w17, Alice: ['u', 'zero'], Bob: ['u', 'u'], Long Bob: e1, Transform: f8;1.0,1.0,0.0,0.0,0.0,0.0,0.0,0.0,0.0,0.0,1.0,1.0,0.0,0.0,0.0,0.0,0.5,0.0,0.0,0.0,0.5,1.0,0.0,0.0,0.0,0.0,0.5,0.0,0.0,0.0,0.5,1.0
State: w17, Alice: ['zero', 'u'], Bob: ['u', 'u'], Long Bob: e1, Transform: f8;0.0,0.0,1.0,1.0,0.0,0.0,0.0,0.0,1.0,1.0,0.0,0.0,0.0,0.0,0.0,0.0,0.0,0.0,0.5,0.0,0.0,0.0,0.5,1.0,0.5,0.0,0.0,0.0,0.5,1.0,0.0,0.0
State: w17, Alice: ['u', 'zero'], Bob: ['u', 'u'], Long Bob: e1, Transform: f12;1.0,1.0,0.0,0.0,0.0,0.0,0.0,0.0,0.0,0.0,1.0,1.0,0.0,0.0,0.0,0.0,0.0,0.5,0.0,0.0,1.0,0.5,0.0,0.0,0.0,0.0,0.0,0.5,0.0,0.0,1.0,0.5
State: w17, Alice: ['zero', 'u'], Bob: ['u', 'u'], Long Bob: e1, Transform: f12;0.0,0.0,1.0,1.0,0.0,0.0,0.0,0.0,1.0,1.0,0.0,0.0,0.0,0.0,0.0,0.0,0.0,0.0,0.0,0.5,0.0,0.0,1.0,0.5,0.0,0.5,0.0,0.0,1.0,0.5,0.0,0.0
State: w17, Alice: ['u', 'zero'], Bob: ['u', 'zero'], Long Bob: e1, Transform: f2;1.0,0.0,0.0,0.0,0.0,1.0,0.0,0.0,0.0,0.0,1.0,0.0,0.0,0.0,0.0,1.0,1.0,0.5,0.0,0.0,0.0,0.5,0.0,0.0,0.0,0.0,1.0,0.5,0.0,0.0,0.0,0.5
State: w17, Alice: ['u', 'zero'], Bob: ['zero', 'u'], Long Bob: e1, Transform: f2;0.0,1.0,0.0,0.0,1.0,0.0,0.0,0.0,0.0,0.0,0.0,1.0,0.0,0.0,1.0,0.0,1.0,0.5,0.0,0.0,0.0,0.5,0.0,0.0,0.0,0.0,1.0,0.5,0.0,0.0,0.0,0.5
State: w17, Alice: ['zero', 'u'], Bob: ['u', 'zero'], Long Bob: e1, Transform: f2;0.0,0.0,1.0,0.0,0.0,0.0,0.0,1.0,1.0,0.0,0.0,0.0,0.0,1.0,0.0,0.0,0.0,0.0,1.0,0.5,0.0,0.0,0.0,0.5,1.0,0.5,0.0,0.0,0.0,0.5,0.0,0.0
State: w17, Alice: ['zero', 'u'], Bob: ['zero', 'u'], Long Bob: e1, Transform: f2;0.0,0.0,0.0,1.0,0.0,0.0,1.0,0.0,0.0,1.0,0.0,0.0,1.0,0.0,0.0,0.0,0.0,0.0,1.0,0.5,0.0,0.0,0.0,0.5,1.0,0.5,0.0,0.0,0.0,0.5,0.0,0.0
State: w17, Alice: ['u', 'zero'], Bob: ['u', 'zero'], Long Bob: e1, Transform: f3;1.0,0.0,0.0,0.0,0.0,1.0,0.0,0.0,0.0,0.0,1.0,0.0,0.0,0.0,0.0,1.0,0.5,1.0,0.0,0.0,0.5,0.0,0.0,0.0,0.0,0.0,0.5,1.0,0.0,0.0,0.5,0.0
State: w17, Alice: ['u', 'zero'], Bob: ['zero', 'u'], Long Bob: e1, Transform: f3;0.0,1.0,0.0,0.0,1.0,0.0,0.0,0.0,0.0,0.0,0.0,1.0,0.0,0.0,1.0,0.0,0.5,1.0,0.0,0.0,0.5,0.0,0.0,0.0,0.0,0.0,0.5,1.0,0.0,0.0,0.5,0.0
State: w17, Alice: ['zero', 'u'], Bob: ['u', 'zero'], Long Bob: e1, Transform: f3;0.0,0.0,1.0,0.0,0.0,0.0,0.0,1.0,1.0,0.0,0.0,0.0,0.0,1.0,0.0,0.0,0.0,0.0,0.5,1.0,0.0,0.0,0.5,0.0,0.5,1.0,0.0,0.0,0.5,0.0,0.0,0.0
State: w17, Alice: ['zero', 'u'], Bob: ['zero', 'u'], Long Bob: e1, Transform: f3;0.0,0.0,0.0,1.0,0.0,0.0,1.0,0.0,0.0,1.0,0.0,0.0,1.0,0.0,0.0,0.0,0.0,0.0,0.5,1.0,0.0,0.0,0.5,0.0,0.5,1.0,0.0,0.0,0.5,0.0,0.0,0.0
State: w17, Alice: ['u', 'zero'], Bob: ['u', 'zero'], Long Bob: e1, Transform: f4;1.0,0.0,0.0,0.0,0.0,1.0,0.0,0.0,0.0,0.0,1.0,0.0,0.0,0.0,0.0,1.0,0.5,0.5,0.0,0.0,0.5,0.5,0.0,0.0,0.0,0.0,0.5,0.5,0.0,0.0,0.5,0.5
State: w17, Alice: ['u', 'zero'], Bob: ['zero', 'u'], Long Bob: e1, Transform: f4;0.0,1.0,0.0,0.0,1.0,0.0,0.0,0.0,0.0,0.0,0.0,1.0,0.0,0.0,1.0,0.0,0.5,0.5,0.0,0.0,0.5,0.5,0.0,0.0,0.0,0.0,0.5,0.5,0.0,0.0,0.5,0.5
State: w17, Alice: ['zero', 'u'], Bob: ['u', 'zero'], Long Bob: e1, Transform: f4;0.0,0.0,1.0,0.0,0.0,0.0,0.0,1.0,1.0,0.0,0.0,0.0,0.0,1.0,0.0,0.0,0.0,0.0,0.5,0.5,0.0,0.0,0.5,0.5,0.5,0.5,0.0,0.0,0.5,0.5,0.0,0.0
State: w17, Alice: ['zero', 'u'], Bob: ['zero', 'u'], Long Bob: e1, Transform: f4;0.0,0.0,0.0,1.0,0.0,0.0,1.0,0.0,0.0,1.0,0.0,0.0,1.0,0.0,0.0,0.0,0.0,0.0,0.5,0.5,0.0,0.0,0.5,0.5,0.5,0.5,0.0,0.0,0.5,0.5,0.0,0.0
State: w17, Alice: ['u', 'zero'], Bob: ['u', 'zero'], Long Bob: e1, Transform: f8;1.0,0.0,0.0,0.0,0.0,1.0,0.0,0.0,0.0,0.0,1.0,0.0,0.0,0.0,0.0,1.0,0.5,0.0,0.0,0.0,0.5,1.0,0.0,0.0,0.0,0.0,0.5,0.0,0.0,0.0,0.5,1.0
State: w17, Alice: ['u', 'zero'], Bob: ['zero', 'u'], Long Bob: e1, Transform: f8;0.0,1.0,0.0,0.0,1.0,0.0,0.0,0.0,0.0,0.0,0.0,1.0,0.0,0.0,1.0,0.0,0.5,0.0,0.0,0.0,0.5,1.0,0.0,0.0,0.0,0.0,0.5,0.0,0.0,0.0,0.5,1.0
State: w17, Alice: ['zero', 'u'], Bob: ['u', 'zero'], Long Bob: e1, Transform: f8;0.0,0.0,1.0,0.0,0.0,0.0,0.0,1.0,1.0,0.0,0.0,0.0,0.0,1.0,0.0,0.0,0.0,0.0,0.5,0.0,0.0,0.0,0.5,1.0,0.5,0.0,0.0,0.0,0.5,1.0,0.0,0.0
State: w17, Alice: ['zero', 'u'], Bob: ['zero', 'u'], Long Bob: e1, Transform: f8;0.0,0.0,0.0,1.0,0.0,0.0,1.0,0.0,0.0,1.0,0.0,0.0,1.0,0.0,0.0,0.0,0.0,0.0,0.5,0.0,0.0,0.0,0.5,1.0,0.5,0.0,0.0,0.0,0.5,1.0,0.0,0.0
State: w17, Alice: ['u', 'zero'], Bob: ['u', 'zero'], Long Bob: e1, Transform: f12;1.0,0.0,0.0,0.0,0.0,1.0,0.0,0.0,0.0,0.0,1.0,0.0,0.0,0.0,0.0,1.0,0.0,0.5,0.0,0.0,1.0,0.5,0.0,0.0,0.0,0.0,0.0,0.5,0.0,0.0,1.0,0.5
State: w17, Alice: ['u', 'zero'], Bob: ['zero', 'u'], Long Bob: e1, Transform: f12;0.0,1.0,0.0,0.0,1.0,0.0,0.0,0.0,0.0,0.0,0.0,1.0,0.0,0.0,1.0,0.0,0.0,0.5,0.0,0.0,1.0,0.5,0.0,0.0,0.0,0.0,0.0,0.5,0.0,0.0,1.0,0.5
State: w17, Alice: ['zero', 'u'], Bob: ['u', 'zero'], Long Bob: e1, Transform: f12;0.0,0.0,1.0,0.0,0.0,0.0,0.0,1.0,1.0,0.0,0.0,0.0,0.0,1.0,0.0,0.0,0.0,0.0,0.0,0.5,0.0,0.0,1.0,0.5,0.0,0.5,0.0,0.0,1.0,0.5,0.0,0.0
State: w17, Alice: ['zero', 'u'], Bob: ['zero', 'u'], Long Bob: e1, Transform: f12;0.0,0.0,0.0,1.0,0.0,0.0,1.0,0.0,0.0,1.0,0.0,0.0,1.0,0.0,0.0,0.0,0.0,0.0,0.0,0.5,0.0,0.0,1.0,0.5,0.0,0.5,0.0,0.0,1.0,0.5,0.0,0.0
State: w17, Alice: ['u', 'zero'], Bob: ['u', 'e1'], Long Bob: u, Transform: f1;1.0,0.5,0.0,0.0,0.0,0.5,0.0,0.0,0.0,0.0,1.0,0.5,0.0,0.0,0.0,0.5,1.0,1.0,0.0,0.0,0.0,0.0,0.0,0.0,0.0,0.0,1.0,1.0,0.0,0.0,0.0,0.0
State: w17, Alice: ['u', 'zero'], Bob: ['e1', 'u'], Long Bob: u, Transform: f1;0.5,1.0,0.0,0.0,0.5,0.0,0.0,0.0,0.0,0.0,0.5,1.0,0.0,0.0,0.5,0.0,1.0,1.0,0.0,0.0,0.0,0.0,0.0,0.0,0.0,0.0,1.0,1.0,0.0,0.0,0.0,0.0
State: w17, Alice: ['zero', 'u'], Bob: ['u', 'e1'], Long Bob: u, Transform: f1;0.0,0.0,1.0,0.5,0.0,0.0,0.0,0.5,1.0,0.5,0.0,0.0,0.0,0.5,0.0,0.0,0.0,0.0,1.0,1.0,0.0,0.0,0.0,0.0,1.0,1.0,0.0,0.0,0.0,0.0,0.0,0.0
State: w17, Alice: ['zero', 'u'], Bob: ['e1', 'u'], Long Bob: u, Transform: f1;0.0,0.0,0.5,1.0,0.0,0.0,0.5,0.0,0.5,1.0,0.0,0.0,0.5,0.0,0.0,0.0,0.0,0.0,1.0,1.0,0.0,0.0,0.0,0.0,1.0,1.0,0.0,0.0,0.0,0.0,0.0,0.0
State: w17, Alice: ['u', 'zero'], Bob: ['u', 'e1'], Long Bob: u, Transform: f5;1.0,0.5,0.0,0.0,0.0,0.5,0.0,0.0,0.0,0.0,1.0,0.5,0.0,0.0,0.0,0.5,1.0,0.0,0.0,0.0,0.0,1.0,0.0,0.0,0.0,0.0,1.0,0.0,0.0,0.0,0.0,1.0
State: w17, Alice: ['u', 'zero'], Bob: ['e1', 'u'], Long Bob: u, Transform: f5;0.5,1.0,0.0,0.0,0.5,0.0,0.0,0.0,0.0,0.0,0.5,1.0,0.0,0.0,0.5,0.0,1.0,0.0,0.0,0.0,0.0,1.0,0.0,0.0,0.0,0.0,1.0,0.0,0.0,0.0,0.0,1.0
State: w17, Alice: ['zero', 'u'], Bob: ['u', 'e1'], Long Bob: u, Transform: f5;0.0,0.0,1.0,0.5,0.0,0.0,0.0,0.5,1.0,0.5,0.0,0.0,0.0,0.5,0.0,0.0,0.0,0.0,1.0,0.0,0.0,0.0,0.0,1.0,1.0,0.0,0.0,0.0,0.0,1.0,0.0,0.0
State: w17, Alice: ['zero', 'u'], Bob: ['e1', 'u'], Long Bob: u, Transform: f5;0.0,0.0,0.5,1.0,0.0,0.0,0.5,0.0,0.5,1.0,0.0,0.0,0.5,0.0,0.0,0.0,0.0,0.0,1.0,0.0,0.0,0.0,0.0,1.0,1.0,0.0,0.0,0.0,0.0,1.0,0.0,0.0
State: w17, Alice: ['u', 'zero'], Bob: ['u', 'e1'], Long Bob: u, Transform: f9;1.0,0.5,0.0,0.0,0.0,0.5,0.0,0.0,0.0,0.0,1.0,0.5,0.0,0.0,0.0,0.5,0.0,1.0,0.0,0.0,1.0,0.0,0.0,0.0,0.0,0.0,0.0,1.0,0.0,0.0,1.0,0.0
State: w17, Alice: ['u', 'zero'], Bob: ['e1', 'u'], Long Bob: u, Transform: f9;0.5,1.0,0.0,0.0,0.5,0.0,0.0,0.0,0.0,0.0,0.5,1.0,0.0,0.0,0.5,0.0,0.0,1.0,0.0,0.0,1.0,0.0,0.0,0.0,0.0,0.0,0.0,1.0,0.0,0.0,1.0,0.0
State: w17, Alice: ['zero', 'u'], Bob: ['u', 'e1'], Long Bob: u, Transform: f9;0.0,0.0,1.0,0.5,0.0,0.0,0.0,0.5,1.0,0.5,0.0,0.0,0.0,0.5,0.0,0.0,0.0,0.0,0.0,1.0,0.0,0.0,1.0,0.0,0.0,1.0,0.0,0.0,1.0,0.0,0.0,0.0
State: w17, Alice: ['zero', 'u'], Bob: ['e1', 'u'], Long Bob: u, Transform: f9;0.0,0.0,0.5,1.0,0.0,0.0,0.5,0.0,0.5,1.0,0.0,0.0,0.5,0.0,0.0,0.0,0.0,0.0,0.0,1.0,0.0,0.0,1.0,0.0,0.0,1.0,0.0,0.0,1.0,0.0,0.0,0.0
State: w17, Alice: ['u', 'zero'], Bob: ['u', 'e1'], Long Bob: u, Transform: f13;1.0,0.5,0.0,0.0,0.0,0.5,0.0,0.0,0.0,0.0,1.0,0.5,0.0,0.0,0.0,0.5,0.0,0.0,0.0,0.0,1.0,1.0,0.0,0.0,0.0,0.0,0.0,0.0,0.0,0.0,1.0,1.0
State: w17, Alice: ['u', 'zero'], Bob: ['e1', 'u'], Long Bob: u, Transform: f13;0.5,1.0,0.0,0.0,0.5,0.0,0.0,0.0,0.0,0.0,0.5,1.0,0.0,0.0,0.5,0.0,0.0,0.0,0.0,0.0,1.0,1.0,0.0,0.0,0.0,0.0,0.0,0.0,0.0,0.0,1.0,1.0
State: w17, Alice: ['zero', 'u'], Bob: ['u', 'e1'], Long Bob: u, Transform: f13;0.0,0.0,1.0,0.5,0.0,0.0,0.0,0.5,1.0,0.5,0.0,0.0,0.0,0.5,0.0,0.0,0.0,0.0,0.0,0.0,0.0,0.0,1.0,1.0,0.0,0.0,0.0,0.0,1.0,1.0,0.0,0.0
State: w17, Alice: ['zero', 'u'], Bob: ['e1', 'u'], Long Bob: u, Transform: f13;0.0,0.0,0.5,1.0,0.0,0.0,0.5,0.0,0.5,1.0,0.0,0.0,0.5,0.0,0.0,0.0,0.0,0.0,0.0,0.0,0.0,0.0,1.0,1.0,0.0,0.0,0.0,0.0,1.0,1.0,0.0,0.0
State: w17, Alice: ['u', 'zero'], Bob: ['u', 'e1'], Long Bob: e1, Transform: f2;1.0,0.5,0.0,0.0,0.0,0.5,0.0,0.0,0.0,0.0,1.0,0.5,0.0,0.0,0.0,0.5,1.0,0.5,0.0,0.0,0.0,0.5,0.0,0.0,0.0,0.0,1.0,0.5,0.0,0.0,0.0,0.5
State: w17, Alice: ['u', 'zero'], Bob: ['e1', 'u'], Long Bob: e1, Transform: f2;0.5,1.0,0.0,0.0,0.5,0.0,0.0,0.0,0.0,0.0,0.5,1.0,0.0,0.0,0.5,0.0,1.0,0.5,0.0,0.0,0.0,0.5,0.0,0.0,0.0,0.0,1.0,0.5,0.0,0.0,0.0,0.5
State: w17, Alice: ['zero', 'u'], Bob: ['u', 'e1'], Long Bob: e1, Transform: f2;0.0,0.0,1.0,0.5,0.0,0.0,0.0,0.5,1.0,0.5,0.0,0.0,0.0,0.5,0.0,0.0,0.0,0.0,1.0,0.5,0.0,0.0,0.0,0.5,1.0,0.5,0.0,0.0,0.0,0.5,0.0,0.0
State: w17, Alice: ['zero', 'u'], Bob: ['e1', 'u'], Long Bob: e1, Transform: f2;0.0,0.0,0.5,1.0,0.0,0.0,0.5,0.0,0.5,1.0,0.0,0.0,0.5,0.0,0.0,0.0,0.0,0.0,1.0,0.5,0.0,0.0,0.0,0.5,1.0,0.5,0.0,0.0,0.0,0.5,0.0,0.0
State: w17, Alice: ['u', 'zero'], Bob: ['u', 'e1'], Long Bob: e1, Transform: f3;1.0,0.5,0.0,0.0,0.0,0.5,0.0,0.0,0.0,0.0,1.0,0.5,0.0,0.0,0.0,0.5,0.5,1.0,0.0,0.0,0.5,0.0,0.0,0.0,0.0,0.0,0.5,1.0,0.0,0.0,0.5,0.0
State: w17, Alice: ['u', 'zero'], Bob: ['e1', 'u'], Long Bob: e1, Transform: f3;0.5,1.0,0.0,0.0,0.5,0.0,0.0,0.0,0.0,0.0,0.5,1.0,0.0,0.0,0.5,0.0,0.5,1.0,0.0,0.0,0.5,0.0,0.0,0.0,0.0,0.0,0.5,1.0,0.0,0.0,0.5,0.0
State: w17, Alice: ['zero', 'u'], Bob: ['u', 'e1'], Long Bob: e1, Transform: f3;0.0,0.0,1.0,0.5,0.0,0.0,0.0,0.5,1.0,0.5,0.0,0.0,0.0,0.5,0.0,0.0,0.0,0.0,0.5,1.0,0.0,0.0,0.5,0.0,0.5,1.0,0.0,0.0,0.5,0.0,0.0,0.0
State: w17, Alice: ['zero', 'u'], Bob: ['e1', 'u'], Long Bob: e1, Transform: f3;0.0,0.0,0.5,1.0,0.0,0.0,0.5,0.0,0.5,1.0,0.0,0.0,0.5,0.0,0.0,0.0,0.0,0.0,0.5,1.0,0.0,0.0,0.5,0.0,0.5,1.0,0.0,0.0,0.5,0.0,0.0,0.0
State: w17, Alice: ['u', 'zero'], Bob: ['u', 'e1'], Long Bob: e1, Transform: f4;1.0,0.5,0.0,0.0,0.0,0.5,0.0,0.0,0.0,0.0,1.0,0.5,0.0,0.0,0.0,0.5,0.5,0.5,0.0,0.0,0.5,0.5,0.0,0.0,0.0,0.0,0.5,0.5,0.0,0.0,0.5,0.5
State: w17, Alice: ['u', 'zero'], Bob: ['e1', 'u'], Long Bob: e1, Transform: f4;0.5,1.0,0.0,0.0,0.5,0.0,0.0,0.0,0.0,0.0,0.5,1.0,0.0,0.0,0.5,0.0,0.5,0.5,0.0,0.0,0.5,0.5,0.0,0.0,0.0,0.0,0.5,0.5,0.0,0.0,0.5,0.5
State: w17, Alice: ['zero', 'u'], Bob: ['u', 'e1'], Long Bob: e1, Transform: f4;0.0,0.0,1.0,0.5,0.0,0.0,0.0,0.5,1.0,0.5,0.0,0.0,0.0,0.5,0.0,0.0,0.0,0.0,0.5,0.5,0.0,0.0,0.5,0.5,0.5,0.5,0.0,0.0,0.5,0.5,0.0,0.0
State: w17, Alice: ['zero', 'u'], Bob: ['e1', 'u'], Long Bob: e1, Transform: f4;0.0,0.0,0.5,1.0,0.0,0.0,0.5,0.0,0.5,1.0,0.0,0.0,0.5,0.0,0.0,0.0,0.0,0.0,0.5,0.5,0.0,0.0,0.5,0.5,0.5,0.5,0.0,0.0,0.5,0.5,0.0,0.0
State: w17, Alice: ['u', 'zero'], Bob: ['u', 'e1'], Long Bob: e1, Transform: f8;1.0,0.5,0.0,0.0,0.0,0.5,0.0,0.0,0.0,0.0,1.0,0.5,0.0,0.0,0.0,0.5,0.5,0.0,0.0,0.0,0.5,1.0,0.0,0.0,0.0,0.0,0.5,0.0,0.0,0.0,0.5,1.0
State: w17, Alice: ['u', 'zero'], Bob: ['e1', 'u'], Long Bob: e1, Transform: f8;0.5,1.0,0.0,0.0,0.5,0.0,0.0,0.0,0.0,0.0,0.5,1.0,0.0,0.0,0.5,0.0,0.5,0.0,0.0,0.0,0.5,1.0,0.0,0.0,0.0,0.0,0.5,0.0,0.0,0.0,0.5,1.0
State: w17, Alice: ['zero', 'u'], Bob: ['u', 'e1'], Long Bob: e1, Transform: f8;0.0,0.0,1.0,0.5,0.0,0.0,0.0,0.5,1.0,0.5,0.0,0.0,0.0,0.5,0.0,0.0,0.0,0.0,0.5,0.0,0.0,0.0,0.5,1.0,0.5,0.0,0.0,0.0,0.5,1.0,0.0,0.0
State: w17, Alice: ['zero', 'u'], Bob: ['e1', 'u'], Long Bob: e1, Transform: f8;0.0,0.0,0.5,1.0,0.0,0.0,0.5,0.0,0.5,1.0,0.0,0.0,0.5,0.0,0.0,0.0,0.0,0.0,0.5,0.0,0.0,0.0,0.5,1.0,0.5,0.0,0.0,0.0,0.5,1.0,0.0,0.0
State: w17, Alice: ['u', 'zero'], Bob: ['u', 'e1'], Long Bob: e1, Transform: f12;1.0,0.5,0.0,0.0,0.0,0.5,0.0,0.0,0.0,0.0,1.0,0.5,0.0,0.0,0.0,0.5,0.0,0.5,0.0,0.0,1.0,0.5,0.0,0.0,0.0,0.0,0.0,0.5,0.0,0.0,1.0,0.5
State: w17, Alice: ['u', 'zero'], Bob: ['e1', 'u'], Long Bob: e1, Transform: f12;0.5,1.0,0.0,0.0,0.5,0.0,0.0,0.0,0.0,0.0,0.5,1.0,0.0,0.0,0.5,0.0,0.0,0.5,0.0,0.0,1.0,0.5,0.0,0.0,0.0,0.0,0.0,0.5,0.0,0.0,1.0,0.5
State: w17, Alice: ['zero', 'u'], Bob: ['u', 'e1'], Long Bob: e1, Transform: f12;0.0,0.0,1.0,0.5,0.0,0.0,0.0,0.5,1.0,0.5,0.0,0.0,0.0,0.5,0.0,0.0,0.0,0.0,0.0,0.5,0.0,0.0,1.0,0.5,0.0,0.5,0.0,0.0,1.0,0.5,0.0,0.0
State: w17, Alice: ['zero', 'u'], Bob: ['e1', 'u'], Long Bob: e1, Transform: f12;0.0,0.0,0.5,1.0,0.0,0.0,0.5,0.0,0.5,1.0,0.0,0.0,0.5,0.0,0.0,0.0,0.0,0.0,0.0,0.5,0.0,0.0,1.0,0.5,0.0,0.5,0.0,0.0,1.0,0.5,0.0,0.0
State: w17, Alice: ['u', 'zero'], Bob: ['zero', 'zero'], Long Bob: e1, Transform: f2;0.0,0.0,0.0,0.0,1.0,1.0,0.0,0.0,0.0,0.0,0.0,0.0,0.0,0.0,1.0,1.0,1.0,0.5,0.0,0.0,0.0,0.5,0.0,0.0,0.0,0.0,1.0,0.5,0.0,0.0,0.0,0.5
State: w17, Alice: ['zero', 'u'], Bob: ['zero', 'zero'], Long Bob: e1, Transform: f2;0.0,0.0,0.0,0.0,0.0,0.0,1.0,1.0,0.0,0.0,0.0,0.0,1.0,1.0,0.0,0.0,0.0,0.0,1.0,0.5,0.0,0.0,0.0,0.5,1.0,0.5,0.0,0.0,0.0,0.5,0.0,0.0
State: w17, Alice: ['u', 'zero'], Bob: ['zero', 'zero'], Long Bob: e1, Transform: f3;0.0,0.0,0.0,0.0,1.0,1.0,0.0,0.0,0.0,0.0,0.0,0.0,0.0,0.0,1.0,1.0,0.5,1.0,0.0,0.0,0.5,0.0,0.0,0.0,0.0,0.0,0.5,1.0,0.0,0.0,0.5,0.0
State: w17, Alice: ['zero', 'u'], Bob: ['zero', 'zero'], Long Bob: e1, Transform: f3;0.0,0.0,0.0,0.0,0.0,0.0,1.0,1.0,0.0,0.0,0.0,0.0,1.0,1.0,0.0,0.0,0.0,0.0,0.5,1.0,0.0,0.0,0.5,0.0,0.5,1.0,0.0,0.0,0.5,0.0,0.0,0.0
State: w17, Alice: ['u', 'zero'], Bob: ['zero', 'zero'], Long Bob: e1, Transform: f4;0.0,0.0,0.0,0.0,1.0,1.0,0.0,0.0,0.0,0.0,0.0,0.0,0.0,0.0,1.0,1.0,0.5,0.5,0.0,0.0,0.5,0.5,0.0,0.0,0.0,0.0,0.5,0.5,0.0,0.0,0.5,0.5
State: w17, Alice: ['zero', 'u'], Bob: ['zero', 'zero'], Long Bob: e1, Transform: f4;0.0,0.0,0.0,0.0,0.0,0.0,1.0,1.0,0.0,0.0,0.0,0.0,1.0,1.0,0.0,0.0,0.0,0.0,0.5,0.5,0.0,0.0,0.5,0.5,0.5,0.5,0.0,0.0,0.5,0.5,0.0,0.0
State: w17, Alice: ['u', 'zero'], Bob: ['zero', 'zero'], Long Bob: e1, Transform: f8;0.0,0.0,0.0,0.0,1.0,1.0,0.0,0.0,0.0,0.0,0.0,0.0,0.0,0.0,1.0,1.0,0.5,0.0,0.0,0.0,0.5,1.0,0.0,0.0,0.0,0.0,0.5,0.0,0.0,0.0,0.5,1.0
State: w17, Alice: ['zero', 'u'], Bob: ['zero', 'zero'], Long Bob: e1, Transform: f8;0.0,0.0,0.0,0.0,0.0,0.0,1.0,1.0,0.0,0.0,0.0,0.0,1.0,1.0,0.0,0.0,0.0,0.0,0.5,0.0,0.0,0.0,0.5,1.0,0.5,0.0,0.0,0.0,0.5,1.0,0.0,0.0
State: w17, Alice: ['u', 'zero'], Bob: ['zero', 'zero'], Long Bob: e1, Transform: f12;0.0,0.0,0.0,0.0,1.0,1.0,0.0,0.0,0.0,0.0,0.0,0.0,0.0,0.0,1.0,1.0,0.0,0.5,0.0,0.0,1.0,0.5,0.0,0.0,0.0,0.0,0.0,0.5,0.0,0.0,1.0,0.5
State: w17, Alice: ['zero', 'u'], Bob: ['zero', 'zero'], Long Bob: e1, Transform: f12;0.0,0.0,0.0,0.0,0.0,0.0,1.0,1.0,0.0,0.0,0.0,0.0,1.0,1.0,0.0,0.0,0.0,0.0,0.0,0.5,0.0,0.0,1.0,0.5,0.0,0.5,0.0,0.0,1.0,0.5,0.0,0.0
State: w17, Alice: ['u', 'zero'], Bob: ['zero', 'e1'], Long Bob: u, Transform: f1;0.0,0.5,0.0,0.0,1.0,0.5,0.0,0.0,0.0,0.0,0.0,0.5,0.0,0.0,1.0,0.5,1.0,1.0,0.0,0.0,0.0,0.0,0.0,0.0,0.0,0.0,1.0,1.0,0.0,0.0,0.0,0.0
State: w17, Alice: ['u', 'zero'], Bob: ['e1', 'zero'], Long Bob: u, Transform: f1;0.5,0.0,0.0,0.0,0.5,1.0,0.0,0.0,0.0,0.0,0.5,0.0,0.0,0.0,0.5,1.0,1.0,1.0,0.0,0.0,0.0,0.0,0.0,0.0,0.0,0.0,1.0,1.0,0.0,0.0,0.0,0.0
State: w17, Alice: ['zero', 'u'], Bob: ['zero', 'e1'], Long Bob: u, Transform: f1;0.0,0.0,0.0,0.5,0.0,0.0,1.0,0.5,0.0,0.5,0.0,0.0,1.0,0.5,0.0,0.0,0.0,0.0,1.0,1.0,0.0,0.0,0.0,0.0,1.0,1.0,0.0,0.0,0.0,0.0,0.0,0.0
State: w17, Alice: ['zero', 'u'], Bob: ['e1', 'zero'], Long Bob: u, Transform: f1;0.0,0.0,0.5,0.0,0.0,0.0,0.5,1.0,0.5,0.0,0.0,0.0,0.5,1.0,0.0,0.0,0.0,0.0,1.0,1.0,0.0,0.0,0.0,0.0,1.0,1.0,0.0,0.0,0.0,0.0,0.0,0.0
State: w17, Alice: ['u', 'zero'], Bob: ['zero', 'e1'], Long Bob: u, Transform: f5;0.0,0.5,0.0,0.0,1.0,0.5,0.0,0.0,0.0,0.0,0.0,0.5,0.0,0.0,1.0,0.5,1.0,0.0,0.0,0.0,0.0,1.0,0.0,0.0,0.0,0.0,1.0,0.0,0.0,0.0,0.0,1.0
State: w17, Alice: ['u', 'zero'], Bob: ['e1', 'zero'], Long Bob: u, Transform: f5;0.5,0.0,0.0,0.0,0.5,1.0,0.0,0.0,0.0,0.0,0.5,0.0,0.0,0.0,0.5,1.0,1.0,0.0,0.0,0.0,0.0,1.0,0.0,0.0,0.0,0.0,1.0,0.0,0.0,0.0,0.0,1.0
State: w17, Alice: ['zero', 'u'], Bob: ['zero', 'e1'], Long Bob: u, Transform: f5;0.0,0.0,0.0,0.5,0.0,0.0,1.0,0.5,0.0,0.5,0.0,0.0,1.0,0.5,0.0,0.0,0.0,0.0,1.0,0.0,0.0,0.0,0.0,1.0,1.0,0.0,0.0,0.0,0.0,1.0,0.0,0.0
State: w17, Alice: ['zero', 'u'], Bob: ['e1', 'zero'], Long Bob: u, Transform: f5;0.0,0.0,0.5,0.0,0.0,0.0,0.5,1.0,0.5,0.0,0.0,0.0,0.5,1.0,0.0,0.0,0.0,0.0,1.0,0.0,0.0,0.0,0.0,1.0,1.0,0.0,0.0,0.0,0.0,1.0,0.0,0.0
State: w17, Alice: ['u', 'zero'], Bob: ['zero', 'e1'], Long Bob: u, Transform: f9;0.0,0.5,0.0,0.0,1.0,0.5,0.0,0.0,0.0,0.0,0.0,0.5,0.0,0.0,1.0,0.5,0.0,1.0,0.0,0.0,1.0,0.0,0.0,0.0,0.0,0.0,0.0,1.0,0.0,0.0,1.0,0.0
State: w17, Alice: ['u', 'zero'], Bob: ['e1', 'zero'], Long Bob: u, Transform: f9;0.5,0.0,0.0,0.0,0.5,1.0,0.0,0.0,0.0,0.0,0.5,0.0,0.0,0.0,0.5,1.0,0.0,1.0,0.0,0.0,1.0,0.0,0.0,0.0,0.0,0.0,0.0,1.0,0.0,0.0,1.0,0.0
State: w17, Alice: ['zero', 'u'], Bob: ['zero', 'e1'], Long Bob: u, Transform: f9;0.0,0.0,0.0,0.5,0.0,0.0,1.0,0.5,0.0,0.5,0.0,0.0,1.0,0.5,0.0,0.0,0.0,0.0,0.0,1.0,0.0,0.0,1.0,0.0,0.0,1.0,0.0,0.0,1.0,0.0,0.0,0.0
State: w17, Alice: ['zero', 'u'], Bob: ['e1', 'zero'], Long Bob: u, Transform: f9;0.0,0.0,0.5,0.0,0.0,0.0,0.5,1.0,0.5,0.0,0.0,0.0,0.5,1.0,0.0,0.0,0.0,0.0,0.0,1.0,0.0,0.0,1.0,0.0,0.0,1.0,0.0,0.0,1.0,0.0,0.0,0.0
State: w17, Alice: ['u', 'zero'], Bob: ['zero', 'e1'], Long Bob: u, Transform: f13;0.0,0.5,0.0,0.0,1.0,0.5,0.0,0.0,0.0,0.0,0.0,0.5,0.0,0.0,1.0,0.5,0.0,0.0,0.0,0.0,1.0,1.0,0.0,0.0,0.0,0.0,0.0,0.0,0.0,0.0,1.0,1.0
State: w17, Alice: ['u', 'zero'], Bob: ['e1', 'zero'], Long Bob: u, Transform: f13;0.5,0.0,0.0,0.0,0.5,1.0,0.0,0.0,0.0,0.0,0.5,0.0,0.0,0.0,0.5,1.0,0.0,0.0,0.0,0.0,1.0,1.0,0.0,0.0,0.0,0.0,0.0,0.0,0.0,0.0,1.0,1.0
State: w17, Alice: ['zero', 'u'], Bob: ['zero', 'e1'], Long Bob: u, Transform: f13;0.0,0.0,0.0,0.5,0.0,0.0,1.0,0.5,0.0,0.5,0.0,0.0,1.0,0.5,0.0,0.0,0.0,0.0,0.0,0.0,0.0,0.0,1.0,1.0,0.0,0.0,0.0,0.0,1.0,1.0,0.0,0.0
State: w17, Alice: ['zero', 'u'], Bob: ['e1', 'zero'], Long Bob: u, Transform: f13;0.0,0.0,0.5,0.0,0.0,0.0,0.5,1.0,0.5,0.0,0.0,0.0,0.5,1.0,0.0,0.0,0.0,0.0,0.0,0.0,0.0,0.0,1.0,1.0,0.0,0.0,0.0,0.0,1.0,1.0,0.0,0.0
State: w17, Alice: ['u', 'zero'], Bob: ['zero', 'e1'], Long Bob: e1, Transform: f2;0.0,0.5,0.0,0.0,1.0,0.5,0.0,0.0,0.0,0.0,0.0,0.5,0.0,0.0,1.0,0.5,1.0,0.5,0.0,0.0,0.0,0.5,0.0,0.0,0.0,0.0,1.0,0.5,0.0,0.0,0.0,0.5
State: w17, Alice: ['u', 'zero'], Bob: ['e1', 'zero'], Long Bob: e1, Transform: f2;0.5,0.0,0.0,0.0,0.5,1.0,0.0,0.0,0.0,0.0,0.5,0.0,0.0,0.0,0.5,1.0,1.0,0.5,0.0,0.0,0.0,0.5,0.0,0.0,0.0,0.0,1.0,0.5,0.0,0.0,0.0,0.5
State: w17, Alice: ['zero', 'u'], Bob: ['zero', 'e1'], Long Bob: e1, Transform: f2;0.0,0.0,0.0,0.5,0.0,0.0,1.0,0.5,0.0,0.5,0.0,0.0,1.0,0.5,0.0,0.0,0.0,0.0,1.0,0.5,0.0,0.0,0.0,0.5,1.0,0.5,0.0,0.0,0.0,0.5,0.0,0.0
State: w17, Alice: ['zero', 'u'], Bob: ['e1', 'zero'], Long Bob: e1, Transform: f2;0.0,0.0,0.5,0.0,0.0,0.0,0.5,1.0,0.5,0.0,0.0,0.0,0.5,1.0,0.0,0.0,0.0,0.0,1.0,0.5,0.0,0.0,0.0,0.5,1.0,0.5,0.0,0.0,0.0,0.5,0.0,0.0
State: w17, Alice: ['u', 'zero'], Bob: ['zero', 'e1'], Long Bob: e1, Transform: f3;0.0,0.5,0.0,0.0,1.0,0.5,0.0,0.0,0.0,0.0,0.0,0.5,0.0,0.0,1.0,0.5,0.5,1.0,0.0,0.0,0.5,0.0,0.0,0.0,0.0,0.0,0.5,1.0,0.0,0.0,0.5,0.0
State: w17, Alice: ['u', 'zero'], Bob: ['e1', 'zero'], Long Bob: e1, Transform: f3;0.5,0.0,0.0,0.0,0.5,1.0,0.0,0.0,0.0,0.0,0.5,0.0,0.0,0.0,0.5,1.0,0.5,1.0,0.0,0.0,0.5,0.0,0.0,0.0,0.0,0.0,0.5,1.0,0.0,0.0,0.5,0.0
State: w17, Alice: ['zero', 'u'], Bob: ['zero', 'e1'], Long Bob: e1, Transform: f3;0.0,0.0,0.0,0.5,0.0,0.0,1.0,0.5,0.0,0.5,0.0,0.0,1.0,0.5,0.0,0.0,0.0,0.0,0.5,1.0,0.0,0.0,0.5,0.0,0.5,1.0,0.0,0.0,0.5,0.0,0.0,0.0
State: w17, Alice: ['zero', 'u'], Bob: ['e1', 'zero'], Long Bob: e1, Transform: f3;0.0,0.0,0.5,0.0,0.0,0.0,0.5,1.0,0.5,0.0,0.0,0.0,0.5,1.0,0.0,0.0,0.0,0.0,0.5,1.0,0.0,0.0,0.5,0.0,0.5,1.0,0.0,0.0,0.5,0.0,0.0,0.0
State: w17, Alice: ['u', 'zero'], Bob: ['zero', 'e1'], Long Bob: e1, Transform: f4;0.0,0.5,0.0,0.0,1.0,0.5,0.0,0.0,0.0,0.0,0.0,0.5,0.0,0.0,1.0,0.5,0.5,0.5,0.0,0.0,0.5,0.5,0.0,0.0,0.0,0.0,0.5,0.5,0.0,0.0,0.5,0.5
State: w17, Alice: ['u', 'zero'], Bob: ['e1', 'zero'], Long Bob: e1, Transform: f4;0.5,0.0,0.0,0.0,0.5,1.0,0.0,0.0,0.0,0.0,0.5,0.0,0.0,0.0,0.5,1.0,0.5,0.5,0.0,0.0,0.5,0.5,0.0,0.0,0.0,0.0,0.5,0.5,0.0,0.0,0.5,0.5
State: w17, Alice: ['zero', 'u'], Bob: ['zero', 'e1'], Long Bob: e1, Transform: f4;0.0,0.0,0.0,0.5,0.0,0.0,1.0,0.5,0.0,0.5,0.0,0.0,1.0,0.5,0.0,0.0,0.0,0.0,0.5,0.5,0.0,0.0,0.5,0.5,0.5,0.5,0.0,0.0,0.5,0.5,0.0,0.0
State: w17, Alice: ['zero', 'u'], Bob: ['e1', 'zero'], Long Bob: e1, Transform: f4;0.0,0.0,0.5,0.0,0.0,0.0,0.5,1.0,0.5,0.0,0.0,0.0,0.5,1.0,0.0,0.0,0.0,0.0,0.5,0.5,0.0,0.0,0.5,0.5,0.5,0.5,0.0,0.0,0.5,0.5,0.0,0.0
State: w17, Alice: ['u', 'zero'], Bob: ['zero', 'e1'], Long Bob: e1, Transform: f8;0.0,0.5,0.0,0.0,1.0,0.5,0.0,0.0,0.0,0.0,0.0,0.5,0.0,0.0,1.0,0.5,0.5,0.0,0.0,0.0,0.5,1.0,0.0,0.0,0.0,0.0,0.5,0.0,0.0,0.0,0.5,1.0
State: w17, Alice: ['u', 'zero'], Bob: ['e1', 'zero'], Long Bob: e1, Transform: f8;0.5,0.0,0.0,0.0,0.5,1.0,0.0,0.0,0.0,0.0,0.5,0.0,0.0,0.0,0.5,1.0,0.5,0.0,0.0,0.0,0.5,1.0,0.0,0.0,0.0,0.0,0.5,0.0,0.0,0.0,0.5,1.0
State: w17, Alice: ['zero', 'u'], Bob: ['zero', 'e1'], Long Bob: e1, Transform: f8;0.0,0.0,0.0,0.5,0.0,0.0,1.0,0.5,0.0,0.5,0.0,0.0,1.0,0.5,0.0,0.0,0.0,0.0,0.5,0.0,0.0,0.0,0.5,1.0,0.5,0.0,0.0,0.0,0.5,1.0,0.0,0.0
State: w17, Alice: ['zero', 'u'], Bob: ['e1', 'zero'], Long Bob: e1, Transform: f8;0.0,0.0,0.5,0.0,0.0,0.0,0.5,1.0,0.5,0.0,0.0,0.0,0.5,1.0,0.0,0.0,0.0,0.0,0.5,0.0,0.0,0.0,0.5,1.0,0.5,0.0,0.0,0.0,0.5,1.0,0.0,0.0
State: w17, Alice: ['u', 'zero'], Bob: ['zero', 'e1'], Long Bob: e1, Transform: f12;0.0,0.5,0.0,0.0,1.0,0.5,0.0,0.0,0.0,0.0,0.0,0.5,0.0,0.0,1.0,0.5,0.0,0.5,0.0,0.0,1.0,0.5,0.0,0.0,0.0,0.0,0.0,0.5,0.0,0.0,1.0,0.5
State: w17, Alice: ['u', 'zero'], Bob: ['e1', 'zero'], Long Bob: e1, Transform: f12;0.5,0.0,0.0,0.0,0.5,1.0,0.0,0.0,0.0,0.0,0.5,0.0,0.0,0.0,0.5,1.0,0.0,0.5,0.0,0.0,1.0,0.5,0.0,0.0,0.0,0.0,0.0,0.5,0.0,0.0,1.0,0.5
State: w17, Alice: ['zero', 'u'], Bob: ['zero', 'e1'], Long Bob: e1, Transform: f12;0.0,0.0,0.0,0.5,0.0,0.0,1.0,0.5,0.0,0.5,0.0,0.0,1.0,0.5,0.0,0.0,0.0,0.0,0.0,0.5,0.0,0.0,1.0,0.5,0.0,0.5,0.0,0.0,1.0,0.5,0.0,0.0
State: w17, Alice: ['zero', 'u'], Bob: ['e1', 'zero'], Long Bob: e1, Transform: f12;0.0,0.0,0.5,0.0,0.0,0.0,0.5,1.0,0.5,0.0,0.0,0.0,0.5,1.0,0.0,0.0,0.0,0.0,0.0,0.5,0.0,0.0,1.0,0.5,0.0,0.5,0.0,0.0,1.0,0.5,0.0,0.0
State: w17, Alice: ['u', 'zero'], Bob: ['e1', 'e1'], Long Bob: u, Transform: f1;0.5,0.5,0.0,0.0,0.5,0.5,0.0,0.0,0.0,0.0,0.5,0.5,0.0,0.0,0.5,0.5,1.0,1.0,0.0,0.0,0.0,0.0,0.0,0.0,0.0,0.0,1.0,1.0,0.0,0.0,0.0,0.0
State: w17, Alice: ['zero', 'u'], Bob: ['e1', 'e1'], Long Bob: u, Transform: f1;0.0,0.0,0.5,0.5,0.0,0.0,0.5,0.5,0.5,0.5,0.0,0.0,0.5,0.5,0.0,0.0,0.0,0.0,1.0,1.0,0.0,0.0,0.0,0.0,1.0,1.0,0.0,0.0,0.0,0.0,0.0,0.0
State: w17, Alice: ['u', 'zero'], Bob: ['e1', 'e1'], Long Bob: u, Transform: f5;0.5,0.5,0.0,0.0,0.5,0.5,0.0,0.0,0.0,0.0,0.5,0.5,0.0,0.0,0.5,0.5,1.0,0.0,0.0,0.0,0.0,1.0,0.0,0.0,0.0,0.0,1.0,0.0,0.0,0.0,0.0,1.0
State: w17, Alice: ['zero', 'u'], Bob: ['e1', 'e1'], Long Bob: u, Transform: f5;0.0,0.0,0.5,0.5,0.0,0.0,0.5,0.5,0.5,0.5,0.0,0.0,0.5,0.5,0.0,0.0,0.0,0.0,1.0,0.0,0.0,0.0,0.0,1.0,1.0,0.0,0.0,0.0,0.0,1.0,0.0,0.0
State: w17, Alice: ['u', 'zero'], Bob: ['e1', 'e1'], Long Bob: u, Transform: f9;0.5,0.5,0.0,0.0,0.5,0.5,0.0,0.0,0.0,0.0,0.5,0.5,0.0,0.0,0.5,0.5,0.0,1.0,0.0,0.0,1.0,0.0,0.0,0.0,0.0,0.0,0.0,1.0,0.0,0.0,1.0,0.0
State: w17, Alice: ['zero', 'u'], Bob: ['e1', 'e1'], Long Bob: u, Transform: f9;0.0,0.0,0.5,0.5,0.0,0.0,0.5,0.5,0.5,0.5,0.0,0.0,0.5,0.5,0.0,0.0,0.0,0.0,0.0,1.0,0.0,0.0,1.0,0.0,0.0,1.0,0.0,0.0,1.0,0.0,0.0,0.0
State: w17, Alice: ['u', 'zero'], Bob: ['e1', 'e1'], Long Bob: u, Transform: f13;0.5,0.5,0.0,0.0,0.5,0.5,0.0,0.0,0.0,0.0,0.5,0.5,0.0,0.0,0.5,0.5,0.0,0.0,0.0,0.0,1.0,1.0,0.0,0.0,0.0,0.0,0.0,0.0,0.0,0.0,1.0,1.0
State: w17, Alice: ['zero', 'u'], Bob: ['e1', 'e1'], Long Bob: u, Transform: f13;0.0,0.0,0.5,0.5,0.0,0.0,0.5,0.5,0.5,0.5,0.0,0.0,0.5,0.5,0.0,0.0,0.0,0.0,0.0,0.0,0.0,0.0,1.0,1.0,0.0,0.0,0.0,0.0,1.0,1.0,0.0,0.0
State: w17, Alice: ['u', 'zero'], Bob: ['e1', 'e1'], Long Bob: e1, Transform: f2;0.5,0.5,0.0,0.0,0.5,0.5,0.0,0.0,0.0,0.0,0.5,0.5,0.0,0.0,0.5,0.5,1.0,0.5,0.0,0.0,0.0,0.5,0.0,0.0,0.0,0.0,1.0,0.5,0.0,0.0,0.0,0.5
State: w17, Alice: ['zero', 'u'], Bob: ['e1', 'e1'], Long Bob: e1, Transform: f2;0.0,0.0,0.5,0.5,0.0,0.0,0.5,0.5,0.5,0.5,0.0,0.0,0.5,0.5,0.0,0.0,0.0,0.0,1.0,0.5,0.0,0.0,0.0,0.5,1.0,0.5,0.0,0.0,0.0,0.5,0.0,0.0
State: w17, Alice: ['u', 'zero'], Bob: ['e1', 'e1'], Long Bob: e1, Transform: f3;0.5,0.5,0.0,0.0,0.5,0.5,0.0,0.0,0.0,0.0,0.5,0.5,0.0,0.0,0.5,0.5,0.5,1.0,0.0,0.0,0.5,0.0,0.0,0.0,0.0,0.0,0.5,1.0,0.0,0.0,0.5,0.0
State: w17, Alice: ['zero', 'u'], Bob: ['e1', 'e1'], Long Bob: e1, Transform: f3;0.0,0.0,0.5,0.5,0.0,0.0,0.5,0.5,0.5,0.5,0.0,0.0,0.5,0.5,0.0,0.0,0.0,0.0,0.5,1.0,0.0,0.0,0.5,0.0,0.5,1.0,0.0,0.0,0.5,0.0,0.0,0.0
State: w17, Alice: ['u', 'zero'], Bob: ['e1', 'e1'], Long Bob: e1, Transform: f4;0.5,0.5,0.0,0.0,0.5,0.5,0.0,0.0,0.0,0.0,0.5,0.5,0.0,0.0,0.5,0.5,0.5,0.5,0.0,0.0,0.5,0.5,0.0,0.0,0.0,0.0,0.5,0.5,0.0,0.0,0.5,0.5
State: w17, Alice: ['zero', 'u'], Bob: ['e1', 'e1'], Long Bob: e1, Transform: f4;0.0,0.0,0.5,0.5,0.0,0.0,0.5,0.5,0.5,0.5,0.0,0.0,0.5,0.5,0.0,0.0,0.0,0.0,0.5,0.5,0.0,0.0,0.5,0.5,0.5,0.5,0.0,0.0,0.5,0.5,0.0,0.0
State: w17, Alice: ['u', 'zero'], Bob: ['e1', 'e1'], Long Bob: e1, Transform: f8;0.5,0.5,0.0,0.0,0.5,0.5,0.0,0.0,0.0,0.0,0.5,0.5,0.0,0.0,0.5,0.5,0.5,0.0,0.0,0.0,0.5,1.0,0.0,0.0,0.0,0.0,0.5,0.0,0.0,0.0,0.5,1.0
State: w17, Alice: ['zero', 'u'], Bob: ['e1', 'e1'], Long Bob: e1, Transform: f8;0.0,0.0,0.5,0.5,0.0,0.0,0.5,0.5,0.5,0.5,0.0,0.0,0.5,0.5,0.0,0.0,0.0,0.0,0.5,0.0,0.0,0.0,0.5,1.0,0.5,0.0,0.0,0.0,0.5,1.0,0.0,0.0
State: w17, Alice: ['u', 'zero'], Bob: ['e1', 'e1'], Long Bob: e1, Transform: f12;0.5,0.5,0.0,0.0,0.5,0.5,0.0,0.0,0.0,0.0,0.5,0.5,0.0,0.0,0.5,0.5,0.0,0.5,0.0,0.0,1.0,0.5,0.0,0.0,0.0,0.0,0.0,0.5,0.0,0.0,1.0,0.5
State: w17, Alice: ['zero', 'u'], Bob: ['e1', 'e1'], Long Bob: e1, Transform: f12;0.0,0.0,0.5,0.5,0.0,0.0,0.5,0.5,0.5,0.5,0.0,0.0,0.5,0.5,0.0,0.0,0.0,0.0,0.0,0.5,0.0,0.0,1.0,0.5,0.0,0.5,0.0,0.0,1.0,0.5,0.0,0.0
State: w17, Alice: ['u', 'e1'], Bob: ['u', 'u'], Long Bob: u, Transform: f1;1.0,1.0,0.5,0.5,0.0,0.0,0.0,0.0,0.0,0.0,0.5,0.5,0.0,0.0,0.0,0.0,1.0,1.0,0.5,0.5,0.0,0.0,0.0,0.0,0.0,0.0,0.5,0.5,0.0,0.0,0.0,0.0
State: w17, Alice: ['e1', 'u'], Bob: ['u', 'u'], Long Bob: u, Transform: f1;0.5,0.5,1.0,1.0,0.0,0.0,0.0,0.0,0.5,0.5,0.0,0.0,0.0,0.0,0.0,0.0,0.5,0.5,1.0,1.0,0.0,0.0,0.0,0.0,0.5,0.5,0.0,0.0,0.0,0.0,0.0,0.0
State: w17, Alice: ['u', 'e1'], Bob: ['u', 'u'], Long Bob: u, Transform: f5;1.0,1.0,0.5,0.5,0.0,0.0,0.0,0.0,0.0,0.0,0.5,0.5,0.0,0.0,0.0,0.0,1.0,0.0,0.5,0.0,0.0,1.0,0.0,0.5,0.0,0.0,0.5,0.0,0.0,0.0,0.0,0.5
State: w17, Alice: ['e1', 'u'], Bob: ['u', 'u'], Long Bob: u, Transform: f5;0.5,0.5,1.0,1.0,0.0,0.0,0.0,0.0,0.5,0.5,0.0,0.0,0.0,0.0,0.0,0.0,0.5,0.0,1.0,0.0,0.0,0.5,0.0,1.0,0.5,0.0,0.0,0.0,0.0,0.5,0.0,0.0
State: w17, Alice: ['u', 'e1'], Bob: ['u', 'u'], Long Bob: u, Transform: f9;1.0,1.0,0.5,0.5,0.0,0.0,0.0,0.0,0.0,0.0,0.5,0.5,0.0,0.0,0.0,0.0,0.0,1.0,0.0,0.5,1.0,0.0,0.5,0.0,0.0,0.0,0.0,0.5,0.0,0.0,0.5,0.0
State: w17, Alice: ['e1', 'u'], Bob: ['u', 'u'], Long Bob: u, Transform: f9;0.5,0.5,1.0,1.0,0.0,0.0,0.0,0.0,0.5,0.5,0.0,0.0,0.0,0.0,0.0,0.0,0.0,0.5,0.0,1.0,0.5,0.0,1.0,0.0,0.0,0.5,0.0,0.0,0.5,0.0,0.0,0.0
State: w17, Alice: ['u', 'e1'], Bob: ['u', 'u'], Long Bob: u, Transform: f13;1.0,1.0,0.5,0.5,0.0,0.0,0.0,0.0,0.0,0.0,0.5,0.5,0.0,0.0,0.0,0.0,0.0,0.0,0.0,0.0,1.0,1.0,0.5,0.5,0.0,0.0,0.0,0.0,0.0,0.0,0.5,0.5
State: w17, Alice: ['e1', 'u'], Bob: ['u', 'u'], Long Bob: u, Transform: f13;0.5,0.5,1.0,1.0,0.0,0.0,0.0,0.0,0.5,0.5,0.0,0.0,0.0,0.0,0.0,0.0,0.0,0.0,0.0,0.0,0.5,0.5,1.0,1.0,0.0,0.0,0.0,0.0,0.5,0.5,0.0,0.0
State: w17, Alice: ['u', 'e1'], Bob: ['u', 'u'], Long Bob: e1, Transform: f2;1.0,1.0,0.5,0.5,0.0,0.0,0.0,0.0,0.0,0.0,0.5,0.5,0.0,0.0,0.0,0.0,1.0,0.5,0.5,0.0,0.0,0.5,0.0,0.5,0.0,0.0,0.5,0.5,0.0,0.0,0.0,0.0
State: w17, Alice: ['e1', 'u'], Bob: ['u', 'u'], Long Bob: e1, Transform: f2;0.5,0.5,1.0,1.0,0.0,0.0,0.0,0.0,0.5,0.5,0.0,0.0,0.0,0.0,0.0,0.0,0.5,0.0,1.0,0.5,0.0,0.5,0.0,0.5,0.5,0.5,0.0,0.0,0.0,0.0,0.0,0.0
State: w17, Alice: ['u', 'e1'], Bob: ['u', 'u'], Long Bob: e1, Transform: f3;1.0,1.0,0.5,0.5,0.0,0.0,0.0,0.0,0.0,0.0,0.5,0.5,0.0,0.0,0.0,0.0,0.5,1.0,0.0,0.5,0.5,0.0,0.5,0.0,0.0,0.0,0.5,0.5,0.0,0.0,0.0,0.0
State: w17, Alice: ['e1', 'u'], Bob: ['u', 'u'], Long Bob: e1, Transform: f3;0.5,0.5,1.0,1.0,0.0,0.0,0.0,0.0,0.5,0.5,0.0,0.0,0.0,0.0,0.0,0.0,0.0,0.5,0.5,1.0,0.5,0.0,0.5,0.0,0.5,0.5,0.0,0.0,0.0,0.0,0.0,0.0
State: w17, Alice: ['u', 'e1'], Bob: ['u', 'u'], Long Bob: e1, Transform: f4;1.0,1.0,0.5,0.5,0.0,0.0,0.0,0.0,0.0,0.0,0.5,0.5,0.0,0.0,0.0,0.0,0.5,0.5,0.0,0.0,0.5,0.5,0.5,0.5,0.0,0.0,0.5,0.5,0.0,0.0,0.0,0.0
State: w17, Alice: ['e1', 'u'], Bob: ['u', 'u'], Long Bob: e1, Transform: f4;0.5,0.5,1.0,1.0,0.0,0.0,0.0,0.0,0.5,0.5,0.0,0.0,0.0,0.0,0.0,0.0,0.0,0.0,0.5,0.5,0.5,0.5,0.5,0.5,0.5,0.5,0.0,0.0,0.0,0.0,0.0,0.0
State: w17, Alice: ['u', 'e1'], Bob: ['u', 'u'], Long Bob: e1, Transform: f5;1.0,1.0,0.5,0.5,0.0,0.0,0.0,0.0,0.0,0.0,0.5,0.5,0.0,0.0,0.0,0.0,1.0,0.5,0.5,0.5,0.0,0.5,0.0,0.0,0.0,0.0,0.5,0.0,0.0,0.0,0.0,0.5
State: w17, Alice: ['e1', 'u'], Bob: ['u', 'u'], Long Bob: e1, Transform: f5;0.5,0.5,1.0,1.0,0.0,0.0,0.0,0.0,0.5,0.5,0.0,0.0,0.0,0.0,0.0,0.0,0.5,0.5,1.0,0.5,0.0,0.0,0.0,0.5,0.5,0.0,0.0,0.0,0.0,0.5,0.0,0.0
State: w17, Alice: ['u', 'e1'], Bob: ['u', 'u'], Long Bob: e1, Transform: f7;1.0,1.0,0.5,0.5,0.0,0.0,0.0,0.0,0.0,0.0,0.5,0.5,0.0,0.0,0.0,0.0,0.5,0.5,0.0,0.5,0.5,0.5,0.5,0.0,0.0,0.0,0.5,0.0,0.0,0.0,0.0,0.5
State: w17, Alice: ['e1', 'u'], Bob: ['u', 'u'], Long Bob: e1, Transform: f7;0.5,0.5,1.0,1.0,0.0,0.0,0.0,0.0,0.5,0.5,0.0,0.0,0.0,0.0,0.0,0.0,0.0,0.5,0.5,0.5,0.5,0.0,0.5,0.5,0.5,0.0,0.0,0.0,0.0,0.5,0.0,0.0
State: w17, Alice: ['u', 'e1'], Bob: ['u', 'u'], Long Bob: e1, Transform: f8;1.0,1.0,0.5,0.5,0.0,0.0,0.0,0.0,0.0,0.0,0.5,0.5,0.0,0.0,0.0,0.0,0.5,0.0,0.0,0.0,0.5,1.0,0.5,0.5,0.0,0.0,0.5,0.0,0.0,0.0,0.0,0.5
State: w17, Alice: ['e1', 'u'], Bob: ['u', 'u'], Long Bob: e1, Transform: f8;0.5,0.5,1.0,1.0,0.0,0.0,0.0,0.0,0.5,0.5,0.0,0.0,0.0,0.0,0.0,0.0,0.0,0.0,0.5,0.0,0.5,0.5,0.5,1.0,0.5,0.0,0.0,0.0,0.0,0.5,0.0,0.0
State: w17, Alice: ['u', 'e1'], Bob: ['u', 'u'], Long Bob: e1, Transform: f9;1.0,1.0,0.5,0.5,0.0,0.0,0.0,0.0,0.0,0.0,0.5,0.5,0.0,0.0,0.0,0.0,0.5,1.0,0.5,0.5,0.5,0.0,0.0,0.0,0.0,0.0,0.0,0.5,0.0,0.0,0.5,0.0
State: w17, Alice: ['e1', 'u'], Bob: ['u', 'u'], Long Bob: e1, Transform: f9;0.5,0.5,1.0,1.0,0.0,0.0,0.0,0.0,0.5,0.5,0.0,0.0,0.0,0.0,0.0,0.0,0.5,0.5,0.5,1.0,0.0,0.0,0.5,0.0,0.0,0.5,0.0,0.0,0.5,0.0,0.0,0.0
State: w17, Alice: ['u', 'e1'], Bob: ['u', 'u'], Long Bob: e1, Transform: f10;1.0,1.0,0.5,0.5,0.0,0.0,0.0,0.0,0.0,0.0,0.5,0.5,0.0,0.0,0.0,0.0,0.5,0.5,0.5,0.0,0.5,0.5,0.0,0.5,0.0,0.0,0.0,0.5,0.0,0.0,0.5,0.0
State: w17, Alice: ['e1', 'u'], Bob: ['u', 'u'], Long Bob: e1, Transform: f10;0.5,0.5,1.0,1.0,0.0,0.0,0.0,0.0,0.5,0.5,0.0,0.0,0.0,0.0,0.0,0.0,0.5,0.0,0.5,0.5,0.0,0.5,0.5,0.5,0.0,0.5,0.0,0.0,0.5,0.0,0.0,0.0
State: w17, Alice: ['u', 'e1'], Bob: ['u', 'u'], Long Bob: e1, Transform: f12;1.0,1.0,0.5,0.5,0.0,0.0,0.0,0.0,0.0,0.0,0.5,0.5,0.0,0.0,0.0,0.0,0.0,0.5,0.0,0.0,1.0,0.5,0.5,0.5,0.0,0.0,0.0,0.5,0.0,0.0,0.5,0.0
State: w17, Alice: ['e1', 'u'], Bob: ['u', 'u'], Long Bob: e1, Transform: f12;0.5,0.5,1.0,1.0,0.0,0.0,0.0,0.0,0.5,0.5,0.0,0.0,0.0,0.0,0.0,0.0,0.0,0.0,0.0,0.5,0.5,0.5,1.0,0.5,0.0,0.5,0.0,0.0,0.5,0.0,0.0,0.0
State: w17, Alice: ['u', 'e1'], Bob: ['u', 'u'], Long Bob: e1, Transform: f13;1.0,1.0,0.5,0.5,0.0,0.0,0.0,0.0,0.0,0.0,0.5,0.5,0.0,0.0,0.0,0.0,0.5,0.5,0.5,0.5,0.5,0.5,0.0,0.0,0.0,0.0,0.0,0.0,0.0,0.0,0.5,0.5
State: w17, Alice: ['e1', 'u'], Bob: ['u', 'u'], Long Bob: e1, Transform: f13;0.5,0.5,1.0,1.0,0.0,0.0,0.0,0.0,0.5,0.5,0.0,0.0,0.0,0.0,0.0,0.0,0.5,0.5,0.5,0.5,0.0,0.0,0.5,0.5,0.0,0.0,0.0,0.0,0.5,0.5,0.0,0.0
State: w17, Alice: ['u', 'e1'], Bob: ['u', 'u'], Long Bob: e1, Transform: f14;1.0,1.0,0.5,0.5,0.0,0.0,0.0,0.0,0.0,0.0,0.5,0.5,0.0,0.0,0.0,0.0,0.5,0.0,0.5,0.0,0.5,1.0,0.0,0.5,0.0,0.0,0.0,0.0,0.0,0.0,0.5,0.5
State: w17, Alice: ['e1', 'u'], Bob: ['u', 'u'], Long Bob: e1, Transform: f14;0.5,0.5,1.0,1.0,0.0,0.0,0.0,0.0,0.5,0.5,0.0,0.0,0.0,0.0,0.0,0.0,0.5,0.0,0.5,0.0,0.0,0.5,0.5,1.0,0.0,0.0,0.0,0.0,0.5,0.5,0.0,0.0
State: w17, Alice: ['u', 'e1'], Bob: ['u', 'u'], Long Bob: e1, Transform: f15;1.0,1.0,0.5,0.5,0.0,0.0,0.0,0.0,0.0,0.0,0.5,0.5,0.0,0.0,0.0,0.0,0.0,0.5,0.0,0.5,1.0,0.5,0.5,0.0,0.0,0.0,0.0,0.0,0.0,0.0,0.5,0.5
State: w17, Alice: ['e1', 'u'], Bob: ['u', 'u'], Long Bob: e1, Transform: f15;0.5,0.5,1.0,1.0,0.0,0.0,0.0,0.0,0.5,0.5,0.0,0.0,0.0,0.0,0.0,0.0,0.0,0.5,0.0,0.5,0.5,0.0,1.0,0.5,0.0,0.0,0.0,0.0,0.5,0.5,0.0,0.0
State: w17, Alice: ['u', 'e1'], Bob: ['u', 'zero'], Long Bob: u, Transform: f1;1.0,0.0,0.5,0.0,0.0,1.0,0.0,0.5,0.0,0.0,0.5,0.0,0.0,0.0,0.0,0.5,1.0,1.0,0.5,0.5,0.0,0.0,0.0,0.0,0.0,0.0,0.5,0.5,0.0,0.0,0.0,0.0
State: w17, Alice: ['u', 'e1'], Bob: ['zero', 'u'], Long Bob: u, Transform: f1;0.0,1.0,0.0,0.5,1.0,0.0,0.5,0.0,0.0,0.0,0.0,0.5,0.0,0.0,0.5,0.0,1.0,1.0,0.5,0.5,0.0,0.0,0.0,0.0,0.0,0.0,0.5,0.5,0.0,0.0,0.0,0.0
State: w17, Alice: ['e1', 'u'], Bob: ['u', 'zero'], Long Bob: u, Transform: f1;0.5,0.0,1.0,0.0,0.0,0.5,0.0,1.0,0.5,0.0,0.0,0.0,0.0,0.5,0.0,0.0,0.5,0.5,1.0,1.0,0.0,0.0,0.0,0.0,0.5,0.5,0.0,0.0,0.0,0.0,0.0,0.0
State: w17, Alice: ['e1', 'u'], Bob: ['zero', 'u'], Long Bob: u, Transform: f1;0.0,0.5,0.0,1.0,0.5,0.0,1.0,0.0,0.0,0.5,0.0,0.0,0.5,0.0,0.0,0.0,0.5,0.5,1.0,1.0,0.0,0.0,0.0,0.0,0.5,0.5,0.0,0.0,0.0,0.0,0.0,0.0
State: w17, Alice: ['u', 'e1'], Bob: ['u', 'zero'], Long Bob: u, Transform: f5;1.0,0.0,0.5,0.0,0.0,1.0,0.0,0.5,0.0,0.0,0.5,0.0,0.0,0.0,0.0,0.5,1.0,0.0,0.5,0.0,0.0,1.0,0.0,0.5,0.0,0.0,0.5,0.0,0.0,0.0,0.0,0.5
State: w17, Alice: ['u', 'e1'], Bob: ['zero', 'u'], Long Bob: u, Transform: f5;0.0,1.0,0.0,0.5,1.0,0.0,0.5,0.0,0.0,0.0,0.0,0.5,0.0,0.0,0.5,0.0,1.0,0.0,0.5,0.0,0.0,1.0,0.0,0.5,0.0,0.0,0.5,0.0,0.0,0.0,0.0,0.5
State: w17, Alice: ['e1', 'u'], Bob: ['u', 'zero'], Long Bob: u, Transform: f5;0.5,0.0,1.0,0.0,0.0,0.5,0.0,1.0,0.5,0.0,0.0,0.0,0.0,0.5,0.0,0.0,0.5,0.0,1.0,0.0,0.0,0.5,0.0,1.0,0.5,0.0,0.0,0.0,0.0,0.5,0.0,0.0
State: w17, Alice: ['e1', 'u'], Bob: ['zero', 'u'], Long Bob: u, Transform: f5;0.0,0.5,0.0,1.0,0.5,0.0,1.0,0.0,0.0,0.5,0.0,0.0,0.5,0.0,0.0,0.0,0.5,0.0,1.0,0.0,0.0,0.5,0.0,1.0,0.5,0.0,0.0,0.0,0.0,0.5,0.0,0.0
State: w17, Alice: ['u', 'e1'], Bob: ['u', 'zero'], Long Bob: u, Transform: f9;1.0,0.0,0.5,0.0,0.0,1.0,0.0,0.5,0.0,0.0,0.5,0.0,0.0,0.0,0.0,0.5,0.0,1.0,0.0,0.5,1.0,0.0,0.5,0.0,0.0,0.0,0.0,0.5,0.0,0.0,0.5,0.0
State: w17, Alice: ['u', 'e1'], Bob: ['zero', 'u'], Long Bob: u, Transform: f9;0.0,1.0,0.0,0.5,1.0,0.0,0.5,0.0,0.0,0.0,0.0,0.5,0.0,0.0,0.5,0.0,0.0,1.0,0.0,0.5,1.0,0.0,0.5,0.0,0.0,0.0,0.0,0.5,0.0,0.0,0.5,0.0
State: w17, Alice: ['e1', 'u'], Bob: ['u', 'zero'], Long Bob: u, Transform: f9;0.5,0.0,1.0,0.0,0.0,0.5,0.0,1.0,0.5,0.0,0.0,0.0,0.0,0.5,0.0,0.0,0.0,0.5,0.0,1.0,0.5,0.0,1.0,0.0,0.0,0.5,0.0,0.0,0.5,0.0,0.0,0.0
State: w17, Alice: ['e1', 'u'], Bob: ['zero', 'u'], Long Bob: u, Transform: f9;0.0,0.5,0.0,1.0,0.5,0.0,1.0,0.0,0.0,0.5,0.0,0.0,0.5,0.0,0.0,0.0,0.0,0.5,0.0,1.0,0.5,0.0,1.0,0.0,0.0,0.5,0.0,0.0,0.5,0.0,0.0,0.0
State: w17, Alice: ['u', 'e1'], Bob: ['u', 'zero'], Long Bob: u, Transform: f13;1.0,0.0,0.5,0.0,0.0,1.0,0.0,0.5,0.0,0.0,0.5,0.0,0.0,0.0,0.0,0.5,0.0,0.0,0.0,0.0,1.0,1.0,0.5,0.5,0.0,0.0,0.0,0.0,0.0,0.0,0.5,0.5
State: w17, Alice: ['u', 'e1'], Bob: ['zero', 'u'], Long Bob: u, Transform: f13;0.0,1.0,0.0,0.5,1.0,0.0,0.5,0.0,0.0,0.0,0.0,0.5,0.0,0.0,0.5,0.0,0.0,0.0,0.0,0.0,1.0,1.0,0.5,0.5,0.0,0.0,0.0,0.0,0.0,0.0,0.5,0.5
State: w17, Alice: ['e1', 'u'], Bob: ['u', 'zero'], Long Bob: u, Transform: f13;0.5,0.0,1.0,0.0,0.0,0.5,0.0,1.0,0.5,0.0,0.0,0.0,0.0,0.5,0.0,0.0,0.0,0.0,0.0,0.0,0.5,0.5,1.0,1.0,0.0,0.0,0.0,0.0,0.5,0.5,0.0,0.0
State: w17, Alice: ['e1', 'u'], Bob: ['zero', 'u'], Long Bob: u, Transform: f13;0.0,0.5,0.0,1.0,0.5,0.0,1.0,0.0,0.0,0.5,0.0,0.0,0.5,0.0,0.0,0.0,0.0,0.0,0.0,0.0,0.5,0.5,1.0,1.0,0.0,0.0,0.0,0.0,0.5,0.5,0.0,0.0
State: w17, Alice: ['u', 'e1'], Bob: ['u', 'zero'], Long Bob: e1, Transform: f2;1.0,0.0,0.5,0.0,0.0,1.0,0.0,0.5,0.0,0.0,0.5,0.0,0.0,0.0,0.0,0.5,1.0,0.5,0.5,0.0,0.0,0.5,0.0,0.5,0.0,0.0,0.5,0.5,0.0,0.0,0.0,0.0
State: w17, Alice: ['u', 'e1'], Bob: ['zero', 'u'], Long Bob: e1, Transform: f2;0.0,1.0,0.0,0.5,1.0,0.0,0.5,0.0,0.0,0.0,0.0,0.5,0.0,0.0,0.5,0.0,1.0,0.5,0.5,0.0,0.0,0.5,0.0,0.5,0.0,0.0,0.5,0.5,0.0,0.0,0.0,0.0
State: w17, Alice: ['e1', 'u'], Bob: ['u', 'zero'], Long Bob: e1, Transform: f2;0.5,0.0,1.0,0.0,0.0,0.5,0.0,1.0,0.5,0.0,0.0,0.0,0.0,0.5,0.0,0.0,0.5,0.0,1.0,0.5,0.0,0.5,0.0,0.5,0.5,0.5,0.0,0.0,0.0,0.0,0.0,0.0
State: w17, Alice: ['e1', 'u'], Bob: ['zero', 'u'], Long Bob: e1, Transform: f2;0.0,0.5,0.0,1.0,0.5,0.0,1.0,0.0,0.0,0.5,0.0,0.0,0.5,0.0,0.0,0.0,0.5,0.0,1.0,0.5,0.0,0.5,0.0,0.5,0.5,0.5,0.0,0.0,0.0,0.0,0.0,0.0
State: w17, Alice: ['u', 'e1'], Bob: ['u', 'zero'], Long Bob: e1, Transform: f3;1.0,0.0,0.5,0.0,0.0,1.0,0.0,0.5,0.0,0.0,0.5,0.0,0.0,0.0,0.0,0.5,0.5,1.0,0.0,0.5,0.5,0.0,0.5,0.0,0.0,0.0,0.5,0.5,0.0,0.0,0.0,0.0
State: w17, Alice: ['u', 'e1'], Bob: ['zero', 'u'], Long Bob: e1, Transform: f3;0.0,1.0,0.0,0.5,1.0,0.0,0.5,0.0,0.0,0.0,0.0,0.5,0.0,0.0,0.5,0.0,0.5,1.0,0.0,0.5,0.5,0.0,0.5,0.0,0.0,0.0,0.5,0.5,0.0,0.0,0.0,0.0
State: w17, Alice: ['e1', 'u'], Bob: ['u', 'zero'], Long Bob: e1, Transform: f3;0.5,0.0,1.0,0.0,0.0,0.5,0.0,1.0,0.5,0.0,0.0,0.0,0.0,0.5,0.0,0.0,0.0,0.5,0.5,1.0,0.5,0.0,0.5,0.0,0.5,0.5,0.0,0.0,0.0,0.0,0.0,0.0
State: w17, Alice: ['e1', 'u'], Bob: ['zero', 'u'], Long Bob: e1, Transform: f3;0.0,0.5,0.0,1.0,0.5,0.0,1.0,0.0,0.0,0.5,0.0,0.0,0.5,0.0,0.0,0.0,0.0,0.5,0.5,1.0,0.5,0.0,0.5,0.0,0.5,0.5,0.0,0.0,0.0,0.0,0.0,0.0
State: w17, Alice: ['u', 'e1'], Bob: ['u', 'zero'], Long Bob: e1, Transform: f4;1.0,0.0,0.5,0.0,0.0,1.0,0.0,0.5,0.0,0.0,0.5,0.0,0.0,0.0,0.0,0.5,0.5,0.5,0.0,0.0,0.5,0.5,0.5,0.5,0.0,0.0,0.5,0.5,0.0,0.0,0.0,0.0
State: w17, Alice: ['u', 'e1'], Bob: ['zero', 'u'], Long Bob: e1, Transform: f4;0.0,1.0,0.0,0.5,1.0,0.0,0.5,0.0,0.0,0.0,0.0,0.5,0.0,0.0,0.5,0.0,0.5,0.5,0.0,0.0,0.5,0.5,0.5,0.5,0.0,0.0,0.5,0.5,0.0,0.0,0.0,0.0
State: w17, Alice: ['e1', 'u'], Bob: ['u', 'zero'], Long Bob: e1, Transform: f4;0.5,0.0,1.0,0.0,0.0,0.5,0.0,1.0,0.5,0.0,0.0,0.0,0.0,0.5,0.0,0.0,0.0,0.0,0.5,0.5,0.5,0.5,0.5,0.5,0.5,0.5,0.0,0.0,0.0,0.0,0.0,0.0
State: w17, Alice: ['e1', 'u'], Bob: ['zero', 'u'], Long Bob: e1, Transform: f4;0.0,0.5,0.0,1.0,0.5,0.0,1.0,0.0,0.0,0.5,0.0,0.0,0.5,0.0,0.0,0.0,0.0,0.0,0.5,0.5,0.5,0.5,0.5,0.5,0.5,0.5,0.0,0.0,0.0,0.0,0.0,0.0
State: w17, Alice: ['u', 'e1'], Bob: ['u', 'zero'], Long Bob: e1, Transform: f5;1.0,0.0,0.5,0.0,0.0,1.0,0.0,0.5,0.0,0.0,0.5,0.0,0.0,0.0,0.0,0.5,1.0,0.5,0.5,0.5,0.0,0.5,0.0,0.0,0.0,0.0,0.5,0.0,0.0,0.0,0.0,0.5
State: w17, Alice: ['u', 'e1'], Bob: ['zero', 'u'], Long Bob: e1, Transform: f5;0.0,1.0,0.0,0.5,1.0,0.0,0.5,0.0,0.0,0.0,0.0,0.5,0.0,0.0,0.5,0.0,1.0,0.5,0.5,0.5,0.0,0.5,0.0,0.0,0.0,0.0,0.5,0.0,0.0,0.0,0.0,0.5
State: w17, Alice: ['e1', 'u'], Bob: ['u', 'zero'], Long Bob: e1, Transform: f5;0.5,0.0,1.0,0.0,0.0,0.5,0.0,1.0,0.5,0.0,0.0,0.0,0.0,0.5,0.0,0.0,0.5,0.5,1.0,0.5,0.0,0.0,0.0,0.5,0.5,0.0,0.0,0.0,0.0,0.5,0.0,0.0
State: w17, Alice: ['e1', 'u'], Bob: ['zero', 'u'], Long Bob: e1, Transform: f5;0.0,0.5,0.0,1.0,0.5,0.0,1.0,0.0,0.0,0.5,0.0,0.0,0.5,0.0,0.0,0.0,0.5,0.5,1.0,0.5,0.0,0.0,0.0,0.5,0.5,0.0,0.0,0.0,0.0,0.5,0.0,0.0
State: w17, Alice: ['u', 'e1'], Bob: ['u', 'zero'], Long Bob: e1, Transform: f7;1.0,0.0,0.5,0.0,0.0,1.0,0.0,0.5,0.0,0.0,0.5,0.0,0.0,0.0,0.0,0.5,0.5,0.5,0.0,0.5,0.5,0.5,0.5,0.0,0.0,0.0,0.5,0.0,0.0,0.0,0.0,0.5
State: w17, Alice: ['u', 'e1'], Bob: ['zero', 'u'], Long Bob: e1, Transform: f7;0.0,1.0,0.0,0.5,1.0,0.0,0.5,0.0,0.0,0.0,0.0,0.5,0.0,0.0,0.5,0.0,0.5,0.5,0.0,0.5,0.5,0.5,0.5,0.0,0.0,0.0,0.5,0.0,0.0,0.0,0.0,0.5
State: w17, Alice: ['e1', 'u'], Bob: ['u', 'zero'], Long Bob: e1, Transform: f7;0.5,0.0,1.0,0.0,0.0,0.5,0.0,1.0,0.5,0.0,0.0,0.0,0.0,0.5,0.0,0.0,0.0,0.5,0.5,0.5,0.5,0.0,0.5,0.5,0.5,0.0,0.0,0.0,0.0,0.5,0.0,0.0
State: w17, Alice: ['e1', 'u'], Bob: ['zero', 'u'], Long Bob: e1, Transform: f7;0.0,0.5,0.0,1.0,0.5,0.0,1.0,0.0,0.0,0.5,0.0,0.0,0.5,0.0,0.0,0.0,0.0,0.5,0.5,0.5,0.5,0.0,0.5,0.5,0.5,0.0,0.0,0.0,0.0,0.5,0.0,0.0
State: w17, Alice: ['u', 'e1'], Bob: ['u', 'zero'], Long Bob: e1, Transform: f8;1.0,0.0,0.5,0.0,0.0,1.0,0.0,0.5,0.0,0.0,0.5,0.0,0.0,0.0,0.0,0.5,0.5,0.0,0.0,0.0,0.5,1.0,0.5,0.5,0.0,0.0,0.5,0.0,0.0,0.0,0.0,0.5
State: w17, Alice: ['u', 'e1'], Bob: ['zero', 'u'], Long Bob: e1, Transform: f8;0.0,1.0,0.0,0.5,1.0,0.0,0.5,0.0,0.0,0.0,0.0,0.5,0.0,0.0,0.5,0.0,0.5,0.0,0.0,0.0,0.5,1.0,0.5,0.5,0.0,0.0,0.5,0.0,0.0,0.0,0.0,0.5
State: w17, Alice: ['e1', 'u'], Bob: ['u', 'zero'], Long Bob: e1, Transform: f8;0.5,0.0,1.0,0.0,0.0,0.5,0.0,1.0,0.5,0.0,0.0,0.0,0.0,0.5,0.0,0.0,0.0,0.0,0.5,0.0,0.5,0.5,0.5,1.0,0.5,0.0,0.0,0.0,0.0,0.5,0.0,0.0
State: w17, Alice: ['e1', 'u'], Bob: ['zero', 'u'], Long Bob: e1, Transform: f8;0.0,0.5,0.0,1.0,0.5,0.0,1.0,0.0,0.0,0.5,0.0,0.0,0.5,0.0,0.0,0.0,0.0,0.0,0.5,0.0,0.5,0.5,0.5,1.0,0.5,0.0,0.0,0.0,0.0,0.5,0.0,0.0
State: w17, Alice: ['u', 'e1'], Bob: ['u', 'zero'], Long Bob: e1, Transform: f9;1.0,0.0,0.5,0.0,0.0,1.0,0.0,0.5,0.0,0.0,0.5,0.0,0.0,0.0,0.0,0.5,0.5,1.0,0.5,0.5,0.5,0.0,0.0,0.0,0.0,0.0,0.0,0.5,0.0,0.0,0.5,0.0
State: w17, Alice: ['u', 'e1'], Bob: ['zero', 'u'], Long Bob: e1, Transform: f9;0.0,1.0,0.0,0.5,1.0,0.0,0.5,0.0,0.0,0.0,0.0,0.5,0.0,0.0,0.5,0.0,0.5,1.0,0.5,0.5,0.5,0.0,0.0,0.0,0.0,0.0,0.0,0.5,0.0,0.0,0.5,0.0
State: w17, Alice: ['e1', 'u'], Bob: ['u', 'zero'], Long Bob: e1, Transform: f9;0.5,0.0,1.0,0.0,0.0,0.5,0.0,1.0,0.5,0.0,0.0,0.0,0.0,0.5,0.0,0.0,0.5,0.5,0.5,1.0,0.0,0.0,0.5,0.0,0.0,0.5,0.0,0.0,0.5,0.0,0.0,0.0
State: w17, Alice: ['e1', 'u'], Bob: ['zero', 'u'], Long Bob: e1, Transform: f9;0.0,0.5,0.0,1.0,0.5,0.0,1.0,0.0,0.0,0.5,0.0,0.0,0.5,0.0,0.0,0.0,0.5,0.5,0.5,1.0,0.0,0.0,0.5,0.0,0.0,0.5,0.0,0.0,0.5,0.0,0.0,0.0
State: w17, Alice: ['u', 'e1'], Bob: ['u', 'zero'], Long Bob: e1, Transform: f10;1.0,0.0,0.5,0.0,0.0,1.0,0.0,0.5,0.0,0.0,0.5,0.0,0.0,0.0,0.0,0.5,0.5,0.5,0.5,0.0,0.5,0.5,0.0,0.5,0.0,0.0,0.0,0.5,0.0,0.0,0.5,0.0
State: w17, Alice: ['u', 'e1'], Bob: ['zero', 'u'], Long Bob: e1, Transform: f10;0.0,1.0,0.0,0.5,1.0,0.0,0.5,0.0,0.0,0.0,0.0,0.5,0.0,0.0,0.5,0.0,0.5,0.5,0.5,0.0,0.5,0.5,0.0,0.5,0.0,0.0,0.0,0.5,0.0,0.0,0.5,0.0
State: w17, Alice: ['e1', 'u'], Bob: ['u', 'zero'], Long Bob: e1, Transform: f10;0.5,0.0,1.0,0.0,0.0,0.5,0.0,1.0,0.5,0.0,0.0,0.0,0.0,0.5,0.0,0.0,0.5,0.0,0.5,0.5,0.0,0.5,0.5,0.5,0.0,0.5,0.0,0.0,0.5,0.0,0.0,0.0
State: w17, Alice: ['e1', 'u'], Bob: ['zero', 'u'], Long Bob: e1, Transform: f10;0.0,0.5,0.0,1.0,0.5,0.0,1.0,0.0,0.0,0.5,0.0,0.0,0.5,0.0,0.0,0.0,0.5,0.0,0.5,0.5,0.0,0.5,0.5,0.5,0.0,0.5,0.0,0.0,0.5,0.0,0.0,0.0
State: w17, Alice: ['u', 'e1'], Bob: ['u', 'zero'], Long Bob: e1, Transform: f12;1.0,0.0,0.5,0.0,0.0,1.0,0.0,0.5,0.0,0.0,0.5,0.0,0.0,0.0,0.0,0.5,0.0,0.5,0.0,0.0,1.0,0.5,0.5,0.5,0.0,0.0,0.0,0.5,0.0,0.0,0.5,0.0
State: w17, Alice: ['u', 'e1'], Bob: ['zero', 'u'], Long Bob: e1, Transform: f12;0.0,1.0,0.0,0.5,1.0,0.0,0.5,0.0,0.0,0.0,0.0,0.5,0.0,0.0,0.5,0.0,0.0,0.5,0.0,0.0,1.0,0.5,0.5,0.5,0.0,0.0,0.0,0.5,0.0,0.0,0.5,0.0
State: w17, Alice: ['e1', 'u'], Bob: ['u', 'zero'], Long Bob: e1, Transform: f12;0.5,0.0,1.0,0.0,0.0,0.5,0.0,1.0,0.5,0.0,0.0,0.0,0.0,0.5,0.0,0.0,0.0,0.0,0.0,0.5,0.5,0.5,1.0,0.5,0.0,0.5,0.0,0.0,0.5,0.0,0.0,0.0
State: w17, Alice: ['e1', 'u'], Bob: ['zero', 'u'], Long Bob: e1, Transform: f12;0.0,0.5,0.0,1.0,0.5,0.0,1.0,0.0,0.0,0.5,0.0,0.0,0.5,0.0,0.0,0.0,0.0,0.0,0.0,0.5,0.5,0.5,1.0,0.5,0.0,0.5,0.0,0.0,0.5,0.0,0.0,0.0
State: w17, Alice: ['u', 'e1'], Bob: ['u', 'zero'], Long Bob: e1, Transform: f13;1.0,0.0,0.5,0.0,0.0,1.0,0.0,0.5,0.0,0.0,0.5,0.0,0.0,0.0,0.0,0.5,0.5,0.5,0.5,0.5,0.5,0.5,0.0,0.0,0.0,0.0,0.0,0.0,0.0,0.0,0.5,0.5
State: w17, Alice: ['u', 'e1'], Bob: ['zero', 'u'], Long Bob: e1, Transform: f13;0.0,1.0,0.0,0.5,1.0,0.0,0.5,0.0,0.0,0.0,0.0,0.5,0.0,0.0,0.5,0.0,0.5,0.5,0.5,0.5,0.5,0.5,0.0,0.0,0.0,0.0,0.0,0.0,0.0,0.0,0.5,0.5
State: w17, Alice: ['e1', 'u'], Bob: ['u', 'zero'], Long Bob: e1, Transform: f13;0.5,0.0,1.0,0.0,0.0,0.5,0.0,1.0,0.5,0.0,0.0,0.0,0.0,0.5,0.0,0.0,0.5,0.5,0.5,0.5,0.0,0.0,0.5,0.5,0.0,0.0,0.0,0.0,0.5,0.5,0.0,0.0
State: w17, Alice: ['e1', 'u'], Bob: ['zero', 'u'], Long Bob: e1, Transform: f13;0.0,0.5,0.0,1.0,0.5,0.0,1.0,0.0,0.0,0.5,0.0,0.0,0.5,0.0,0.0,0.0,0.5,0.5,0.5,0.5,0.0,0.0,0.5,0.5,0.0,0.0,0.0,0.0,0.5,0.5,0.0,0.0
State: w17, Alice: ['u', 'e1'], Bob: ['u', 'zero'], Long Bob: e1, Transform: f14;1.0,0.0,0.5,0.0,0.0,1.0,0.0,0.5,0.0,0.0,0.5,0.0,0.0,0.0,0.0,0.5,0.5,0.0,0.5,0.0,0.5,1.0,0.0,0.5,0.0,0.0,0.0,0.0,0.0,0.0,0.5,0.5
State: w17, Alice: ['u', 'e1'], Bob: ['zero', 'u'], Long Bob: e1, Transform: f14;0.0,1.0,0.0,0.5,1.0,0.0,0.5,0.0,0.0,0.0,0.0,0.5,0.0,0.0,0.5,0.0,0.5,0.0,0.5,0.0,0.5,1.0,0.0,0.5,0.0,0.0,0.0,0.0,0.0,0.0,0.5,0.5
State: w17, Alice: ['e1', 'u'], Bob: ['u', 'zero'], Long Bob: e1, Transform: f14;0.5,0.0,1.0,0.0,0.0,0.5,0.0,1.0,0.5,0.0,0.0,0.0,0.0,0.5,0.0,0.0,0.5,0.0,0.5,0.0,0.0,0.5,0.5,1.0,0.0,0.0,0.0,0.0,0.5,0.5,0.0,0.0
State: w17, Alice: ['e1', 'u'], Bob: ['zero', 'u'], Long Bob: e1, Transform: f14;0.0,0.5,0.0,1.0,0.5,0.0,1.0,0.0,0.0,0.5,0.0,0.0,0.5,0.0,0.0,0.0,0.5,0.0,0.5,0.0,0.0,0.5,0.5,1.0,0.0,0.0,0.0,0.0,0.5,0.5,0.0,0.0
State: w17, Alice: ['u', 'e1'], Bob: ['u', 'zero'], Long Bob: e1, Transform: f15;1.0,0.0,0.5,0.0,0.0,1.0,0.0,0.5,0.0,0.0,0.5,0.0,0.0,0.0,0.0,0.5,0.0,0.5,0.0,0.5,1.0,0.5,0.5,0.0,0.0,0.0,0.0,0.0,0.0,0.0,0.5,0.5
State: w17, Alice: ['u', 'e1'], Bob: ['zero', 'u'], Long Bob: e1, Transform: f15;0.0,1.0,0.0,0.5,1.0,0.0,0.5,0.0,0.0,0.0,0.0,0.5,0.0,0.0,0.5,0.0,0.0,0.5,0.0,0.5,1.0,0.5,0.5,0.0,0.0,0.0,0.0,0.0,0.0,0.0,0.5,0.5
State: w17, Alice: ['e1', 'u'], Bob: ['u', 'zero'], Long Bob: e1, Transform: f15;0.5,0.0,1.0,0.0,0.0,0.5,0.0,1.0,0.5,0.0,0.0,0.0,0.0,0.5,0.0,0.0,0.0,0.5,0.0,0.5,0.5,0.0,1.0,0.5,0.0,0.0,0.0,0.0,0.5,0.5,0.0,0.0
State: w17, Alice: ['e1', 'u'], Bob: ['zero', 'u'], Long Bob: e1, Transform: f15;0.0,0.5,0.0,1.0,0.5,0.0,1.0,0.0,0.0,0.5,0.0,0.0,0.5,0.0,0.0,0.0,0.0,0.5,0.0,0.5,0.5,0.0,1.0,0.5,0.0,0.0,0.0,0.0,0.5,0.5,0.0,0.0
State: w17, Alice: ['u', 'e1'], Bob: ['u', 'e1'], Long Bob: u, Transform: f1;1.0,0.5,0.5,0.0,0.0,0.5,0.0,0.5,0.0,0.0,0.5,0.5,0.0,0.0,0.0,0.0,1.0,1.0,0.5,0.5,0.0,0.0,0.0,0.0,0.0,0.0,0.5,0.5,0.0,0.0,0.0,0.0
State: w17, Alice: ['u', 'e1'], Bob: ['e1', 'u'], Long Bob: u, Transform: f1;0.5,1.0,0.0,0.5,0.5,0.0,0.5,0.0,0.0,0.0,0.5,0.5,0.0,0.0,0.0,0.0,1.0,1.0,0.5,0.5,0.0,0.0,0.0,0.0,0.0,0.0,0.5,0.5,0.0,0.0,0.0,0.0
State: w17, Alice: ['e1', 'u'], Bob: ['u', 'e1'], Long Bob: u, Transform: f1;0.5,0.0,1.0,0.5,0.0,0.5,0.0,0.5,0.5,0.5,0.0,0.0,0.0,0.0,0.0,0.0,0.5,0.5,1.0,1.0,0.0,0.0,0.0,0.0,0.5,0.5,0.0,0.0,0.0,0.0,0.0,0.0
State: w17, Alice: ['e1', 'u'], Bob: ['e1', 'u'], Long Bob: u, Transform: f1;0.0,0.5,0.5,1.0,0.5,0.0,0.5,0.0,0.5,0.5,0.0,0.0,0.0,0.0,0.0,0.0,0.5,0.5,1.0,1.0,0.0,0.0,0.0,0.0,0.5,0.5,0.0,0.0,0.0,0.0,0.0,0.0
State: w17, Alice: ['u', 'e1'], Bob: ['u', 'e1'], Long Bob: u, Transform: f5;1.0,0.5,0.5,0.0,0.0,0.5,0.0,0.5,0.0,0.0,0.5,0.5,0.0,0.0,0.0,0.0,1.0,0.0,0.5,0.0,0.0,1.0,0.0,0.5,0.0,0.0,0.5,0.0,0.0,0.0,0.0,0.5
State: w17, Alice: ['u', 'e1'], Bob: ['e1', 'u'], Long Bob: u, Transform: f5;0.5,1.0,0.0,0.5,0.5,0.0,0.5,0.0,0.0,0.0,0.5,0.5,0.0,0.0,0.0,0.0,1.0,0.0,0.5,0.0,0.0,1.0,0.0,0.5,0.0,0.0,0.5,0.0,0.0,0.0,0.0,0.5
State: w17, Alice: ['e1', 'u'], Bob: ['u', 'e1'], Long Bob: u, Transform: f5;0.5,0.0,1.0,0.5,0.0,0.5,0.0,0.5,0.5,0.5,0.0,0.0,0.0,0.0,0.0,0.0,0.5,0.0,1.0,0.0,0.0,0.5,0.0,1.0,0.5,0.0,0.0,0.0,0.0,0.5,0.0,0.0
State: w17, Alice: ['e1', 'u'], Bob: ['e1', 'u'], Long Bob: u, Transform: f5;0.0,0.5,0.5,1.0,0.5,0.0,0.5,0.0,0.5,0.5,0.0,0.0,0.0,0.0,0.0,0.0,0.5,0.0,1.0,0.0,0.0,0.5,0.0,1.0,0.5,0.0,0.0,0.0,0.0,0.5,0.0,0.0
State: w17, Alice: ['u', 'e1'], Bob: ['u', 'e1'], Long Bob: u, Transform: f9;1.0,0.5,0.5,0.0,0.0,0.5,0.0,0.5,0.0,0.0,0.5,0.5,0.0,0.0,0.0,0.0,0.0,1.0,0.0,0.5,1.0,0.0,0.5,0.0,0.0,0.0,0.0,0.5,0.0,0.0,0.5,0.0
State: w17, Alice: ['u', 'e1'], Bob: ['e1', 'u'], Long Bob: u, Transform: f9;0.5,1.0,0.0,0.5,0.5,0.0,0.5,0.0,0.0,0.0,0.5,0.5,0.0,0.0,0.0,0.0,0.0,1.0,0.0,0.5,1.0,0.0,0.5,0.0,0.0,0.0,0.0,0.5,0.0,0.0,0.5,0.0
State: w17, Alice: ['e1', 'u'], Bob: ['u', 'e1'], Long Bob: u, Transform: f9;0.5,0.0,1.0,0.5,0.0,0.5,0.0,0.5,0.5,0.5,0.0,0.0,0.0,0.0,0.0,0.0,0.0,0.5,0.0,1.0,0.5,0.0,1.0,0.0,0.0,0.5,0.0,0.0,0.5,0.0,0.0,0.0
State: w17, Alice: ['e1', 'u'], Bob: ['e1', 'u'], Long Bob: u, Transform: f9;0.0,0.5,0.5,1.0,0.5,0.0,0.5,0.0,0.5,0.5,0.0,0.0,0.0,0.0,0.0,0.0,0.0,0.5,0.0,1.0,0.5,0.0,1.0,0.0,0.0,0.5,0.0,0.0,0.5,0.0,0.0,0.0
State: w17, Alice: ['u', 'e1'], Bob: ['u', 'e1'], Long Bob: u, Transform: f13;1.0,0.5,0.5,0.0,0.0,0.5,0.0,0.5,0.0,0.0,0.5,0.5,0.0,0.0,0.0,0.0,0.0,0.0,0.0,0.0,1.0,1.0,0.5,0.5,0.0,0.0,0.0,0.0,0.0,0.0,0.5,0.5
State: w17, Alice: ['u', 'e1'], Bob: ['e1', 'u'], Long Bob: u, Transform: f13;0.5,1.0,0.0,0.5,0.5,0.0,0.5,0.0,0.0,0.0,0.5,0.5,0.0,0.0,0.0,0.0,0.0,0.0,0.0,0.0,1.0,1.0,0.5,0.5,0.0,0.0,0.0,0.0,0.0,0.0,0.5,0.5
State: w17, Alice: ['e1', 'u'], Bob: ['u', 'e1'], Long Bob: u, Transform: f13;0.5,0.0,1.0,0.5,0.0,0.5,0.0,0.5,0.5,0.5,0.0,0.0,0.0,0.0,0.0,0.0,0.0,0.0,0.0,0.0,0.5,0.5,1.0,1.0,0.0,0.0,0.0,0.0,0.5,0.5,0.0,0.0
State: w17, Alice: ['e1', 'u'], Bob: ['e1', 'u'], Long Bob: u, Transform: f13;0.0,0.5,0.5,1.0,0.5,0.0,0.5,0.0,0.5,0.5,0.0,0.0,0.0,0.0,0.0,0.0,0.0,0.0,0.0,0.0,0.5,0.5,1.0,1.0,0.0,0.0,0.0,0.0,0.5,0.5,0.0,0.0
State: w17, Alice: ['u', 'e1'], Bob: ['u', 'e1'], Long Bob: e1, Transform: f2;1.0,0.5,0.5,0.0,0.0,0.5,0.0,0.5,0.0,0.0,0.5,0.5,0.0,0.0,0.0,0.0,1.0,0.5,0.5,0.0,0.0,0.5,0.0,0.5,0.0,0.0,0.5,0.5,0.0,0.0,0.0,0.0
State: w17, Alice: ['u', 'e1'], Bob: ['e1', 'u'], Long Bob: e1, Transform: f2;0.5,1.0,0.0,0.5,0.5,0.0,0.5,0.0,0.0,0.0,0.5,0.5,0.0,0.0,0.0,0.0,1.0,0.5,0.5,0.0,0.0,0.5,0.0,0.5,0.0,0.0,0.5,0.5,0.0,0.0,0.0,0.0
State: w17, Alice: ['e1', 'u'], Bob: ['u', 'e1'], Long Bob: e1, Transform: f2;0.5,0.0,1.0,0.5,0.0,0.5,0.0,0.5,0.5,0.5,0.0,0.0,0.0,0.0,0.0,0.0,0.5,0.0,1.0,0.5,0.0,0.5,0.0,0.5,0.5,0.5,0.0,0.0,0.0,0.0,0.0,0.0
State: w17, Alice: ['e1', 'u'], Bob: ['e1', 'u'], Long Bob: e1, Transform: f2;0.0,0.5,0.5,1.0,0.5,0.0,0.5,0.0,0.5,0.5,0.0,0.0,0.0,0.0,0.0,0.0,0.5,0.0,1.0,0.5,0.0,0.5,0.0,0.5,0.5,0.5,0.0,0.0,0.0,0.0,0.0,0.0
State: w17, Alice: ['u', 'e1'], Bob: ['u', 'e1'], Long Bob: e1, Transform: f3;1.0,0.5,0.5,0.0,0.0,0.5,0.0,0.5,0.0,0.0,0.5,0.5,0.0,0.0,0.0,0.0,0.5,1.0,0.0,0.5,0.5,0.0,0.5,0.0,0.0,0.0,0.5,0.5,0.0,0.0,0.0,0.0
State: w17, Alice: ['u', 'e1'], Bob: ['e1', 'u'], Long Bob: e1, Transform: f3;0.5,1.0,0.0,0.5,0.5,0.0,0.5,0.0,0.0,0.0,0.5,0.5,0.0,0.0,0.0,0.0,0.5,1.0,0.0,0.5,0.5,0.0,0.5,0.0,0.0,0.0,0.5,0.5,0.0,0.0,0.0,0.0
State: w17, Alice: ['e1', 'u'], Bob: ['u', 'e1'], Long Bob: e1, Transform: f3;0.5,0.0,1.0,0.5,0.0,0.5,0.0,0.5,0.5,0.5,0.0,0.0,0.0,0.0,0.0,0.0,0.0,0.5,0.5,1.0,0.5,0.0,0.5,0.0,0.5,0.5,0.0,0.0,0.0,0.0,0.0,0.0
State: w17, Alice: ['e1', 'u'], Bob: ['e1', 'u'], Long Bob: e1, Transform: f3;0.0,0.5,0.5,1.0,0.5,0.0,0.5,0.0,0.5,0.5,0.0,0.0,0.0,0.0,0.0,0.0,0.0,0.5,0.5,1.0,0.5,0.0,0.5,0.0,0.5,0.5,0.0,0.0,0.0,0.0,0.0,0.0
State: w17, Alice: ['u', 'e1'], Bob: ['u', 'e1'], Long Bob: e1, Transform: f4;1.0,0.5,0.5,0.0,0.0,0.5,0.0,0.5,0.0,0.0,0.5,0.5,0.0,0.0,0.0,0.0,0.5,0.5,0.0,0.0,0.5,0.5,0.5,0.5,0.0,0.0,0.5,0.5,0.0,0.0,0.0,0.0
State: w17, Alice: ['u', 'e1'], Bob: ['e1', 'u'], Long Bob: e1, Transform: f4;0.5,1.0,0.0,0.5,0.5,0.0,0.5,0.0,0.0,0.0,0.5,0.5,0.0,0.0,0.0,0.0,0.5,0.5,0.0,0.0,0.5,0.5,0.5,0.5,0.0,0.0,0.5,0.5,0.0,0.0,0.0,0.0
State: w17, Alice: ['e1', 'u'], Bob: ['u', 'e1'], Long Bob: e1, Transform: f4;0.5,0.0,1.0,0.5,0.0,0.5,0.0,0.5,0.5,0.5,0.0,0.0,0.0,0.0,0.0,0.0,0.0,0.0,0.5,0.5,0.5,0.5,0.5,0.5,0.5,0.5,0.0,0.0,0.0,0.0,0.0,0.0
State: w17, Alice: ['e1', 'u'], Bob: ['e1', 'u'], Long Bob: e1, Transform: f4;0.0,0.5,0.5,1.0,0.5,0.0,0.5,0.0,0.5,0.5,0.0,0.0,0.0,0.0,0.0,0.0,0.0,0.0,0.5,0.5,0.5,0.5,0.5,0.5,0.5,0.5,0.0,0.0,0.0,0.0,0.0,0.0
State: w17, Alice: ['u', 'e1'], Bob: ['u', 'e1'], Long Bob: e1, Transform: f5;1.0,0.5,0.5,0.0,0.0,0.5,0.0,0.5,0.0,0.0,0.5,0.5,0.0,0.0,0.0,0.0,1.0,0.5,0.5,0.5,0.0,0.5,0.0,0.0,0.0,0.0,0.5,0.0,0.0,0.0,0.0,0.5
State: w17, Alice: ['u', 'e1'], Bob: ['e1', 'u'], Long Bob: e1, Transform: f5;0.5,1.0,0.0,0.5,0.5,0.0,0.5,0.0,0.0,0.0,0.5,0.5,0.0,0.0,0.0,0.0,1.0,0.5,0.5,0.5,0.0,0.5,0.0,0.0,0.0,0.0,0.5,0.0,0.0,0.0,0.0,0.5
State: w17, Alice: ['e1', 'u'], Bob: ['u', 'e1'], Long Bob: e1, Transform: f5;0.5,0.0,1.0,0.5,0.0,0.5,0.0,0.5,0.5,0.5,0.0,0.0,0.0,0.0,0.0,0.0,0.5,0.5,1.0,0.5,0.0,0.0,0.0,0.5,0.5,0.0,0.0,0.0,0.0,0.5,0.0,0.0
State: w17, Alice: ['e1', 'u'], Bob: ['e1', 'u'], Long Bob: e1, Transform: f5;0.0,0.5,0.5,1.0,0.5,0.0,0.5,0.0,0.5,0.5,0.0,0.0,0.0,0.0,0.0,0.0,0.5,0.5,1.0,0.5,0.0,0.0,0.0,0.5,0.5,0.0,0.0,0.0,0.0,0.5,0.0,0.0
State: w17, Alice: ['u', 'e1'], Bob: ['u', 'e1'], Long Bob: e1, Transform: f7;1.0,0.5,0.5,0.0,0.0,0.5,0.0,0.5,0.0,0.0,0.5,0.5,0.0,0.0,0.0,0.0,0.5,0.5,0.0,0.5,0.5,0.5,0.5,0.0,0.0,0.0,0.5,0.0,0.0,0.0,0.0,0.5
State: w17, Alice: ['u', 'e1'], Bob: ['e1', 'u'], Long Bob: e1, Transform: f7;0.5,1.0,0.0,0.5,0.5,0.0,0.5,0.0,0.0,0.0,0.5,0.5,0.0,0.0,0.0,0.0,0.5,0.5,0.0,0.5,0.5,0.5,0.5,0.0,0.0,0.0,0.5,0.0,0.0,0.0,0.0,0.5
State: w17, Alice: ['e1', 'u'], Bob: ['u', 'e1'], Long Bob: e1, Transform: f7;0.5,0.0,1.0,0.5,0.0,0.5,0.0,0.5,0.5,0.5,0.0,0.0,0.0,0.0,0.0,0.0,0.0,0.5,0.5,0.5,0.5,0.0,0.5,0.5,0.5,0.0,0.0,0.0,0.0,0.5,0.0,0.0
State: w17, Alice: ['e1', 'u'], Bob: ['e1', 'u'], Long Bob: e1, Transform: f7;0.0,0.5,0.5,1.0,0.5,0.0,0.5,0.0,0.5,0.5,0.0,0.0,0.0,0.0,0.0,0.0,0.0,0.5,0.5,0.5,0.5,0.0,0.5,0.5,0.5,0.0,0.0,0.0,0.0,0.5,0.0,0.0
State: w17, Alice: ['u', 'e1'], Bob: ['u', 'e1'], Long Bob: e1, Transform: f8;1.0,0.5,0.5,0.0,0.0,0.5,0.0,0.5,0.0,0.0,0.5,0.5,0.0,0.0,0.0,0.0,0.5,0.0,0.0,0.0,0.5,1.0,0.5,0.5,0.0,0.0,0.5,0.0,0.0,0.0,0.0,0.5
State: w17, Alice: ['u', 'e1'], Bob: ['e1', 'u'], Long Bob: e1, Transform: f8;0.5,1.0,0.0,0.5,0.5,0.0,0.5,0.0,0.0,0.0,0.5,0.5,0.0,0.0,0.0,0.0,0.5,0.0,0.0,0.0,0.5,1.0,0.5,0.5,0.0,0.0,0.5,0.0,0.0,0.0,0.0,0.5
State: w17, Alice: ['e1', 'u'], Bob: ['u', 'e1'], Long Bob: e1, Transform: f8;0.5,0.0,1.0,0.5,0.0,0.5,0.0,0.5,0.5,0.5,0.0,0.0,0.0,0.0,0.0,0.0,0.0,0.0,0.5,0.0,0.5,0.5,0.5,1.0,0.5,0.0,0.0,0.0,0.0,0.5,0.0,0.0
State: w17, Alice: ['e1', 'u'], Bob: ['e1', 'u'], Long Bob: e1, Transform: f8;0.0,0.5,0.5,1.0,0.5,0.0,0.5,0.0,0.5,0.5,0.0,0.0,0.0,0.0,0.0,0.0,0.0,0.0,0.5,0.0,0.5,0.5,0.5,1.0,0.5,0.0,0.0,0.0,0.0,0.5,0.0,0.0
State: w17, Alice: ['u', 'e1'], Bob: ['u', 'e1'], Long Bob: e1, Transform: f9;1.0,0.5,0.5,0.0,0.0,0.5,0.0,0.5,0.0,0.0,0.5,0.5,0.0,0.0,0.0,0.0,0.5,1.0,0.5,0.5,0.5,0.0,0.0,0.0,0.0,0.0,0.0,0.5,0.0,0.0,0.5,0.0
State: w17, Alice: ['u', 'e1'], Bob: ['e1', 'u'], Long Bob: e1, Transform: f9;0.5,1.0,0.0,0.5,0.5,0.0,0.5,0.0,0.0,0.0,0.5,0.5,0.0,0.0,0.0,0.0,0.5,1.0,0.5,0.5,0.5,0.0,0.0,0.0,0.0,0.0,0.0,0.5,0.0,0.0,0.5,0.0
State: w17, Alice: ['e1', 'u'], Bob: ['u', 'e1'], Long Bob: e1, Transform: f9;0.5,0.0,1.0,0.5,0.0,0.5,0.0,0.5,0.5,0.5,0.0,0.0,0.0,0.0,0.0,0.0,0.5,0.5,0.5,1.0,0.0,0.0,0.5,0.0,0.0,0.5,0.0,0.0,0.5,0.0,0.0,0.0
State: w17, Alice: ['e1', 'u'], Bob: ['e1', 'u'], Long Bob: e1, Transform: f9;0.0,0.5,0.5,1.0,0.5,0.0,0.5,0.0,0.5,0.5,0.0,0.0,0.0,0.0,0.0,0.0,0.5,0.5,0.5,1.0,0.0,0.0,0.5,0.0,0.0,0.5,0.0,0.0,0.5,0.0,0.0,0.0
State: w17, Alice: ['u', 'e1'], Bob: ['u', 'e1'], Long Bob: e1, Transform: f10;1.0,0.5,0.5,0.0,0.0,0.5,0.0,0.5,0.0,0.0,0.5,0.5,0.0,0.0,0.0,0.0,0.5,0.5,0.5,0.0,0.5,0.5,0.0,0.5,0.0,0.0,0.0,0.5,0.0,0.0,0.5,0.0
State: w17, Alice: ['u', 'e1'], Bob: ['e1', 'u'], Long Bob: e1, Transform: f10;0.5,1.0,0.0,0.5,0.5,0.0,0.5,0.0,0.0,0.0,0.5,0.5,0.0,0.0,0.0,0.0,0.5,0.5,0.5,0.0,0.5,0.5,0.0,0.5,0.0,0.0,0.0,0.5,0.0,0.0,0.5,0.0
State: w17, Alice: ['e1', 'u'], Bob: ['u', 'e1'], Long Bob: e1, Transform: f10;0.5,0.0,1.0,0.5,0.0,0.5,0.0,0.5,0.5,0.5,0.0,0.0,0.0,0.0,0.0,0.0,0.5,0.0,0.5,0.5,0.0,0.5,0.5,0.5,0.0,0.5,0.0,0.0,0.5,0.0,0.0,0.0
State: w17, Alice: ['e1', 'u'], Bob: ['e1', 'u'], Long Bob: e1, Transform: f10;0.0,0.5,0.5,1.0,0.5,0.0,0.5,0.0,0.5,0.5,0.0,0.0,0.0,0.0,0.0,0.0,0.5,0.0,0.5,0.5,0.0,0.5,0.5,0.5,0.0,0.5,0.0,0.0,0.5,0.0,0.0,0.0
State: w17, Alice: ['u', 'e1'], Bob: ['u', 'e1'], Long Bob: e1, Transform: f12;1.0,0.5,0.5,0.0,0.0,0.5,0.0,0.5,0.0,0.0,0.5,0.5,0.0,0.0,0.0,0.0,0.0,0.5,0.0,0.0,1.0,0.5,0.5,0.5,0.0,0.0,0.0,0.5,0.0,0.0,0.5,0.0
State: w17, Alice: ['u', 'e1'], Bob: ['e1', 'u'], Long Bob: e1, Transform: f12;0.5,1.0,0.0,0.5,0.5,0.0,0.5,0.0,0.0,0.0,0.5,0.5,0.0,0.0,0.0,0.0,0.0,0.5,0.0,0.0,1.0,0.5,0.5,0.5,0.0,0.0,0.0,0.5,0.0,0.0,0.5,0.0
State: w17, Alice: ['e1', 'u'], Bob: ['u', 'e1'], Long Bob: e1, Transform: f12;0.5,0.0,1.0,0.5,0.0,0.5,0.0,0.5,0.5,0.5,0.0,0.0,0.0,0.0,0.0,0.0,0.0,0.0,0.0,0.5,0.5,0.5,1.0,0.5,0.0,0.5,0.0,0.0,0.5,0.0,0.0,0.0
State: w17, Alice: ['e1', 'u'], Bob: ['e1', 'u'], Long Bob: e1, Transform: f12;0.0,0.5,0.5,1.0,0.5,0.0,0.5,0.0,0.5,0.5,0.0,0.0,0.0,0.0,0.0,0.0,0.0,0.0,0.0,0.5,0.5,0.5,1.0,0.5,0.0,0.5,0.0,0.0,0.5,0.0,0.0,0.0
State: w17, Alice: ['u', 'e1'], Bob: ['u', 'e1'], Long Bob: e1, Transform: f13;1.0,0.5,0.5,0.0,0.0,0.5,0.0,0.5,0.0,0.0,0.5,0.5,0.0,0.0,0.0,0.0,0.5,0.5,0.5,0.5,0.5,0.5,0.0,0.0,0.0,0.0,0.0,0.0,0.0,0.0,0.5,0.5
State: w17, Alice: ['u', 'e1'], Bob: ['e1', 'u'], Long Bob: e1, Transform: f13;0.5,1.0,0.0,0.5,0.5,0.0,0.5,0.0,0.0,0.0,0.5,0.5,0.0,0.0,0.0,0.0,0.5,0.5,0.5,0.5,0.5,0.5,0.0,0.0,0.0,0.0,0.0,0.0,0.0,0.0,0.5,0.5
State: w17, Alice: ['e1', 'u'], Bob: ['u', 'e1'], Long Bob: e1, Transform: f13;0.5,0.0,1.0,0.5,0.0,0.5,0.0,0.5,0.5,0.5,0.0,0.0,0.0,0.0,0.0,0.0,0.5,0.5,0.5,0.5,0.0,0.0,0.5,0.5,0.0,0.0,0.0,0.0,0.5,0.5,0.0,0.0
State: w17, Alice: ['e1', 'u'], Bob: ['e1', 'u'], Long Bob: e1, Transform: f13;0.0,0.5,0.5,1.0,0.5,0.0,0.5,0.0,0.5,0.5,0.0,0.0,0.0,0.0,0.0,0.0,0.5,0.5,0.5,0.5,0.0,0.0,0.5,0.5,0.0,0.0,0.0,0.0,0.5,0.5,0.0,0.0
State: w17, Alice: ['u', 'e1'], Bob: ['u', 'e1'], Long Bob: e1, Transform: f14;1.0,0.5,0.5,0.0,0.0,0.5,0.0,0.5,0.0,0.0,0.5,0.5,0.0,0.0,0.0,0.0,0.5,0.0,0.5,0.0,0.5,1.0,0.0,0.5,0.0,0.0,0.0,0.0,0.0,0.0,0.5,0.5
State: w17, Alice: ['u', 'e1'], Bob: ['e1', 'u'], Long Bob: e1, Transform: f14;0.5,1.0,0.0,0.5,0.5,0.0,0.5,0.0,0.0,0.0,0.5,0.5,0.0,0.0,0.0,0.0,0.5,0.0,0.5,0.0,0.5,1.0,0.0,0.5,0.0,0.0,0.0,0.0,0.0,0.0,0.5,0.5
State: w17, Alice: ['e1', 'u'], Bob: ['u', 'e1'], Long Bob: e1, Transform: f14;0.5,0.0,1.0,0.5,0.0,0.5,0.0,0.5,0.5,0.5,0.0,0.0,0.0,0.0,0.0,0.0,0.5,0.0,0.5,0.0,0.0,0.5,0.5,1.0,0.0,0.0,0.0,0.0,0.5,0.5,0.0,0.0
State: w17, Alice: ['e1', 'u'], Bob: ['e1', 'u'], Long Bob: e1, Transform: f14;0.0,0.5,0.5,1.0,0.5,0.0,0.5,0.0,0.5,0.5,0.0,0.0,0.0,0.0,0.0,0.0,0.5,0.0,0.5,0.0,0.0,0.5,0.5,1.0,0.0,0.0,0.0,0.0,0.5,0.5,0.0,0.0
State: w17, Alice: ['u', 'e1'], Bob: ['u', 'e1'], Long Bob: e1, Transform: f15;1.0,0.5,0.5,0.0,0.0,0.5,0.0,0.5,0.0,0.0,0.5,0.5,0.0,0.0,0.0,0.0,0.0,0.5,0.0,0.5,1.0,0.5,0.5,0.0,0.0,0.0,0.0,0.0,0.0,0.0,0.5,0.5
State: w17, Alice: ['u', 'e1'], Bob: ['e1', 'u'], Long Bob: e1, Transform: f15;0.5,1.0,0.0,0.5,0.5,0.0,0.5,0.0,0.0,0.0,0.5,0.5,0.0,0.0,0.0,0.0,0.0,0.5,0.0,0.5,1.0,0.5,0.5,0.0,0.0,0.0,0.0,0.0,0.0,0.0,0.5,0.5
State: w17, Alice: ['e1', 'u'], Bob: ['u', 'e1'], Long Bob: e1, Transform: f15;0.5,0.0,1.0,0.5,0.0,0.5,0.0,0.5,0.5,0.5,0.0,0.0,0.0,0.0,0.0,0.0,0.0,0.5,0.0,0.5,0.5,0.0,1.0,0.5,0.0,0.0,0.0,0.0,0.5,0.5,0.0,0.0
State: w17, Alice: ['e1', 'u'], Bob: ['e1', 'u'], Long Bob: e1, Transform: f15;0.0,0.5,0.5,1.0,0.5,0.0,0.5,0.0,0.5,0.5,0.0,0.0,0.0,0.0,0.0,0.0,0.0,0.5,0.0,0.5,0.5,0.0,1.0,0.5,0.0,0.0,0.0,0.0,0.5,0.5,0.0,0.0
State: w17, Alice: ['u', 'e1'], Bob: ['u', 'e2'], Long Bob: u, Transform: f1;1.0,0.5,0.5,0.5,0.0,0.5,0.0,0.0,0.0,0.0,0.5,0.0,0.0,0.0,0.0,0.5,1.0,1.0,0.5,0.5,0.0,0.0,0.0,0.0,0.0,0.0,0.5,0.5,0.0,0.0,0.0,0.0
State: w17, Alice: ['u', 'e1'], Bob: ['e2', 'u'], Long Bob: u, Transform: f1;0.5,1.0,0.5,0.5,0.5,0.0,0.0,0.0,0.0,0.0,0.0,0.5,0.0,0.0,0.5,0.0,1.0,1.0,0.5,0.5,0.0,0.0,0.0,0.0,0.0,0.0,0.5,0.5,0.0,0.0,0.0,0.0
State: w17, Alice: ['e1', 'u'], Bob: ['u', 'e2'], Long Bob: u, Transform: f1;0.5,0.5,1.0,0.5,0.0,0.0,0.0,0.5,0.5,0.0,0.0,0.0,0.0,0.5,0.0,0.0,0.5,0.5,1.0,1.0,0.0,0.0,0.0,0.0,0.5,0.5,0.0,0.0,0.0,0.0,0.0,0.0
State: w17, Alice: ['e1', 'u'], Bob: ['e2', 'u'], Long Bob: u, Transform: f1;0.5,0.5,0.5,1.0,0.0,0.0,0.5,0.0,0.0,0.5,0.0,0.0,0.5,0.0,0.0,0.0,0.5,0.5,1.0,1.0,0.0,0.0,0.0,0.0,0.5,0.5,0.0,0.0,0.0,0.0,0.0,0.0
State: w17, Alice: ['u', 'e1'], Bob: ['u', 'e2'], Long Bob: u, Transform: f5;1.0,0.5,0.5,0.5,0.0,0.5,0.0,0.0,0.0,0.0,0.5,0.0,0.0,0.0,0.0,0.5,1.0,0.0,0.5,0.0,0.0,1.0,0.0,0.5,0.0,0.0,0.5,0.0,0.0,0.0,0.0,0.5
State: w17, Alice: ['u', 'e1'], Bob: ['e2', 'u'], Long Bob: u, Transform: f5;0.5,1.0,0.5,0.5,0.5,0.0,0.0,0.0,0.0,0.0,0.0,0.5,0.0,0.0,0.5,0.0,1.0,0.0,0.5,0.0,0.0,1.0,0.0,0.5,0.0,0.0,0.5,0.0,0.0,0.0,0.0,0.5
State: w17, Alice: ['e1', 'u'], Bob: ['u', 'e2'], Long Bob: u, Transform: f5;0.5,0.5,1.0,0.5,0.0,0.0,0.0,0.5,0.5,0.0,0.0,0.0,0.0,0.5,0.0,0.0,0.5,0.0,1.0,0.0,0.0,0.5,0.0,1.0,0.5,0.0,0.0,0.0,0.0,0.5,0.0,0.0
State: w17, Alice: ['e1', 'u'], Bob: ['e2', 'u'], Long Bob: u, Transform: f5;0.5,0.5,0.5,1.0,0.0,0.0,0.5,0.0,0.0,0.5,0.0,0.0,0.5,0.0,0.0,0.0,0.5,0.0,1.0,0.0,0.0,0.5,0.0,1.0,0.5,0.0,0.0,0.0,0.0,0.5,0.0,0.0
State: w17, Alice: ['u', 'e1'], Bob: ['u', 'e2'], Long Bob: u, Transform: f9;1.0,0.5,0.5,0.5,0.0,0.5,0.0,0.0,0.0,0.0,0.5,0.0,0.0,0.0,0.0,0.5,0.0,1.0,0.0,0.5,1.0,0.0,0.5,0.0,0.0,0.0,0.0,0.5,0.0,0.0,0.5,0.0
State: w17, Alice: ['u', 'e1'], Bob: ['e2', 'u'], Long Bob: u, Transform: f9;0.5,1.0,0.5,0.5,0.5,0.0,0.0,0.0,0.0,0.0,0.0,0.5,0.0,0.0,0.5,0.0,0.0,1.0,0.0,0.5,1.0,0.0,0.5,0.0,0.0,0.0,0.0,0.5,0.0,0.0,0.5,0.0
State: w17, Alice: ['e1', 'u'], Bob: ['u', 'e2'], Long Bob: u, Transform: f9;0.5,0.5,1.0,0.5,0.0,0.0,0.0,0.5,0.5,0.0,0.0,0.0,0.0,0.5,0.0,0.0,0.0,0.5,0.0,1.0,0.5,0.0,1.0,0.0,0.0,0.5,0.0,0.0,0.5,0.0,0.0,0.0
State: w17, Alice: ['e1', 'u'], Bob: ['e2', 'u'], Long Bob: u, Transform: f9;0.5,0.5,0.5,1.0,0.0,0.0,0.5,0.0,0.0,0.5,0.0,0.0,0.5,0.0,0.0,0.0,0.0,0.5,0.0,1.0,0.5,0.0,1.0,0.0,0.0,0.5,0.0,0.0,0.5,0.0,0.0,0.0
State: w17, Alice: ['u', 'e1'], Bob: ['u', 'e2'], Long Bob: u, Transform: f13;1.0,0.5,0.5,0.5,0.0,0.5,0.0,0.0,0.0,0.0,0.5,0.0,0.0,0.0,0.0,0.5,0.0,0.0,0.0,0.0,1.0,1.0,0.5,0.5,0.0,0.0,0.0,0.0,0.0,0.0,0.5,0.5
State: w17, Alice: ['u', 'e1'], Bob: ['e2', 'u'], Long Bob: u, Transform: f13;0.5,1.0,0.5,0.5,0.5,0.0,0.0,0.0,0.0,0.0,0.0,0.5,0.0,0.0,0.5,0.0,0.0,0.0,0.0,0.0,1.0,1.0,0.5,0.5,0.0,0.0,0.0,0.0,0.0,0.0,0.5,0.5
State: w17, Alice: ['e1', 'u'], Bob: ['u', 'e2'], Long Bob: u, Transform: f13;0.5,0.5,1.0,0.5,0.0,0.0,0.0,0.5,0.5,0.0,0.0,0.0,0.0,0.5,0.0,0.0,0.0,0.0,0.0,0.0,0.5,0.5,1.0,1.0,0.0,0.0,0.0,0.0,0.5,0.5,0.0,0.0
State: w17, Alice: ['e1', 'u'], Bob: ['e2', 'u'], Long Bob: u, Transform: f13;0.5,0.5,0.5,1.0,0.0,0.0,0.5,0.0,0.0,0.5,0.0,0.0,0.5,0.0,0.0,0.0,0.0,0.0,0.0,0.0,0.5,0.5,1.0,1.0,0.0,0.0,0.0,0.0,0.5,0.5,0.0,0.0
State: w17, Alice: ['u', 'e1'], Bob: ['u', 'e2'], Long Bob: e1, Transform: f2;1.0,0.5,0.5,0.5,0.0,0.5,0.0,0.0,0.0,0.0,0.5,0.0,0.0,0.0,0.0,0.5,1.0,0.5,0.5,0.0,0.0,0.5,0.0,0.5,0.0,0.0,0.5,0.5,0.0,0.0,0.0,0.0
State: w17, Alice: ['u', 'e1'], Bob: ['e2', 'u'], Long Bob: e1, Transform: f2;0.5,1.0,0.5,0.5,0.5,0.0,0.0,0.0,0.0,0.0,0.0,0.5,0.0,0.0,0.5,0.0,1.0,0.5,0.5,0.0,0.0,0.5,0.0,0.5,0.0,0.0,0.5,0.5,0.0,0.0,0.0,0.0
State: w17, Alice: ['e1', 'u'], Bob: ['u', 'e2'], Long Bob: e1, Transform: f2;0.5,0.5,1.0,0.5,0.0,0.0,0.0,0.5,0.5,0.0,0.0,0.0,0.0,0.5,0.0,0.0,0.5,0.0,1.0,0.5,0.0,0.5,0.0,0.5,0.5,0.5,0.0,0.0,0.0,0.0,0.0,0.0
State: w17, Alice: ['e1', 'u'], Bob: ['e2', 'u'], Long Bob: e1, Transform: f2;0.5,0.5,0.5,1.0,0.0,0.0,0.5,0.0,0.0,0.5,0.0,0.0,0.5,0.0,0.0,0.0,0.5,0.0,1.0,0.5,0.0,0.5,0.0,0.5,0.5,0.5,0.0,0.0,0.0,0.0,0.0,0.0
State: w17, Alice: ['u', 'e1'], Bob: ['u', 'e2'], Long Bob: e1, Transform: f3;1.0,0.5,0.5,0.5,0.0,0.5,0.0,0.0,0.0,0.0,0.5,0.0,0.0,0.0,0.0,0.5,0.5,1.0,0.0,0.5,0.5,0.0,0.5,0.0,0.0,0.0,0.5,0.5,0.0,0.0,0.0,0.0
State: w17, Alice: ['u', 'e1'], Bob: ['e2', 'u'], Long Bob: e1, Transform: f3;0.5,1.0,0.5,0.5,0.5,0.0,0.0,0.0,0.0,0.0,0.0,0.5,0.0,0.0,0.5,0.0,0.5,1.0,0.0,0.5,0.5,0.0,0.5,0.0,0.0,0.0,0.5,0.5,0.0,0.0,0.0,0.0
State: w17, Alice: ['e1', 'u'], Bob: ['u', 'e2'], Long Bob: e1, Transform: f3;0.5,0.5,1.0,0.5,0.0,0.0,0.0,0.5,0.5,0.0,0.0,0.0,0.0,0.5,0.0,0.0,0.0,0.5,0.5,1.0,0.5,0.0,0.5,0.0,0.5,0.5,0.0,0.0,0.0,0.0,0.0,0.0
State: w17, Alice: ['e1', 'u'], Bob: ['e2', 'u'], Long Bob: e1, Transform: f3;0.5,0.5,0.5,1.0,0.0,0.0,0.5,0.0,0.0,0.5,0.0,0.0,0.5,0.0,0.0,0.0,0.0,0.5,0.5,1.0,0.5,0.0,0.5,0.0,0.5,0.5,0.0,0.0,0.0,0.0,0.0,0.0
State: w17, Alice: ['u', 'e1'], Bob: ['u', 'e2'], Long Bob: e1, Transform: f4;1.0,0.5,0.5,0.5,0.0,0.5,0.0,0.0,0.0,0.0,0.5,0.0,0.0,0.0,0.0,0.5,0.5,0.5,0.0,0.0,0.5,0.5,0.5,0.5,0.0,0.0,0.5,0.5,0.0,0.0,0.0,0.0
State: w17, Alice: ['u', 'e1'], Bob: ['e2', 'u'], Long Bob: e1, Transform: f4;0.5,1.0,0.5,0.5,0.5,0.0,0.0,0.0,0.0,0.0,0.0,0.5,0.0,0.0,0.5,0.0,0.5,0.5,0.0,0.0,0.5,0.5,0.5,0.5,0.0,0.0,0.5,0.5,0.0,0.0,0.0,0.0
State: w17, Alice: ['e1', 'u'], Bob: ['u', 'e2'], Long Bob: e1, Transform: f4;0.5,0.5,1.0,0.5,0.0,0.0,0.0,0.5,0.5,0.0,0.0,0.0,0.0,0.5,0.0,0.0,0.0,0.0,0.5,0.5,0.5,0.5,0.5,0.5,0.5,0.5,0.0,0.0,0.0,0.0,0.0,0.0
State: w17, Alice: ['e1', 'u'], Bob: ['e2', 'u'], Long Bob: e1, Transform: f4;0.5,0.5,0.5,1.0,0.0,0.0,0.5,0.0,0.0,0.5,0.0,0.0,0.5,0.0,0.0,0.0,0.0,0.0,0.5,0.5,0.5,0.5,0.5,0.5,0.5,0.5,0.0,0.0,0.0,0.0,0.0,0.0
State: w17, Alice: ['u', 'e1'], Bob: ['u', 'e2'], Long Bob: e1, Transform: f5;1.0,0.5,0.5,0.5,0.0,0.5,0.0,0.0,0.0,0.0,0.5,0.0,0.0,0.0,0.0,0.5,1.0,0.5,0.5,0.5,0.0,0.5,0.0,0.0,0.0,0.0,0.5,0.0,0.0,0.0,0.0,0.5
State: w17, Alice: ['u', 'e1'], Bob: ['e2', 'u'], Long Bob: e1, Transform: f5;0.5,1.0,0.5,0.5,0.5,0.0,0.0,0.0,0.0,0.0,0.0,0.5,0.0,0.0,0.5,0.0,1.0,0.5,0.5,0.5,0.0,0.5,0.0,0.0,0.0,0.0,0.5,0.0,0.0,0.0,0.0,0.5
State: w17, Alice: ['e1', 'u'], Bob: ['u', 'e2'], Long Bob: e1, Transform: f5;0.5,0.5,1.0,0.5,0.0,0.0,0.0,0.5,0.5,0.0,0.0,0.0,0.0,0.5,0.0,0.0,0.5,0.5,1.0,0.5,0.0,0.0,0.0,0.5,0.5,0.0,0.0,0.0,0.0,0.5,0.0,0.0
State: w17, Alice: ['e1', 'u'], Bob: ['e2', 'u'], Long Bob: e1, Transform: f5;0.5,0.5,0.5,1.0,0.0,0.0,0.5,0.0,0.0,0.5,0.0,0.0,0.5,0.0,0.0,0.0,0.5,0.5,1.0,0.5,0.0,0.0,0.0,0.5,0.5,0.0,0.0,0.0,0.0,0.5,0.0,0.0
State: w17, Alice: ['u', 'e1'], Bob: ['u', 'e2'], Long Bob: e1, Transform: f7;1.0,0.5,0.5,0.5,0.0,0.5,0.0,0.0,0.0,0.0,0.5,0.0,0.0,0.0,0.0,0.5,0.5,0.5,0.0,0.5,0.5,0.5,0.5,0.0,0.0,0.0,0.5,0.0,0.0,0.0,0.0,0.5
State: w17, Alice: ['u', 'e1'], Bob: ['e2', 'u'], Long Bob: e1, Transform: f7;0.5,1.0,0.5,0.5,0.5,0.0,0.0,0.0,0.0,0.0,0.0,0.5,0.0,0.0,0.5,0.0,0.5,0.5,0.0,0.5,0.5,0.5,0.5,0.0,0.0,0.0,0.5,0.0,0.0,0.0,0.0,0.5
State: w17, Alice: ['e1', 'u'], Bob: ['u', 'e2'], Long Bob: e1, Transform: f7;0.5,0.5,1.0,0.5,0.0,0.0,0.0,0.5,0.5,0.0,0.0,0.0,0.0,0.5,0.0,0.0,0.0,0.5,0.5,0.5,0.5,0.0,0.5,0.5,0.5,0.0,0.0,0.0,0.0,0.5,0.0,0.0
State: w17, Alice: ['e1', 'u'], Bob: ['e2', 'u'], Long Bob: e1, Transform: f7;0.5,0.5,0.5,1.0,0.0,0.0,0.5,0.0,0.0,0.5,0.0,0.0,0.5,0.0,0.0,0.0,0.0,0.5,0.5,0.5,0.5,0.0,0.5,0.5,0.5,0.0,0.0,0.0,0.0,0.5,0.0,0.0
State: w17, Alice: ['u', 'e1'], Bob: ['u', 'e2'], Long Bob: e1, Transform: f8;1.0,0.5,0.5,0.5,0.0,0.5,0.0,0.0,0.0,0.0,0.5,0.0,0.0,0.0,0.0,0.5,0.5,0.0,0.0,0.0,0.5,1.0,0.5,0.5,0.0,0.0,0.5,0.0,0.0,0.0,0.0,0.5
State: w17, Alice: ['u', 'e1'], Bob: ['e2', 'u'], Long Bob: e1, Transform: f8;0.5,1.0,0.5,0.5,0.5,0.0,0.0,0.0,0.0,0.0,0.0,0.5,0.0,0.0,0.5,0.0,0.5,0.0,0.0,0.0,0.5,1.0,0.5,0.5,0.0,0.0,0.5,0.0,0.0,0.0,0.0,0.5
State: w17, Alice: ['e1', 'u'], Bob: ['u', 'e2'], Long Bob: e1, Transform: f8;0.5,0.5,1.0,0.5,0.0,0.0,0.0,0.5,0.5,0.0,0.0,0.0,0.0,0.5,0.0,0.0,0.0,0.0,0.5,0.0,0.5,0.5,0.5,1.0,0.5,0.0,0.0,0.0,0.0,0.5,0.0,0.0
State: w17, Alice: ['e1', 'u'], Bob: ['e2', 'u'], Long Bob: e1, Transform: f8;0.5,0.5,0.5,1.0,0.0,0.0,0.5,0.0,0.0,0.5,0.0,0.0,0.5,0.0,0.0,0.0,0.0,0.0,0.5,0.0,0.5,0.5,0.5,1.0,0.5,0.0,0.0,0.0,0.0,0.5,0.0,0.0
State: w17, Alice: ['u', 'e1'], Bob: ['u', 'e2'], Long Bob: e1, Transform: f9;1.0,0.5,0.5,0.5,0.0,0.5,0.0,0.0,0.0,0.0,0.5,0.0,0.0,0.0,0.0,0.5,0.5,1.0,0.5,0.5,0.5,0.0,0.0,0.0,0.0,0.0,0.0,0.5,0.0,0.0,0.5,0.0
State: w17, Alice: ['u', 'e1'], Bob: ['e2', 'u'], Long Bob: e1, Transform: f9;0.5,1.0,0.5,0.5,0.5,0.0,0.0,0.0,0.0,0.0,0.0,0.5,0.0,0.0,0.5,0.0,0.5,1.0,0.5,0.5,0.5,0.0,0.0,0.0,0.0,0.0,0.0,0.5,0.0,0.0,0.5,0.0
State: w17, Alice: ['e1', 'u'], Bob: ['u', 'e2'], Long Bob: e1, Transform: f9;0.5,0.5,1.0,0.5,0.0,0.0,0.0,0.5,0.5,0.0,0.0,0.0,0.0,0.5,0.0,0.0,0.5,0.5,0.5,1.0,0.0,0.0,0.5,0.0,0.0,0.5,0.0,0.0,0.5,0.0,0.0,0.0
State: w17, Alice: ['e1', 'u'], Bob: ['e2', 'u'], Long Bob: e1, Transform: f9;0.5,0.5,0.5,1.0,0.0,0.0,0.5,0.0,0.0,0.5,0.0,0.0,0.5,0.0,0.0,0.0,0.5,0.5,0.5,1.0,0.0,0.0,0.5,0.0,0.0,0.5,0.0,0.0,0.5,0.0,0.0,0.0
State: w17, Alice: ['u', 'e1'], Bob: ['u', 'e2'], Long Bob: e1, Transform: f10;1.0,0.5,0.5,0.5,0.0,0.5,0.0,0.0,0.0,0.0,0.5,0.0,0.0,0.0,0.0,0.5,0.5,0.5,0.5,0.0,0.5,0.5,0.0,0.5,0.0,0.0,0.0,0.5,0.0,0.0,0.5,0.0
State: w17, Alice: ['u', 'e1'], Bob: ['e2', 'u'], Long Bob: e1, Transform: f10;0.5,1.0,0.5,0.5,0.5,0.0,0.0,0.0,0.0,0.0,0.0,0.5,0.0,0.0,0.5,0.0,0.5,0.5,0.5,0.0,0.5,0.5,0.0,0.5,0.0,0.0,0.0,0.5,0.0,0.0,0.5,0.0
State: w17, Alice: ['e1', 'u'], Bob: ['u', 'e2'], Long Bob: e1, Transform: f10;0.5,0.5,1.0,0.5,0.0,0.0,0.0,0.5,0.5,0.0,0.0,0.0,0.0,0.5,0.0,0.0,0.5,0.0,0.5,0.5,0.0,0.5,0.5,0.5,0.0,0.5,0.0,0.0,0.5,0.0,0.0,0.0
State: w17, Alice: ['e1', 'u'], Bob: ['e2', 'u'], Long Bob: e1, Transform: f10;0.5,0.5,0.5,1.0,0.0,0.0,0.5,0.0,0.0,0.5,0.0,0.0,0.5,0.0,0.0,0.0,0.5,0.0,0.5,0.5,0.0,0.5,0.5,0.5,0.0,0.5,0.0,0.0,0.5,0.0,0.0,0.0
State: w17, Alice: ['u', 'e1'], Bob: ['u', 'e2'], Long Bob: e1, Transform: f12;1.0,0.5,0.5,0.5,0.0,0.5,0.0,0.0,0.0,0.0,0.5,0.0,0.0,0.0,0.0,0.5,0.0,0.5,0.0,0.0,1.0,0.5,0.5,0.5,0.0,0.0,0.0,0.5,0.0,0.0,0.5,0.0
State: w17, Alice: ['u', 'e1'], Bob: ['e2', 'u'], Long Bob: e1, Transform: f12;0.5,1.0,0.5,0.5,0.5,0.0,0.0,0.0,0.0,0.0,0.0,0.5,0.0,0.0,0.5,0.0,0.0,0.5,0.0,0.0,1.0,0.5,0.5,0.5,0.0,0.0,0.0,0.5,0.0,0.0,0.5,0.0
State: w17, Alice: ['e1', 'u'], Bob: ['u', 'e2'], Long Bob: e1, Transform: f12;0.5,0.5,1.0,0.5,0.0,0.0,0.0,0.5,0.5,0.0,0.0,0.0,0.0,0.5,0.0,0.0,0.0,0.0,0.0,0.5,0.5,0.5,1.0,0.5,0.0,0.5,0.0,0.0,0.5,0.0,0.0,0.0
State: w17, Alice: ['e1', 'u'], Bob: ['e2', 'u'], Long Bob: e1, Transform: f12;0.5,0.5,0.5,1.0,0.0,0.0,0.5,0.0,0.0,0.5,0.0,0.0,0.5,0.0,0.0,0.0,0.0,0.0,0.0,0.5,0.5,0.5,1.0,0.5,0.0,0.5,0.0,0.0,0.5,0.0,0.0,0.0
State: w17, Alice: ['u', 'e1'], Bob: ['u', 'e2'], Long Bob: e1, Transform: f13;1.0,0.5,0.5,0.5,0.0,0.5,0.0,0.0,0.0,0.0,0.5,0.0,0.0,0.0,0.0,0.5,0.5,0.5,0.5,0.5,0.5,0.5,0.0,0.0,0.0,0.0,0.0,0.0,0.0,0.0,0.5,0.5
State: w17, Alice: ['u', 'e1'], Bob: ['e2', 'u'], Long Bob: e1, Transform: f13;0.5,1.0,0.5,0.5,0.5,0.0,0.0,0.0,0.0,0.0,0.0,0.5,0.0,0.0,0.5,0.0,0.5,0.5,0.5,0.5,0.5,0.5,0.0,0.0,0.0,0.0,0.0,0.0,0.0,0.0,0.5,0.5
State: w17, Alice: ['e1', 'u'], Bob: ['u', 'e2'], Long Bob: e1, Transform: f13;0.5,0.5,1.0,0.5,0.0,0.0,0.0,0.5,0.5,0.0,0.0,0.0,0.0,0.5,0.0,0.0,0.5,0.5,0.5,0.5,0.0,0.0,0.5,0.5,0.0,0.0,0.0,0.0,0.5,0.5,0.0,0.0
State: w17, Alice: ['e1', 'u'], Bob: ['e2', 'u'], Long Bob: e1, Transform: f13;0.5,0.5,0.5,1.0,0.0,0.0,0.5,0.0,0.0,0.5,0.0,0.0,0.5,0.0,0.0,0.0,0.5,0.5,0.5,0.5,0.0,0.0,0.5,0.5,0.0,0.0,0.0,0.0,0.5,0.5,0.0,0.0
State: w17, Alice: ['u', 'e1'], Bob: ['u', 'e2'], Long Bob: e1, Transform: f14;1.0,0.5,0.5,0.5,0.0,0.5,0.0,0.0,0.0,0.0,0.5,0.0,0.0,0.0,0.0,0.5,0.5,0.0,0.5,0.0,0.5,1.0,0.0,0.5,0.0,0.0,0.0,0.0,0.0,0.0,0.5,0.5
State: w17, Alice: ['u', 'e1'], Bob: ['e2', 'u'], Long Bob: e1, Transform: f14;0.5,1.0,0.5,0.5,0.5,0.0,0.0,0.0,0.0,0.0,0.0,0.5,0.0,0.0,0.5,0.0,0.5,0.0,0.5,0.0,0.5,1.0,0.0,0.5,0.0,0.0,0.0,0.0,0.0,0.0,0.5,0.5
State: w17, Alice: ['e1', 'u'], Bob: ['u', 'e2'], Long Bob: e1, Transform: f14;0.5,0.5,1.0,0.5,0.0,0.0,0.0,0.5,0.5,0.0,0.0,0.0,0.0,0.5,0.0,0.0,0.5,0.0,0.5,0.0,0.0,0.5,0.5,1.0,0.0,0.0,0.0,0.0,0.5,0.5,0.0,0.0
State: w17, Alice: ['e1', 'u'], Bob: ['e2', 'u'], Long Bob: e1, Transform: f14;0.5,0.5,0.5,1.0,0.0,0.0,0.5,0.0,0.0,0.5,0.0,0.0,0.5,0.0,0.0,0.0,0.5,0.0,0.5,0.0,0.0,0.5,0.5,1.0,0.0,0.0,0.0,0.0,0.5,0.5,0.0,0.0
State: w17, Alice: ['u', 'e1'], Bob: ['u', 'e2'], Long Bob: e1, Transform: f15;1.0,0.5,0.5,0.5,0.0,0.5,0.0,0.0,0.0,0.0,0.5,0.0,0.0,0.0,0.0,0.5,0.0,0.5,0.0,0.5,1.0,0.5,0.5,0.0,0.0,0.0,0.0,0.0,0.0,0.0,0.5,0.5
State: w17, Alice: ['u', 'e1'], Bob: ['e2', 'u'], Long Bob: e1, Transform: f15;0.5,1.0,0.5,0.5,0.5,0.0,0.0,0.0,0.0,0.0,0.0,0.5,0.0,0.0,0.5,0.0,0.0,0.5,0.0,0.5,1.0,0.5,0.5,0.0,0.0,0.0,0.0,0.0,0.0,0.0,0.5,0.5
State: w17, Alice: ['e1', 'u'], Bob: ['u', 'e2'], Long Bob: e1, Transform: f15;0.5,0.5,1.0,0.5,0.0,0.0,0.0,0.5,0.5,0.0,0.0,0.0,0.0,0.5,0.0,0.0,0.0,0.5,0.0,0.5,0.5,0.0,1.0,0.5,0.0,0.0,0.0,0.0,0.5,0.5,0.0,0.0
State: w17, Alice: ['e1', 'u'], Bob: ['e2', 'u'], Long Bob: e1, Transform: f15;0.5,0.5,0.5,1.0,0.0,0.0,0.5,0.0,0.0,0.5,0.0,0.0,0.5,0.0,0.0,0.0,0.0,0.5,0.0,0.5,0.5,0.0,1.0,0.5,0.0,0.0,0.0,0.0,0.5,0.5,0.0,0.0
State: w17, Alice: ['u', 'e1'], Bob: ['zero', 'zero'], Long Bob: u, Transform: f1;0.0,0.0,0.0,0.0,1.0,1.0,0.5,0.5,0.0,0.0,0.0,0.0,0.0,0.0,0.5,0.5,1.0,1.0,0.5,0.5,0.0,0.0,0.0,0.0,0.0,0.0,0.5,0.5,0.0,0.0,0.0,0.0
State: w17, Alice: ['e1', 'u'], Bob: ['zero', 'zero'], Long Bob: u, Transform: f1;0.0,0.0,0.0,0.0,0.5,0.5,1.0,1.0,0.0,0.0,0.0,0.0,0.5,0.5,0.0,0.0,0.5,0.5,1.0,1.0,0.0,0.0,0.0,0.0,0.5,0.5,0.0,0.0,0.0,0.0,0.0,0.0
State: w17, Alice: ['u', 'e1'], Bob: ['zero', 'zero'], Long Bob: u, Transform: f5;0.0,0.0,0.0,0.0,1.0,1.0,0.5,0.5,0.0,0.0,0.0,0.0,0.0,0.0,0.5,0.5,1.0,0.0,0.5,0.0,0.0,1.0,0.0,0.5,0.0,0.0,0.5,0.0,0.0,0.0,0.0,0.5
State: w17, Alice: ['e1', 'u'], Bob: ['zero', 'zero'], Long Bob: u, Transform: f5;0.0,0.0,0.0,0.0,0.5,0.5,1.0,1.0,0.0,0.0,0.0,0.0,0.5,0.5,0.0,0.0,0.5,0.0,1.0,0.0,0.0,0.5,0.0,1.0,0.5,0.0,0.0,0.0,0.0,0.5,0.0,0.0
State: w17, Alice: ['u', 'e1'], Bob: ['zero', 'zero'], Long Bob: u, Transform: f9;0.0,0.0,0.0,0.0,1.0,1.0,0.5,0.5,0.0,0.0,0.0,0.0,0.0,0.0,0.5,0.5,0.0,1.0,0.0,0.5,1.0,0.0,0.5,0.0,0.0,0.0,0.0,0.5,0.0,0.0,0.5,0.0
State: w17, Alice: ['e1', 'u'], Bob: ['zero', 'zero'], Long Bob: u, Transform: f9;0.0,0.0,0.0,0.0,0.5,0.5,1.0,1.0,0.0,0.0,0.0,0.0,0.5,0.5,0.0,0.0,0.0,0.5,0.0,1.0,0.5,0.0,1.0,0.0,0.0,0.5,0.0,0.0,0.5,0.0,0.0,0.0
State: w17, Alice: ['u', 'e1'], Bob: ['zero', 'zero'], Long Bob: u, Transform: f13;0.0,0.0,0.0,0.0,1.0,1.0,0.5,0.5,0.0,0.0,0.0,0.0,0.0,0.0,0.5,0.5,0.0,0.0,0.0,0.0,1.0,1.0,0.5,0.5,0.0,0.0,0.0,0.0,0.0,0.0,0.5,0.5
State: w17, Alice: ['e1', 'u'], Bob: ['zero', 'zero'], Long Bob: u, Transform: f13;0.0,0.0,0.0,0.0,0.5,0.5,1.0,1.0,0.0,0.0,0.0,0.0,0.5,0.5,0.0,0.0,0.0,0.0,0.0,0.0,0.5,0.5,1.0,1.0,0.0,0.0,0.0,0.0,0.5,0.5,0.0,0.0
State: w17, Alice: ['u', 'e1'], Bob: ['zero', 'zero'], Long Bob: e1, Transform: f2;0.0,0.0,0.0,0.0,1.0,1.0,0.5,0.5,0.0,0.0,0.0,0.0,0.0,0.0,0.5,0.5,1.0,0.5,0.5,0.0,0.0,0.5,0.0,0.5,0.0,0.0,0.5,0.5,0.0,0.0,0.0,0.0
State: w17, Alice: ['e1', 'u'], Bob: ['zero', 'zero'], Long Bob: e1, Transform: f2;0.0,0.0,0.0,0.0,0.5,0.5,1.0,1.0,0.0,0.0,0.0,0.0,0.5,0.5,0.0,0.0,0.5,0.0,1.0,0.5,0.0,0.5,0.0,0.5,0.5,0.5,0.0,0.0,0.0,0.0,0.0,0.0
State: w17, Alice: ['u', 'e1'], Bob: ['zero', 'zero'], Long Bob: e1, Transform: f3;0.0,0.0,0.0,0.0,1.0,1.0,0.5,0.5,0.0,0.0,0.0,0.0,0.0,0.0,0.5,0.5,0.5,1.0,0.0,0.5,0.5,0.0,0.5,0.0,0.0,0.0,0.5,0.5,0.0,0.0,0.0,0.0
State: w17, Alice: ['e1', 'u'], Bob: ['zero', 'zero'], Long Bob: e1, Transform: f3;0.0,0.0,0.0,0.0,0.5,0.5,1.0,1.0,0.0,0.0,0.0,0.0,0.5,0.5,0.0,0.0,0.0,0.5,0.5,1.0,0.5,0.0,0.5,0.0,0.5,0.5,0.0,0.0,0.0,0.0,0.0,0.0
State: w17, Alice: ['u', 'e1'], Bob: ['zero', 'zero'], Long Bob: e1, Transform: f4;0.0,0.0,0.0,0.0,1.0,1.0,0.5,0.5,0.0,0.0,0.0,0.0,0.0,0.0,0.5,0.5,0.5,0.5,0.0,0.0,0.5,0.5,0.5,0.5,0.0,0.0,0.5,0.5,0.0,0.0,0.0,0.0
State: w17, Alice: ['e1', 'u'], Bob: ['zero', 'zero'], Long Bob: e1, Transform: f4;0.0,0.0,0.0,0.0,0.5,0.5,1.0,1.0,0.0,0.0,0.0,0.0,0.5,0.5,0.0,0.0,0.0,0.0,0.5,0.5,0.5,0.5,0.5,0.5,0.5,0.5,0.0,0.0,0.0,0.0,0.0,0.0
State: w17, Alice: ['u', 'e1'], Bob: ['zero', 'zero'], Long Bob: e1, Transform: f5;0.0,0.0,0.0,0.0,1.0,1.0,0.5,0.5,0.0,0.0,0.0,0.0,0.0,0.0,0.5,0.5,1.0,0.5,0.5,0.5,0.0,0.5,0.0,0.0,0.0,0.0,0.5,0.0,0.0,0.0,0.0,0.5
State: w17, Alice: ['e1', 'u'], Bob: ['zero', 'zero'], Long Bob: e1, Transform: f5;0.0,0.0,0.0,0.0,0.5,0.5,1.0,1.0,0.0,0.0,0.0,0.0,0.5,0.5,0.0,0.0,0.5,0.5,1.0,0.5,0.0,0.0,0.0,0.5,0.5,0.0,0.0,0.0,0.0,0.5,0.0,0.0
State: w17, Alice: ['u', 'e1'], Bob: ['zero', 'zero'], Long Bob: e1, Transform: f7;0.0,0.0,0.0,0.0,1.0,1.0,0.5,0.5,0.0,0.0,0.0,0.0,0.0,0.0,0.5,0.5,0.5,0.5,0.0,0.5,0.5,0.5,0.5,0.0,0.0,0.0,0.5,0.0,0.0,0.0,0.0,0.5
State: w17, Alice: ['e1', 'u'], Bob: ['zero', 'zero'], Long Bob: e1, Transform: f7;0.0,0.0,0.0,0.0,0.5,0.5,1.0,1.0,0.0,0.0,0.0,0.0,0.5,0.5,0.0,0.0,0.0,0.5,0.5,0.5,0.5,0.0,0.5,0.5,0.5,0.0,0.0,0.0,0.0,0.5,0.0,0.0
State: w17, Alice: ['u', 'e1'], Bob: ['zero', 'zero'], Long Bob: e1, Transform: f8;0.0,0.0,0.0,0.0,1.0,1.0,0.5,0.5,0.0,0.0,0.0,0.0,0.0,0.0,0.5,0.5,0.5,0.0,0.0,0.0,0.5,1.0,0.5,0.5,0.0,0.0,0.5,0.0,0.0,0.0,0.0,0.5
State: w17, Alice: ['e1', 'u'], Bob: ['zero', 'zero'], Long Bob: e1, Transform: f8;0.0,0.0,0.0,0.0,0.5,0.5,1.0,1.0,0.0,0.0,0.0,0.0,0.5,0.5,0.0,0.0,0.0,0.0,0.5,0.0,0.5,0.5,0.5,1.0,0.5,0.0,0.0,0.0,0.0,0.5,0.0,0.0
State: w17, Alice: ['u', 'e1'], Bob: ['zero', 'zero'], Long Bob: e1, Transform: f9;0.0,0.0,0.0,0.0,1.0,1.0,0.5,0.5,0.0,0.0,0.0,0.0,0.0,0.0,0.5,0.5,0.5,1.0,0.5,0.5,0.5,0.0,0.0,0.0,0.0,0.0,0.0,0.5,0.0,0.0,0.5,0.0
State: w17, Alice: ['e1', 'u'], Bob: ['zero', 'zero'], Long Bob: e1, Transform: f9;0.0,0.0,0.0,0.0,0.5,0.5,1.0,1.0,0.0,0.0,0.0,0.0,0.5,0.5,0.0,0.0,0.5,0.5,0.5,1.0,0.0,0.0,0.5,0.0,0.0,0.5,0.0,0.0,0.5,0.0,0.0,0.0
State: w17, Alice: ['u', 'e1'], Bob: ['zero', 'zero'], Long Bob: e1, Transform: f10;0.0,0.0,0.0,0.0,1.0,1.0,0.5,0.5,0.0,0.0,0.0,0.0,0.0,0.0,0.5,0.5,0.5,0.5,0.5,0.0,0.5,0.5,0.0,0.5,0.0,0.0,0.0,0.5,0.0,0.0,0.5,0.0
State: w17, Alice: ['e1', 'u'], Bob: ['zero', 'zero'], Long Bob: e1, Transform: f10;0.0,0.0,0.0,0.0,0.5,0.5,1.0,1.0,0.0,0.0,0.0,0.0,0.5,0.5,0.0,0.0,0.5,0.0,0.5,0.5,0.0,0.5,0.5,0.5,0.0,0.5,0.0,0.0,0.5,0.0,0.0,0.0
State: w17, Alice: ['u', 'e1'], Bob: ['zero', 'zero'], Long Bob: e1, Transform: f12;0.0,0.0,0.0,0.0,1.0,1.0,0.5,0.5,0.0,0.0,0.0,0.0,0.0,0.0,0.5,0.5,0.0,0.5,0.0,0.0,1.0,0.5,0.5,0.5,0.0,0.0,0.0,0.5,0.0,0.0,0.5,0.0
State: w17, Alice: ['e1', 'u'], Bob: ['zero', 'zero'], Long Bob: e1, Transform: f12;0.0,0.0,0.0,0.0,0.5,0.5,1.0,1.0,0.0,0.0,0.0,0.0,0.5,0.5,0.0,0.0,0.0,0.0,0.0,0.5,0.5,0.5,1.0,0.5,0.0,0.5,0.0,0.0,0.5,0.0,0.0,0.0
State: w17, Alice: ['u', 'e1'], Bob: ['zero', 'zero'], Long Bob: e1, Transform: f13;0.0,0.0,0.0,0.0,1.0,1.0,0.5,0.5,0.0,0.0,0.0,0.0,0.0,0.0,0.5,0.5,0.5,0.5,0.5,0.5,0.5,0.5,0.0,0.0,0.0,0.0,0.0,0.0,0.0,0.0,0.5,0.5
State: w17, Alice: ['e1', 'u'], Bob: ['zero', 'zero'], Long Bob: e1, Transform: f13;0.0,0.0,0.0,0.0,0.5,0.5,1.0,1.0,0.0,0.0,0.0,0.0,0.5,0.5,0.0,0.0,0.5,0.5,0.5,0.5,0.0,0.0,0.5,0.5,0.0,0.0,0.0,0.0,0.5,0.5,0.0,0.0
State: w17, Alice: ['u', 'e1'], Bob: ['zero', 'zero'], Long Bob: e1, Transform: f14;0.0,0.0,0.0,0.0,1.0,1.0,0.5,0.5,0.0,0.0,0.0,0.0,0.0,0.0,0.5,0.5,0.5,0.0,0.5,0.0,0.5,1.0,0.0,0.5,0.0,0.0,0.0,0.0,0.0,0.0,0.5,0.5
State: w17, Alice: ['e1', 'u'], Bob: ['zero', 'zero'], Long Bob: e1, Transform: f14;0.0,0.0,0.0,0.0,0.5,0.5,1.0,1.0,0.0,0.0,0.0,0.0,0.5,0.5,0.0,0.0,0.5,0.0,0.5,0.0,0.0,0.5,0.5,1.0,0.0,0.0,0.0,0.0,0.5,0.5,0.0,0.0
State: w17, Alice: ['u', 'e1'], Bob: ['zero', 'zero'], Long Bob: e1, Transform: f15;0.0,0.0,0.0,0.0,1.0,1.0,0.5,0.5,0.0,0.0,0.0,0.0,0.0,0.0,0.5,0.5,0.0,0.5,0.0,0.5,1.0,0.5,0.5,0.0,0.0,0.0,0.0,0.0,0.0,0.0,0.5,0.5
State: w17, Alice: ['e1', 'u'], Bob: ['zero', 'zero'], Long Bob: e1, Transform: f15;0.0,0.0,0.0,0.0,0.5,0.5,1.0,1.0,0.0,0.0,0.0,0.0,0.5,0.5,0.0,0.0,0.0,0.5,0.0,0.5,0.5,0.0,1.0,0.5,0.0,0.0,0.0,0.0,0.5,0.5,0.0,0.0
State: w17, Alice: ['u', 'e1'], Bob: ['zero', 'e1'], Long Bob: u, Transform: f1;0.0,0.5,0.0,0.0,1.0,0.5,0.5,0.5,0.0,0.0,0.0,0.5,0.0,0.0,0.5,0.0,1.0,1.0,0.5,0.5,0.0,0.0,0.0,0.0,0.0,0.0,0.5,0.5,0.0,0.0,0.0,0.0
State: w17, Alice: ['u', 'e1'], Bob: ['e1', 'zero'], Long Bob: u, Transform: f1;0.5,0.0,0.0,0.0,0.5,1.0,0.5,0.5,0.0,0.0,0.5,0.0,0.0,0.0,0.0,0.5,1.0,1.0,0.5,0.5,0.0,0.0,0.0,0.0,0.0,0.0,0.5,0.5,0.0,0.0,0.0,0.0
State: w17, Alice: ['e1', 'u'], Bob: ['zero', 'e1'], Long Bob: u, Transform: f1;0.0,0.0,0.0,0.5,0.5,0.5,1.0,0.5,0.0,0.5,0.0,0.0,0.5,0.0,0.0,0.0,0.5,0.5,1.0,1.0,0.0,0.0,0.0,0.0,0.5,0.5,0.0,0.0,0.0,0.0,0.0,0.0
State: w17, Alice: ['e1', 'u'], Bob: ['e1', 'zero'], Long Bob: u, Transform: f1;0.0,0.0,0.5,0.0,0.5,0.5,0.5,1.0,0.5,0.0,0.0,0.0,0.0,0.5,0.0,0.0,0.5,0.5,1.0,1.0,0.0,0.0,0.0,0.0,0.5,0.5,0.0,0.0,0.0,0.0,0.0,0.0
State: w17, Alice: ['u', 'e1'], Bob: ['zero', 'e1'], Long Bob: u, Transform: f5;0.0,0.5,0.0,0.0,1.0,0.5,0.5,0.5,0.0,0.0,0.0,0.5,0.0,0.0,0.5,0.0,1.0,0.0,0.5,0.0,0.0,1.0,0.0,0.5,0.0,0.0,0.5,0.0,0.0,0.0,0.0,0.5
State: w17, Alice: ['u', 'e1'], Bob: ['e1', 'zero'], Long Bob: u, Transform: f5;0.5,0.0,0.0,0.0,0.5,1.0,0.5,0.5,0.0,0.0,0.5,0.0,0.0,0.0,0.0,0.5,1.0,0.0,0.5,0.0,0.0,1.0,0.0,0.5,0.0,0.0,0.5,0.0,0.0,0.0,0.0,0.5
State: w17, Alice: ['e1', 'u'], Bob: ['zero', 'e1'], Long Bob: u, Transform: f5;0.0,0.0,0.0,0.5,0.5,0.5,1.0,0.5,0.0,0.5,0.0,0.0,0.5,0.0,0.0,0.0,0.5,0.0,1.0,0.0,0.0,0.5,0.0,1.0,0.5,0.0,0.0,0.0,0.0,0.5,0.0,0.0
State: w17, Alice: ['e1', 'u'], Bob: ['e1', 'zero'], Long Bob: u, Transform: f5;0.0,0.0,0.5,0.0,0.5,0.5,0.5,1.0,0.5,0.0,0.0,0.0,0.0,0.5,0.0,0.0,0.5,0.0,1.0,0.0,0.0,0.5,0.0,1.0,0.5,0.0,0.0,0.0,0.0,0.5,0.0,0.0
State: w17, Alice: ['u', 'e1'], Bob: ['zero', 'e1'], Long Bob: u, Transform: f9;0.0,0.5,0.0,0.0,1.0,0.5,0.5,0.5,0.0,0.0,0.0,0.5,0.0,0.0,0.5,0.0,0.0,1.0,0.0,0.5,1.0,0.0,0.5,0.0,0.0,0.0,0.0,0.5,0.0,0.0,0.5,0.0
State: w17, Alice: ['u', 'e1'], Bob: ['e1', 'zero'], Long Bob: u, Transform: f9;0.5,0.0,0.0,0.0,0.5,1.0,0.5,0.5,0.0,0.0,0.5,0.0,0.0,0.0,0.0,0.5,0.0,1.0,0.0,0.5,1.0,0.0,0.5,0.0,0.0,0.0,0.0,0.5,0.0,0.0,0.5,0.0
State: w17, Alice: ['e1', 'u'], Bob: ['zero', 'e1'], Long Bob: u, Transform: f9;0.0,0.0,0.0,0.5,0.5,0.5,1.0,0.5,0.0,0.5,0.0,0.0,0.5,0.0,0.0,0.0,0.0,0.5,0.0,1.0,0.5,0.0,1.0,0.0,0.0,0.5,0.0,0.0,0.5,0.0,0.0,0.0
State: w17, Alice: ['e1', 'u'], Bob: ['e1', 'zero'], Long Bob: u, Transform: f9;0.0,0.0,0.5,0.0,0.5,0.5,0.5,1.0,0.5,0.0,0.0,0.0,0.0,0.5,0.0,0.0,0.0,0.5,0.0,1.0,0.5,0.0,1.0,0.0,0.0,0.5,0.0,0.0,0.5,0.0,0.0,0.0
State: w17, Alice: ['u', 'e1'], Bob: ['zero', 'e1'], Long Bob: u, Transform: f13;0.0,0.5,0.0,0.0,1.0,0.5,0.5,0.5,0.0,0.0,0.0,0.5,0.0,0.0,0.5,0.0,0.0,0.0,0.0,0.0,1.0,1.0,0.5,0.5,0.0,0.0,0.0,0.0,0.0,0.0,0.5,0.5
State: w17, Alice: ['u', 'e1'], Bob: ['e1', 'zero'], Long Bob: u, Transform: f13;0.5,0.0,0.0,0.0,0.5,1.0,0.5,0.5,0.0,0.0,0.5,0.0,0.0,0.0,0.0,0.5,0.0,0.0,0.0,0.0,1.0,1.0,0.5,0.5,0.0,0.0,0.0,0.0,0.0,0.0,0.5,0.5
State: w17, Alice: ['e1', 'u'], Bob: ['zero', 'e1'], Long Bob: u, Transform: f13;0.0,0.0,0.0,0.5,0.5,0.5,1.0,0.5,0.0,0.5,0.0,0.0,0.5,0.0,0.0,0.0,0.0,0.0,0.0,0.0,0.5,0.5,1.0,1.0,0.0,0.0,0.0,0.0,0.5,0.5,0.0,0.0
State: w17, Alice: ['e1', 'u'], Bob: ['e1', 'zero'], Long Bob: u, Transform: f13;0.0,0.0,0.5,0.0,0.5,0.5,0.5,1.0,0.5,0.0,0.0,0.0,0.0,0.5,0.0,0.0,0.0,0.0,0.0,0.0,0.5,0.5,1.0,1.0,0.0,0.0,0.0,0.0,0.5,0.5,0.0,0.0
State: w17, Alice: ['u', 'e1'], Bob: ['zero', 'e1'], Long Bob: e1, Transform: f2;0.0,0.5,0.0,0.0,1.0,0.5,0.5,0.5,0.0,0.0,0.0,0.5,0.0,0.0,0.5,0.0,1.0,0.5,0.5,0.0,0.0,0.5,0.0,0.5,0.0,0.0,0.5,0.5,0.0,0.0,0.0,0.0
State: w17, Alice: ['u', 'e1'], Bob: ['e1', 'zero'], Long Bob: e1, Transform: f2;0.5,0.0,0.0,0.0,0.5,1.0,0.5,0.5,0.0,0.0,0.5,0.0,0.0,0.0,0.0,0.5,1.0,0.5,0.5,0.0,0.0,0.5,0.0,0.5,0.0,0.0,0.5,0.5,0.0,0.0,0.0,0.0
State: w17, Alice: ['e1', 'u'], Bob: ['zero', 'e1'], Long Bob: e1, Transform: f2;0.0,0.0,0.0,0.5,0.5,0.5,1.0,0.5,0.0,0.5,0.0,0.0,0.5,0.0,0.0,0.0,0.5,0.0,1.0,0.5,0.0,0.5,0.0,0.5,0.5,0.5,0.0,0.0,0.0,0.0,0.0,0.0
State: w17, Alice: ['e1', 'u'], Bob: ['e1', 'zero'], Long Bob: e1, Transform: f2;0.0,0.0,0.5,0.0,0.5,0.5,0.5,1.0,0.5,0.0,0.0,0.0,0.0,0.5,0.0,0.0,0.5,0.0,1.0,0.5,0.0,0.5,0.0,0.5,0.5,0.5,0.0,0.0,0.0,0.0,0.0,0.0
State: w17, Alice: ['u', 'e1'], Bob: ['zero', 'e1'], Long Bob: e1, Transform: f3;0.0,0.5,0.0,0.0,1.0,0.5,0.5,0.5,0.0,0.0,0.0,0.5,0.0,0.0,0.5,0.0,0.5,1.0,0.0,0.5,0.5,0.0,0.5,0.0,0.0,0.0,0.5,0.5,0.0,0.0,0.0,0.0
State: w17, Alice: ['u', 'e1'], Bob: ['e1', 'zero'], Long Bob: e1, Transform: f3;0.5,0.0,0.0,0.0,0.5,1.0,0.5,0.5,0.0,0.0,0.5,0.0,0.0,0.0,0.0,0.5,0.5,1.0,0.0,0.5,0.5,0.0,0.5,0.0,0.0,0.0,0.5,0.5,0.0,0.0,0.0,0.0
State: w17, Alice: ['e1', 'u'], Bob: ['zero', 'e1'], Long Bob: e1, Transform: f3;0.0,0.0,0.0,0.5,0.5,0.5,1.0,0.5,0.0,0.5,0.0,0.0,0.5,0.0,0.0,0.0,0.0,0.5,0.5,1.0,0.5,0.0,0.5,0.0,0.5,0.5,0.0,0.0,0.0,0.0,0.0,0.0
State: w17, Alice: ['e1', 'u'], Bob: ['e1', 'zero'], Long Bob: e1, Transform: f3;0.0,0.0,0.5,0.0,0.5,0.5,0.5,1.0,0.5,0.0,0.0,0.0,0.0,0.5,0.0,0.0,0.0,0.5,0.5,1.0,0.5,0.0,0.5,0.0,0.5,0.5,0.0,0.0,0.0,0.0,0.0,0.0
State: w17, Alice: ['u', 'e1'], Bob: ['zero', 'e1'], Long Bob: e1, Transform: f4;0.0,0.5,0.0,0.0,1.0,0.5,0.5,0.5,0.0,0.0,0.0,0.5,0.0,0.0,0.5,0.0,0.5,0.5,0.0,0.0,0.5,0.5,0.5,0.5,0.0,0.0,0.5,0.5,0.0,0.0,0.0,0.0
State: w17, Alice: ['u', 'e1'], Bob: ['e1', 'zero'], Long Bob: e1, Transform: f4;0.5,0.0,0.0,0.0,0.5,1.0,0.5,0.5,0.0,0.0,0.5,0.0,0.0,0.0,0.0,0.5,0.5,0.5,0.0,0.0,0.5,0.5,0.5,0.5,0.0,0.0,0.5,0.5,0.0,0.0,0.0,0.0
State: w17, Alice: ['e1', 'u'], Bob: ['zero', 'e1'], Long Bob: e1, Transform: f4;0.0,0.0,0.0,0.5,0.5,0.5,1.0,0.5,0.0,0.5,0.0,0.0,0.5,0.0,0.0,0.0,0.0,0.0,0.5,0.5,0.5,0.5,0.5,0.5,0.5,0.5,0.0,0.0,0.0,0.0,0.0,0.0
State: w17, Alice: ['e1', 'u'], Bob: ['e1', 'zero'], Long Bob: e1, Transform: f4;0.0,0.0,0.5,0.0,0.5,0.5,0.5,1.0,0.5,0.0,0.0,0.0,0.0,0.5,0.0,0.0,0.0,0.0,0.5,0.5,0.5,0.5,0.5,0.5,0.5,0.5,0.0,0.0,0.0,0.0,0.0,0.0
State: w17, Alice: ['u', 'e1'], Bob: ['zero', 'e1'], Long Bob: e1, Transform: f5;0.0,0.5,0.0,0.0,1.0,0.5,0.5,0.5,0.0,0.0,0.0,0.5,0.0,0.0,0.5,0.0,1.0,0.5,0.5,0.5,0.0,0.5,0.0,0.0,0.0,0.0,0.5,0.0,0.0,0.0,0.0,0.5
State: w17, Alice: ['u', 'e1'], Bob: ['e1', 'zero'], Long Bob: e1, Transform: f5;0.5,0.0,0.0,0.0,0.5,1.0,0.5,0.5,0.0,0.0,0.5,0.0,0.0,0.0,0.0,0.5,1.0,0.5,0.5,0.5,0.0,0.5,0.0,0.0,0.0,0.0,0.5,0.0,0.0,0.0,0.0,0.5
State: w17, Alice: ['e1', 'u'], Bob: ['zero', 'e1'], Long Bob: e1, Transform: f5;0.0,0.0,0.0,0.5,0.5,0.5,1.0,0.5,0.0,0.5,0.0,0.0,0.5,0.0,0.0,0.0,0.5,0.5,1.0,0.5,0.0,0.0,0.0,0.5,0.5,0.0,0.0,0.0,0.0,0.5,0.0,0.0
State: w17, Alice: ['e1', 'u'], Bob: ['e1', 'zero'], Long Bob: e1, Transform: f5;0.0,0.0,0.5,0.0,0.5,0.5,0.5,1.0,0.5,0.0,0.0,0.0,0.0,0.5,0.0,0.0,0.5,0.5,1.0,0.5,0.0,0.0,0.0,0.5,0.5,0.0,0.0,0.0,0.0,0.5,0.0,0.0
State: w17, Alice: ['u', 'e1'], Bob: ['zero', 'e1'], Long Bob: e1, Transform: f7;0.0,0.5,0.0,0.0,1.0,0.5,0.5,0.5,0.0,0.0,0.0,0.5,0.0,0.0,0.5,0.0,0.5,0.5,0.0,0.5,0.5,0.5,0.5,0.0,0.0,0.0,0.5,0.0,0.0,0.0,0.0,0.5
State: w17, Alice: ['u', 'e1'], Bob: ['e1', 'zero'], Long Bob: e1, Transform: f7;0.5,0.0,0.0,0.0,0.5,1.0,0.5,0.5,0.0,0.0,0.5,0.0,0.0,0.0,0.0,0.5,0.5,0.5,0.0,0.5,0.5,0.5,0.5,0.0,0.0,0.0,0.5,0.0,0.0,0.0,0.0,0.5
State: w17, Alice: ['e1', 'u'], Bob: ['zero', 'e1'], Long Bob: e1, Transform: f7;0.0,0.0,0.0,0.5,0.5,0.5,1.0,0.5,0.0,0.5,0.0,0.0,0.5,0.0,0.0,0.0,0.0,0.5,0.5,0.5,0.5,0.0,0.5,0.5,0.5,0.0,0.0,0.0,0.0,0.5,0.0,0.0
State: w17, Alice: ['e1', 'u'], Bob: ['e1', 'zero'], Long Bob: e1, Transform: f7;0.0,0.0,0.5,0.0,0.5,0.5,0.5,1.0,0.5,0.0,0.0,0.0,0.0,0.5,0.0,0.0,0.0,0.5,0.5,0.5,0.5,0.0,0.5,0.5,0.5,0.0,0.0,0.0,0.0,0.5,0.0,0.0
State: w17, Alice: ['u', 'e1'], Bob: ['zero', 'e1'], Long Bob: e1, Transform: f8;0.0,0.5,0.0,0.0,1.0,0.5,0.5,0.5,0.0,0.0,0.0,0.5,0.0,0.0,0.5,0.0,0.5,0.0,0.0,0.0,0.5,1.0,0.5,0.5,0.0,0.0,0.5,0.0,0.0,0.0,0.0,0.5
State: w17, Alice: ['u', 'e1'], Bob: ['e1', 'zero'], Long Bob: e1, Transform: f8;0.5,0.0,0.0,0.0,0.5,1.0,0.5,0.5,0.0,0.0,0.5,0.0,0.0,0.0,0.0,0.5,0.5,0.0,0.0,0.0,0.5,1.0,0.5,0.5,0.0,0.0,0.5,0.0,0.0,0.0,0.0,0.5
State: w17, Alice: ['e1', 'u'], Bob: ['zero', 'e1'], Long Bob: e1, Transform: f8;0.0,0.0,0.0,0.5,0.5,0.5,1.0,0.5,0.0,0.5,0.0,0.0,0.5,0.0,0.0,0.0,0.0,0.0,0.5,0.0,0.5,0.5,0.5,1.0,0.5,0.0,0.0,0.0,0.0,0.5,0.0,0.0
State: w17, Alice: ['e1', 'u'], Bob: ['e1', 'zero'], Long Bob: e1, Transform: f8;0.0,0.0,0.5,0.0,0.5,0.5,0.5,1.0,0.5,0.0,0.0,0.0,0.0,0.5,0.0,0.0,0.0,0.0,0.5,0.0,0.5,0.5,0.5,1.0,0.5,0.0,0.0,0.0,0.0,0.5,0.0,0.0
State: w17, Alice: ['u', 'e1'], Bob: ['zero', 'e1'], Long Bob: e1, Transform: f9;0.0,0.5,0.0,0.0,1.0,0.5,0.5,0.5,0.0,0.0,0.0,0.5,0.0,0.0,0.5,0.0,0.5,1.0,0.5,0.5,0.5,0.0,0.0,0.0,0.0,0.0,0.0,0.5,0.0,0.0,0.5,0.0
State: w17, Alice: ['u', 'e1'], Bob: ['e1', 'zero'], Long Bob: e1, Transform: f9;0.5,0.0,0.0,0.0,0.5,1.0,0.5,0.5,0.0,0.0,0.5,0.0,0.0,0.0,0.0,0.5,0.5,1.0,0.5,0.5,0.5,0.0,0.0,0.0,0.0,0.0,0.0,0.5,0.0,0.0,0.5,0.0
State: w17, Alice: ['e1', 'u'], Bob: ['zero', 'e1'], Long Bob: e1, Transform: f9;0.0,0.0,0.0,0.5,0.5,0.5,1.0,0.5,0.0,0.5,0.0,0.0,0.5,0.0,0.0,0.0,0.5,0.5,0.5,1.0,0.0,0.0,0.5,0.0,0.0,0.5,0.0,0.0,0.5,0.0,0.0,0.0
State: w17, Alice: ['e1', 'u'], Bob: ['e1', 'zero'], Long Bob: e1, Transform: f9;0.0,0.0,0.5,0.0,0.5,0.5,0.5,1.0,0.5,0.0,0.0,0.0,0.0,0.5,0.0,0.0,0.5,0.5,0.5,1.0,0.0,0.0,0.5,0.0,0.0,0.5,0.0,0.0,0.5,0.0,0.0,0.0
State: w17, Alice: ['u', 'e1'], Bob: ['zero', 'e1'], Long Bob: e1, Transform: f10;0.0,0.5,0.0,0.0,1.0,0.5,0.5,0.5,0.0,0.0,0.0,0.5,0.0,0.0,0.5,0.0,0.5,0.5,0.5,0.0,0.5,0.5,0.0,0.5,0.0,0.0,0.0,0.5,0.0,0.0,0.5,0.0
State: w17, Alice: ['u', 'e1'], Bob: ['e1', 'zero'], Long Bob: e1, Transform: f10;0.5,0.0,0.0,0.0,0.5,1.0,0.5,0.5,0.0,0.0,0.5,0.0,0.0,0.0,0.0,0.5,0.5,0.5,0.5,0.0,0.5,0.5,0.0,0.5,0.0,0.0,0.0,0.5,0.0,0.0,0.5,0.0
State: w17, Alice: ['e1', 'u'], Bob: ['zero', 'e1'], Long Bob: e1, Transform: f10;0.0,0.0,0.0,0.5,0.5,0.5,1.0,0.5,0.0,0.5,0.0,0.0,0.5,0.0,0.0,0.0,0.5,0.0,0.5,0.5,0.0,0.5,0.5,0.5,0.0,0.5,0.0,0.0,0.5,0.0,0.0,0.0
State: w17, Alice: ['e1', 'u'], Bob: ['e1', 'zero'], Long Bob: e1, Transform: f10;0.0,0.0,0.5,0.0,0.5,0.5,0.5,1.0,0.5,0.0,0.0,0.0,0.0,0.5,0.0,0.0,0.5,0.0,0.5,0.5,0.0,0.5,0.5,0.5,0.0,0.5,0.0,0.0,0.5,0.0,0.0,0.0
State: w17, Alice: ['u', 'e1'], Bob: ['zero', 'e1'], Long Bob: e1, Transform: f12;0.0,0.5,0.0,0.0,1.0,0.5,0.5,0.5,0.0,0.0,0.0,0.5,0.0,0.0,0.5,0.0,0.0,0.5,0.0,0.0,1.0,0.5,0.5,0.5,0.0,0.0,0.0,0.5,0.0,0.0,0.5,0.0
State: w17, Alice: ['u', 'e1'], Bob: ['e1', 'zero'], Long Bob: e1, Transform: f12;0.5,0.0,0.0,0.0,0.5,1.0,0.5,0.5,0.0,0.0,0.5,0.0,0.0,0.0,0.0,0.5,0.0,0.5,0.0,0.0,1.0,0.5,0.5,0.5,0.0,0.0,0.0,0.5,0.0,0.0,0.5,0.0
State: w17, Alice: ['e1', 'u'], Bob: ['zero', 'e1'], Long Bob: e1, Transform: f12;0.0,0.0,0.0,0.5,0.5,0.5,1.0,0.5,0.0,0.5,0.0,0.0,0.5,0.0,0.0,0.0,0.0,0.0,0.0,0.5,0.5,0.5,1.0,0.5,0.0,0.5,0.0,0.0,0.5,0.0,0.0,0.0
State: w17, Alice: ['e1', 'u'], Bob: ['e1', 'zero'], Long Bob: e1, Transform: f12;0.0,0.0,0.5,0.0,0.5,0.5,0.5,1.0,0.5,0.0,0.0,0.0,0.0,0.5,0.0,0.0,0.0,0.0,0.0,0.5,0.5,0.5,1.0,0.5,0.0,0.5,0.0,0.0,0.5,0.0,0.0,0.0
State: w17, Alice: ['u', 'e1'], Bob: ['zero', 'e1'], Long Bob: e1, Transform: f13;0.0,0.5,0.0,0.0,1.0,0.5,0.5,0.5,0.0,0.0,0.0,0.5,0.0,0.0,0.5,0.0,0.5,0.5,0.5,0.5,0.5,0.5,0.0,0.0,0.0,0.0,0.0,0.0,0.0,0.0,0.5,0.5
State: w17, Alice: ['u', 'e1'], Bob: ['e1', 'zero'], Long Bob: e1, Transform: f13;0.5,0.0,0.0,0.0,0.5,1.0,0.5,0.5,0.0,0.0,0.5,0.0,0.0,0.0,0.0,0.5,0.5,0.5,0.5,0.5,0.5,0.5,0.0,0.0,0.0,0.0,0.0,0.0,0.0,0.0,0.5,0.5
State: w17, Alice: ['e1', 'u'], Bob: ['zero', 'e1'], Long Bob: e1, Transform: f13;0.0,0.0,0.0,0.5,0.5,0.5,1.0,0.5,0.0,0.5,0.0,0.0,0.5,0.0,0.0,0.0,0.5,0.5,0.5,0.5,0.0,0.0,0.5,0.5,0.0,0.0,0.0,0.0,0.5,0.5,0.0,0.0
State: w17, Alice: ['e1', 'u'], Bob: ['e1', 'zero'], Long Bob: e1, Transform: f13;0.0,0.0,0.5,0.0,0.5,0.5,0.5,1.0,0.5,0.0,0.0,0.0,0.0,0.5,0.0,0.0,0.5,0.5,0.5,0.5,0.0,0.0,0.5,0.5,0.0,0.0,0.0,0.0,0.5,0.5,0.0,0.0
State: w17, Alice: ['u', 'e1'], Bob: ['zero', 'e1'], Long Bob: e1, Transform: f14;0.0,0.5,0.0,0.0,1.0,0.5,0.5,0.5,0.0,0.0,0.0,0.5,0.0,0.0,0.5,0.0,0.5,0.0,0.5,0.0,0.5,1.0,0.0,0.5,0.0,0.0,0.0,0.0,0.0,0.0,0.5,0.5
State: w17, Alice: ['u', 'e1'], Bob: ['e1', 'zero'], Long Bob: e1, Transform: f14;0.5,0.0,0.0,0.0,0.5,1.0,0.5,0.5,0.0,0.0,0.5,0.0,0.0,0.0,0.0,0.5,0.5,0.0,0.5,0.0,0.5,1.0,0.0,0.5,0.0,0.0,0.0,0.0,0.0,0.0,0.5,0.5
State: w17, Alice: ['e1', 'u'], Bob: ['zero', 'e1'], Long Bob: e1, Transform: f14;0.0,0.0,0.0,0.5,0.5,0.5,1.0,0.5,0.0,0.5,0.0,0.0,0.5,0.0,0.0,0.0,0.5,0.0,0.5,0.0,0.0,0.5,0.5,1.0,0.0,0.0,0.0,0.0,0.5,0.5,0.0,0.0
State: w17, Alice: ['e1', 'u'], Bob: ['e1', 'zero'], Long Bob: e1, Transform: f14;0.0,0.0,0.5,0.0,0.5,0.5,0.5,1.0,0.5,0.0,0.0,0.0,0.0,0.5,0.0,0.0,0.5,0.0,0.5,0.0,0.0,0.5,0.5,1.0,0.0,0.0,0.0,0.0,0.5,0.5,0.0,0.0
State: w17, Alice: ['u', 'e1'], Bob: ['zero', 'e1'], Long Bob: e1, Transform: f15;0.0,0.5,0.0,0.0,1.0,0.5,0.5,0.5,0.0,0.0,0.0,0.5,0.0,0.0,0.5,0.0,0.0,0.5,0.0,0.5,1.0,0.5,0.5,0.0,0.0,0.0,0.0,0.0,0.0,0.0,0.5,0.5
State: w17, Alice: ['u', 'e1'], Bob: ['e1', 'zero'], Long Bob: e1, Transform: f15;0.5,0.0,0.0,0.0,0.5,1.0,0.5,0.5,0.0,0.0,0.5,0.0,0.0,0.0,0.0,0.5,0.0,0.5,0.0,0.5,1.0,0.5,0.5,0.0,0.0,0.0,0.0,0.0,0.0,0.0,0.5,0.5
State: w17, Alice: ['e1', 'u'], Bob: ['zero', 'e1'], Long Bob: e1, Transform: f15;0.0,0.0,0.0,0.5,0.5,0.5,1.0,0.5,0.0,0.5,0.0,0.0,0.5,0.0,0.0,0.0,0.0,0.5,0.0,0.5,0.5,0.0,1.0,0.5,0.0,0.0,0.0,0.0,0.5,0.5,0.0,0.0
State: w17, Alice: ['e1', 'u'], Bob: ['e1', 'zero'], Long Bob: e1, Transform: f15;0.0,0.0,0.5,0.0,0.5,0.5,0.5,1.0,0.5,0.0,0.0,0.0,0.0,0.5,0.0,0.0,0.0,0.5,0.0,0.5,0.5,0.0,1.0,0.5,0.0,0.0,0.0,0.0,0.5,0.5,0.0,0.0
State: w17, Alice: ['u', 'e1'], Bob: ['zero', 'e2'], Long Bob: u, Transform: f1;0.0,0.5,0.0,0.5,1.0,0.5,0.5,0.0,0.0,0.0,0.0,0.0,0.0,0.0,0.5,0.5,1.0,1.0,0.5,0.5,0.0,0.0,0.0,0.0,0.0,0.0,0.5,0.5,0.0,0.0,0.0,0.0
State: w17, Alice: ['u', 'e1'], Bob: ['e2', 'zero'], Long Bob: u, Transform: f1;0.5,0.0,0.5,0.0,0.5,1.0,0.0,0.5,0.0,0.0,0.0,0.0,0.0,0.0,0.5,0.5,1.0,1.0,0.5,0.5,0.0,0.0,0.0,0.0,0.0,0.0,0.5,0.5,0.0,0.0,0.0,0.0
State: w17, Alice: ['e1', 'u'], Bob: ['zero', 'e2'], Long Bob: u, Transform: f1;0.0,0.5,0.0,0.5,0.5,0.0,1.0,0.5,0.0,0.0,0.0,0.0,0.5,0.5,0.0,0.0,0.5,0.5,1.0,1.0,0.0,0.0,0.0,0.0,0.5,0.5,0.0,0.0,0.0,0.0,0.0,0.0
State: w17, Alice: ['e1', 'u'], Bob: ['e2', 'zero'], Long Bob: u, Transform: f1;0.5,0.0,0.5,0.0,0.0,0.5,0.5,1.0,0.0,0.0,0.0,0.0,0.5,0.5,0.0,0.0,0.5,0.5,1.0,1.0,0.0,0.0,0.0,0.0,0.5,0.5,0.0,0.0,0.0,0.0,0.0,0.0
State: w17, Alice: ['u', 'e1'], Bob: ['zero', 'e2'], Long Bob: u, Transform: f5;0.0,0.5,0.0,0.5,1.0,0.5,0.5,0.0,0.0,0.0,0.0,0.0,0.0,0.0,0.5,0.5,1.0,0.0,0.5,0.0,0.0,1.0,0.0,0.5,0.0,0.0,0.5,0.0,0.0,0.0,0.0,0.5
State: w17, Alice: ['u', 'e1'], Bob: ['e2', 'zero'], Long Bob: u, Transform: f5;0.5,0.0,0.5,0.0,0.5,1.0,0.0,0.5,0.0,0.0,0.0,0.0,0.0,0.0,0.5,0.5,1.0,0.0,0.5,0.0,0.0,1.0,0.0,0.5,0.0,0.0,0.5,0.0,0.0,0.0,0.0,0.5
State: w17, Alice: ['e1', 'u'], Bob: ['zero', 'e2'], Long Bob: u, Transform: f5;0.0,0.5,0.0,0.5,0.5,0.0,1.0,0.5,0.0,0.0,0.0,0.0,0.5,0.5,0.0,0.0,0.5,0.0,1.0,0.0,0.0,0.5,0.0,1.0,0.5,0.0,0.0,0.0,0.0,0.5,0.0,0.0
State: w17, Alice: ['e1', 'u'], Bob: ['e2', 'zero'], Long Bob: u, Transform: f5;0.5,0.0,0.5,0.0,0.0,0.5,0.5,1.0,0.0,0.0,0.0,0.0,0.5,0.5,0.0,0.0,0.5,0.0,1.0,0.0,0.0,0.5,0.0,1.0,0.5,0.0,0.0,0.0,0.0,0.5,0.0,0.0
State: w17, Alice: ['u', 'e1'], Bob: ['zero', 'e2'], Long Bob: u, Transform: f9;0.0,0.5,0.0,0.5,1.0,0.5,0.5,0.0,0.0,0.0,0.0,0.0,0.0,0.0,0.5,0.5,0.0,1.0,0.0,0.5,1.0,0.0,0.5,0.0,0.0,0.0,0.0,0.5,0.0,0.0,0.5,0.0
State: w17, Alice: ['u', 'e1'], Bob: ['e2', 'zero'], Long Bob: u, Transform: f9;0.5,0.0,0.5,0.0,0.5,1.0,0.0,0.5,0.0,0.0,0.0,0.0,0.0,0.0,0.5,0.5,0.0,1.0,0.0,0.5,1.0,0.0,0.5,0.0,0.0,0.0,0.0,0.5,0.0,0.0,0.5,0.0
State: w17, Alice: ['e1', 'u'], Bob: ['zero', 'e2'], Long Bob: u, Transform: f9;0.0,0.5,0.0,0.5,0.5,0.0,1.0,0.5,0.0,0.0,0.0,0.0,0.5,0.5,0.0,0.0,0.0,0.5,0.0,1.0,0.5,0.0,1.0,0.0,0.0,0.5,0.0,0.0,0.5,0.0,0.0,0.0
State: w17, Alice: ['e1', 'u'], Bob: ['e2', 'zero'], Long Bob: u, Transform: f9;0.5,0.0,0.5,0.0,0.0,0.5,0.5,1.0,0.0,0.0,0.0,0.0,0.5,0.5,0.0,0.0,0.0,0.5,0.0,1.0,0.5,0.0,1.0,0.0,0.0,0.5,0.0,0.0,0.5,0.0,0.0,0.0
State: w17, Alice: ['u', 'e1'], Bob: ['zero', 'e2'], Long Bob: u, Transform: f13;0.0,0.5,0.0,0.5,1.0,0.5,0.5,0.0,0.0,0.0,0.0,0.0,0.0,0.0,0.5,0.5,0.0,0.0,0.0,0.0,1.0,1.0,0.5,0.5,0.0,0.0,0.0,0.0,0.0,0.0,0.5,0.5
State: w17, Alice: ['u', 'e1'], Bob: ['e2', 'zero'], Long Bob: u, Transform: f13;0.5,0.0,0.5,0.0,0.5,1.0,0.0,0.5,0.0,0.0,0.0,0.0,0.0,0.0,0.5,0.5,0.0,0.0,0.0,0.0,1.0,1.0,0.5,0.5,0.0,0.0,0.0,0.0,0.0,0.0,0.5,0.5
State: w17, Alice: ['e1', 'u'], Bob: ['zero', 'e2'], Long Bob: u, Transform: f13;0.0,0.5,0.0,0.5,0.5,0.0,1.0,0.5,0.0,0.0,0.0,0.0,0.5,0.5,0.0,0.0,0.0,0.0,0.0,0.0,0.5,0.5,1.0,1.0,0.0,0.0,0.0,0.0,0.5,0.5,0.0,0.0
State: w17, Alice: ['e1', 'u'], Bob: ['e2', 'zero'], Long Bob: u, Transform: f13;0.5,0.0,0.5,0.0,0.0,0.5,0.5,1.0,0.0,0.0,0.0,0.0,0.5,0.5,0.0,0.0,0.0,0.0,0.0,0.0,0.5,0.5,1.0,1.0,0.0,0.0,0.0,0.0,0.5,0.5,0.0,0.0
State: w17, Alice: ['u', 'e1'], Bob: ['zero', 'e2'], Long Bob: e1, Transform: f2;0.0,0.5,0.0,0.5,1.0,0.5,0.5,0.0,0.0,0.0,0.0,0.0,0.0,0.0,0.5,0.5,1.0,0.5,0.5,0.0,0.0,0.5,0.0,0.5,0.0,0.0,0.5,0.5,0.0,0.0,0.0,0.0
State: w17, Alice: ['u', 'e1'], Bob: ['e2', 'zero'], Long Bob: e1, Transform: f2;0.5,0.0,0.5,0.0,0.5,1.0,0.0,0.5,0.0,0.0,0.0,0.0,0.0,0.0,0.5,0.5,1.0,0.5,0.5,0.0,0.0,0.5,0.0,0.5,0.0,0.0,0.5,0.5,0.0,0.0,0.0,0.0
State: w17, Alice: ['e1', 'u'], Bob: ['zero', 'e2'], Long Bob: e1, Transform: f2;0.0,0.5,0.0,0.5,0.5,0.0,1.0,0.5,0.0,0.0,0.0,0.0,0.5,0.5,0.0,0.0,0.5,0.0,1.0,0.5,0.0,0.5,0.0,0.5,0.5,0.5,0.0,0.0,0.0,0.0,0.0,0.0
State: w17, Alice: ['e1', 'u'], Bob: ['e2', 'zero'], Long Bob: e1, Transform: f2;0.5,0.0,0.5,0.0,0.0,0.5,0.5,1.0,0.0,0.0,0.0,0.0,0.5,0.5,0.0,0.0,0.5,0.0,1.0,0.5,0.0,0.5,0.0,0.5,0.5,0.5,0.0,0.0,0.0,0.0,0.0,0.0
State: w17, Alice: ['u', 'e1'], Bob: ['zero', 'e2'], Long Bob: e1, Transform: f3;0.0,0.5,0.0,0.5,1.0,0.5,0.5,0.0,0.0,0.0,0.0,0.0,0.0,0.0,0.5,0.5,0.5,1.0,0.0,0.5,0.5,0.0,0.5,0.0,0.0,0.0,0.5,0.5,0.0,0.0,0.0,0.0
State: w17, Alice: ['u', 'e1'], Bob: ['e2', 'zero'], Long Bob: e1, Transform: f3;0.5,0.0,0.5,0.0,0.5,1.0,0.0,0.5,0.0,0.0,0.0,0.0,0.0,0.0,0.5,0.5,0.5,1.0,0.0,0.5,0.5,0.0,0.5,0.0,0.0,0.0,0.5,0.5,0.0,0.0,0.0,0.0
State: w17, Alice: ['e1', 'u'], Bob: ['zero', 'e2'], Long Bob: e1, Transform: f3;0.0,0.5,0.0,0.5,0.5,0.0,1.0,0.5,0.0,0.0,0.0,0.0,0.5,0.5,0.0,0.0,0.0,0.5,0.5,1.0,0.5,0.0,0.5,0.0,0.5,0.5,0.0,0.0,0.0,0.0,0.0,0.0
State: w17, Alice: ['e1', 'u'], Bob: ['e2', 'zero'], Long Bob: e1, Transform: f3;0.5,0.0,0.5,0.0,0.0,0.5,0.5,1.0,0.0,0.0,0.0,0.0,0.5,0.5,0.0,0.0,0.0,0.5,0.5,1.0,0.5,0.0,0.5,0.0,0.5,0.5,0.0,0.0,0.0,0.0,0.0,0.0
State: w17, Alice: ['u', 'e1'], Bob: ['zero', 'e2'], Long Bob: e1, Transform: f4;0.0,0.5,0.0,0.5,1.0,0.5,0.5,0.0,0.0,0.0,0.0,0.0,0.0,0.0,0.5,0.5,0.5,0.5,0.0,0.0,0.5,0.5,0.5,0.5,0.0,0.0,0.5,0.5,0.0,0.0,0.0,0.0
State: w17, Alice: ['u', 'e1'], Bob: ['e2', 'zero'], Long Bob: e1, Transform: f4;0.5,0.0,0.5,0.0,0.5,1.0,0.0,0.5,0.0,0.0,0.0,0.0,0.0,0.0,0.5,0.5,0.5,0.5,0.0,0.0,0.5,0.5,0.5,0.5,0.0,0.0,0.5,0.5,0.0,0.0,0.0,0.0
State: w17, Alice: ['e1', 'u'], Bob: ['zero', 'e2'], Long Bob: e1, Transform: f4;0.0,0.5,0.0,0.5,0.5,0.0,1.0,0.5,0.0,0.0,0.0,0.0,0.5,0.5,0.0,0.0,0.0,0.0,0.5,0.5,0.5,0.5,0.5,0.5,0.5,0.5,0.0,0.0,0.0,0.0,0.0,0.0
State: w17, Alice: ['e1', 'u'], Bob: ['e2', 'zero'], Long Bob: e1, Transform: f4;0.5,0.0,0.5,0.0,0.0,0.5,0.5,1.0,0.0,0.0,0.0,0.0,0.5,0.5,0.0,0.0,0.0,0.0,0.5,0.5,0.5,0.5,0.5,0.5,0.5,0.5,0.0,0.0,0.0,0.0,0.0,0.0
State: w17, Alice: ['u', 'e1'], Bob: ['zero', 'e2'], Long Bob: e1, Transform: f5;0.0,0.5,0.0,0.5,1.0,0.5,0.5,0.0,0.0,0.0,0.0,0.0,0.0,0.0,0.5,0.5,1.0,0.5,0.5,0.5,0.0,0.5,0.0,0.0,0.0,0.0,0.5,0.0,0.0,0.0,0.0,0.5
State: w17, Alice: ['u', 'e1'], Bob: ['e2', 'zero'], Long Bob: e1, Transform: f5;0.5,0.0,0.5,0.0,0.5,1.0,0.0,0.5,0.0,0.0,0.0,0.0,0.0,0.0,0.5,0.5,1.0,0.5,0.5,0.5,0.0,0.5,0.0,0.0,0.0,0.0,0.5,0.0,0.0,0.0,0.0,0.5
State: w17, Alice: ['e1', 'u'], Bob: ['zero', 'e2'], Long Bob: e1, Transform: f5;0.0,0.5,0.0,0.5,0.5,0.0,1.0,0.5,0.0,0.0,0.0,0.0,0.5,0.5,0.0,0.0,0.5,0.5,1.0,0.5,0.0,0.0,0.0,0.5,0.5,0.0,0.0,0.0,0.0,0.5,0.0,0.0
State: w17, Alice: ['e1', 'u'], Bob: ['e2', 'zero'], Long Bob: e1, Transform: f5;0.5,0.0,0.5,0.0,0.0,0.5,0.5,1.0,0.0,0.0,0.0,0.0,0.5,0.5,0.0,0.0,0.5,0.5,1.0,0.5,0.0,0.0,0.0,0.5,0.5,0.0,0.0,0.0,0.0,0.5,0.0,0.0
State: w17, Alice: ['u', 'e1'], Bob: ['zero', 'e2'], Long Bob: e1, Transform: f7;0.0,0.5,0.0,0.5,1.0,0.5,0.5,0.0,0.0,0.0,0.0,0.0,0.0,0.0,0.5,0.5,0.5,0.5,0.0,0.5,0.5,0.5,0.5,0.0,0.0,0.0,0.5,0.0,0.0,0.0,0.0,0.5
State: w17, Alice: ['u', 'e1'], Bob: ['e2', 'zero'], Long Bob: e1, Transform: f7;0.5,0.0,0.5,0.0,0.5,1.0,0.0,0.5,0.0,0.0,0.0,0.0,0.0,0.0,0.5,0.5,0.5,0.5,0.0,0.5,0.5,0.5,0.5,0.0,0.0,0.0,0.5,0.0,0.0,0.0,0.0,0.5
State: w17, Alice: ['e1', 'u'], Bob: ['zero', 'e2'], Long Bob: e1, Transform: f7;0.0,0.5,0.0,0.5,0.5,0.0,1.0,0.5,0.0,0.0,0.0,0.0,0.5,0.5,0.0,0.0,0.0,0.5,0.5,0.5,0.5,0.0,0.5,0.5,0.5,0.0,0.0,0.0,0.0,0.5,0.0,0.0
State: w17, Alice: ['e1', 'u'], Bob: ['e2', 'zero'], Long Bob: e1, Transform: f7;0.5,0.0,0.5,0.0,0.0,0.5,0.5,1.0,0.0,0.0,0.0,0.0,0.5,0.5,0.0,0.0,0.0,0.5,0.5,0.5,0.5,0.0,0.5,0.5,0.5,0.0,0.0,0.0,0.0,0.5,0.0,0.0
State: w17, Alice: ['u', 'e1'], Bob: ['zero', 'e2'], Long Bob: e1, Transform: f8;0.0,0.5,0.0,0.5,1.0,0.5,0.5,0.0,0.0,0.0,0.0,0.0,0.0,0.0,0.5,0.5,0.5,0.0,0.0,0.0,0.5,1.0,0.5,0.5,0.0,0.0,0.5,0.0,0.0,0.0,0.0,0.5
State: w17, Alice: ['u', 'e1'], Bob: ['e2', 'zero'], Long Bob: e1, Transform: f8;0.5,0.0,0.5,0.0,0.5,1.0,0.0,0.5,0.0,0.0,0.0,0.0,0.0,0.0,0.5,0.5,0.5,0.0,0.0,0.0,0.5,1.0,0.5,0.5,0.0,0.0,0.5,0.0,0.0,0.0,0.0,0.5
State: w17, Alice: ['e1', 'u'], Bob: ['zero', 'e2'], Long Bob: e1, Transform: f8;0.0,0.5,0.0,0.5,0.5,0.0,1.0,0.5,0.0,0.0,0.0,0.0,0.5,0.5,0.0,0.0,0.0,0.0,0.5,0.0,0.5,0.5,0.5,1.0,0.5,0.0,0.0,0.0,0.0,0.5,0.0,0.0
State: w17, Alice: ['e1', 'u'], Bob: ['e2', 'zero'], Long Bob: e1, Transform: f8;0.5,0.0,0.5,0.0,0.0,0.5,0.5,1.0,0.0,0.0,0.0,0.0,0.5,0.5,0.0,0.0,0.0,0.0,0.5,0.0,0.5,0.5,0.5,1.0,0.5,0.0,0.0,0.0,0.0,0.5,0.0,0.0
State: w17, Alice: ['u', 'e1'], Bob: ['zero', 'e2'], Long Bob: e1, Transform: f9;0.0,0.5,0.0,0.5,1.0,0.5,0.5,0.0,0.0,0.0,0.0,0.0,0.0,0.0,0.5,0.5,0.5,1.0,0.5,0.5,0.5,0.0,0.0,0.0,0.0,0.0,0.0,0.5,0.0,0.0,0.5,0.0
State: w17, Alice: ['u', 'e1'], Bob: ['e2', 'zero'], Long Bob: e1, Transform: f9;0.5,0.0,0.5,0.0,0.5,1.0,0.0,0.5,0.0,0.0,0.0,0.0,0.0,0.0,0.5,0.5,0.5,1.0,0.5,0.5,0.5,0.0,0.0,0.0,0.0,0.0,0.0,0.5,0.0,0.0,0.5,0.0
State: w17, Alice: ['e1', 'u'], Bob: ['zero', 'e2'], Long Bob: e1, Transform: f9;0.0,0.5,0.0,0.5,0.5,0.0,1.0,0.5,0.0,0.0,0.0,0.0,0.5,0.5,0.0,0.0,0.5,0.5,0.5,1.0,0.0,0.0,0.5,0.0,0.0,0.5,0.0,0.0,0.5,0.0,0.0,0.0
State: w17, Alice: ['e1', 'u'], Bob: ['e2', 'zero'], Long Bob: e1, Transform: f9;0.5,0.0,0.5,0.0,0.0,0.5,0.5,1.0,0.0,0.0,0.0,0.0,0.5,0.5,0.0,0.0,0.5,0.5,0.5,1.0,0.0,0.0,0.5,0.0,0.0,0.5,0.0,0.0,0.5,0.0,0.0,0.0
State: w17, Alice: ['u', 'e1'], Bob: ['zero', 'e2'], Long Bob: e1, Transform: f10;0.0,0.5,0.0,0.5,1.0,0.5,0.5,0.0,0.0,0.0,0.0,0.0,0.0,0.0,0.5,0.5,0.5,0.5,0.5,0.0,0.5,0.5,0.0,0.5,0.0,0.0,0.0,0.5,0.0,0.0,0.5,0.0
State: w17, Alice: ['u', 'e1'], Bob: ['e2', 'zero'], Long Bob: e1, Transform: f10;0.5,0.0,0.5,0.0,0.5,1.0,0.0,0.5,0.0,0.0,0.0,0.0,0.0,0.0,0.5,0.5,0.5,0.5,0.5,0.0,0.5,0.5,0.0,0.5,0.0,0.0,0.0,0.5,0.0,0.0,0.5,0.0
State: w17, Alice: ['e1', 'u'], Bob: ['zero', 'e2'], Long Bob: e1, Transform: f10;0.0,0.5,0.0,0.5,0.5,0.0,1.0,0.5,0.0,0.0,0.0,0.0,0.5,0.5,0.0,0.0,0.5,0.0,0.5,0.5,0.0,0.5,0.5,0.5,0.0,0.5,0.0,0.0,0.5,0.0,0.0,0.0
State: w17, Alice: ['e1', 'u'], Bob: ['e2', 'zero'], Long Bob: e1, Transform: f10;0.5,0.0,0.5,0.0,0.0,0.5,0.5,1.0,0.0,0.0,0.0,0.0,0.5,0.5,0.0,0.0,0.5,0.0,0.5,0.5,0.0,0.5,0.5,0.5,0.0,0.5,0.0,0.0,0.5,0.0,0.0,0.0
State: w17, Alice: ['u', 'e1'], Bob: ['zero', 'e2'], Long Bob: e1, Transform: f12;0.0,0.5,0.0,0.5,1.0,0.5,0.5,0.0,0.0,0.0,0.0,0.0,0.0,0.0,0.5,0.5,0.0,0.5,0.0,0.0,1.0,0.5,0.5,0.5,0.0,0.0,0.0,0.5,0.0,0.0,0.5,0.0
State: w17, Alice: ['u', 'e1'], Bob: ['e2', 'zero'], Long Bob: e1, Transform: f12;0.5,0.0,0.5,0.0,0.5,1.0,0.0,0.5,0.0,0.0,0.0,0.0,0.0,0.0,0.5,0.5,0.0,0.5,0.0,0.0,1.0,0.5,0.5,0.5,0.0,0.0,0.0,0.5,0.0,0.0,0.5,0.0
State: w17, Alice: ['e1', 'u'], Bob: ['zero', 'e2'], Long Bob: e1, Transform: f12;0.0,0.5,0.0,0.5,0.5,0.0,1.0,0.5,0.0,0.0,0.0,0.0,0.5,0.5,0.0,0.0,0.0,0.0,0.0,0.5,0.5,0.5,1.0,0.5,0.0,0.5,0.0,0.0,0.5,0.0,0.0,0.0
State: w17, Alice: ['e1', 'u'], Bob: ['e2', 'zero'], Long Bob: e1, Transform: f12;0.5,0.0,0.5,0.0,0.0,0.5,0.5,1.0,0.0,0.0,0.0,0.0,0.5,0.5,0.0,0.0,0.0,0.0,0.0,0.5,0.5,0.5,1.0,0.5,0.0,0.5,0.0,0.0,0.5,0.0,0.0,0.0
State: w17, Alice: ['u', 'e1'], Bob: ['zero', 'e2'], Long Bob: e1, Transform: f13;0.0,0.5,0.0,0.5,1.0,0.5,0.5,0.0,0.0,0.0,0.0,0.0,0.0,0.0,0.5,0.5,0.5,0.5,0.5,0.5,0.5,0.5,0.0,0.0,0.0,0.0,0.0,0.0,0.0,0.0,0.5,0.5
State: w17, Alice: ['u', 'e1'], Bob: ['e2', 'zero'], Long Bob: e1, Transform: f13;0.5,0.0,0.5,0.0,0.5,1.0,0.0,0.5,0.0,0.0,0.0,0.0,0.0,0.0,0.5,0.5,0.5,0.5,0.5,0.5,0.5,0.5,0.0,0.0,0.0,0.0,0.0,0.0,0.0,0.0,0.5,0.5
State: w17, Alice: ['e1', 'u'], Bob: ['zero', 'e2'], Long Bob: e1, Transform: f13;0.0,0.5,0.0,0.5,0.5,0.0,1.0,0.5,0.0,0.0,0.0,0.0,0.5,0.5,0.0,0.0,0.5,0.5,0.5,0.5,0.0,0.0,0.5,0.5,0.0,0.0,0.0,0.0,0.5,0.5,0.0,0.0
State: w17, Alice: ['e1', 'u'], Bob: ['e2', 'zero'], Long Bob: e1, Transform: f13;0.5,0.0,0.5,0.0,0.0,0.5,0.5,1.0,0.0,0.0,0.0,0.0,0.5,0.5,0.0,0.0,0.5,0.5,0.5,0.5,0.0,0.0,0.5,0.5,0.0,0.0,0.0,0.0,0.5,0.5,0.0,0.0
State: w17, Alice: ['u', 'e1'], Bob: ['zero', 'e2'], Long Bob: e1, Transform: f14;0.0,0.5,0.0,0.5,1.0,0.5,0.5,0.0,0.0,0.0,0.0,0.0,0.0,0.0,0.5,0.5,0.5,0.0,0.5,0.0,0.5,1.0,0.0,0.5,0.0,0.0,0.0,0.0,0.0,0.0,0.5,0.5
State: w17, Alice: ['u', 'e1'], Bob: ['e2', 'zero'], Long Bob: e1, Transform: f14;0.5,0.0,0.5,0.0,0.5,1.0,0.0,0.5,0.0,0.0,0.0,0.0,0.0,0.0,0.5,0.5,0.5,0.0,0.5,0.0,0.5,1.0,0.0,0.5,0.0,0.0,0.0,0.0,0.0,0.0,0.5,0.5
State: w17, Alice: ['e1', 'u'], Bob: ['zero', 'e2'], Long Bob: e1, Transform: f14;0.0,0.5,0.0,0.5,0.5,0.0,1.0,0.5,0.0,0.0,0.0,0.0,0.5,0.5,0.0,0.0,0.5,0.0,0.5,0.0,0.0,0.5,0.5,1.0,0.0,0.0,0.0,0.0,0.5,0.5,0.0,0.0
State: w17, Alice: ['e1', 'u'], Bob: ['e2', 'zero'], Long Bob: e1, Transform: f14;0.5,0.0,0.5,0.0,0.0,0.5,0.5,1.0,0.0,0.0,0.0,0.0,0.5,0.5,0.0,0.0,0.5,0.0,0.5,0.0,0.0,0.5,0.5,1.0,0.0,0.0,0.0,0.0,0.5,0.5,0.0,0.0
State: w17, Alice: ['u', 'e1'], Bob: ['zero', 'e2'], Long Bob: e1, Transform: f15;0.0,0.5,0.0,0.5,1.0,0.5,0.5,0.0,0.0,0.0,0.0,0.0,0.0,0.0,0.5,0.5,0.0,0.5,0.0,0.5,1.0,0.5,0.5,0.0,0.0,0.0,0.0,0.0,0.0,0.0,0.5,0.5
State: w17, Alice: ['u', 'e1'], Bob: ['e2', 'zero'], Long Bob: e1, Transform: f15;0.5,0.0,0.5,0.0,0.5,1.0,0.0,0.5,0.0,0.0,0.0,0.0,0.0,0.0,0.5,0.5,0.0,0.5,0.0,0.5,1.0,0.5,0.5,0.0,0.0,0.0,0.0,0.0,0.0,0.0,0.5,0.5
State: w17, Alice: ['e1', 'u'], Bob: ['zero', 'e2'], Long Bob: e1, Transform: f15;0.0,0.5,0.0,0.5,0.5,0.0,1.0,0.5,0.0,0.0,0.0,0.0,0.5,0.5,0.0,0.0,0.0,0.5,0.0,0.5,0.5,0.0,1.0,0.5,0.0,0.0,0.0,0.0,0.5,0.5,0.0,0.0
State: w17, Alice: ['e1', 'u'], Bob: ['e2', 'zero'], Long Bob: e1, Transform: f15;0.5,0.0,0.5,0.0,0.0,0.5,0.5,1.0,0.0,0.0,0.0,0.0,0.5,0.5,0.0,0.0,0.0,0.5,0.0,0.5,0.5,0.0,1.0,0.5,0.0,0.0,0.0,0.0,0.5,0.5,0.0,0.0
State: w17, Alice: ['u', 'e1'], Bob: ['e1', 'e1'], Long Bob: u, Transform: f1;0.5,0.5,0.0,0.0,0.5,0.5,0.5,0.5,0.0,0.0,0.5,0.5,0.0,0.0,0.0,0.0,1.0,1.0,0.5,0.5,0.0,0.0,0.0,0.0,0.0,0.0,0.5,0.5,0.0,0.0,0.0,0.0
State: w17, Alice: ['e1', 'u'], Bob: ['e1', 'e1'], Long Bob: u, Transform: f1;0.0,0.0,0.5,0.5,0.5,0.5,0.5,0.5,0.5,0.5,0.0,0.0,0.0,0.0,0.0,0.0,0.5,0.5,1.0,1.0,0.0,0.0,0.0,0.0,0.5,0.5,0.0,0.0,0.0,0.0,0.0,0.0
State: w17, Alice: ['u', 'e1'], Bob: ['e1', 'e1'], Long Bob: u, Transform: f5;0.5,0.5,0.0,0.0,0.5,0.5,0.5,0.5,0.0,0.0,0.5,0.5,0.0,0.0,0.0,0.0,1.0,0.0,0.5,0.0,0.0,1.0,0.0,0.5,0.0,0.0,0.5,0.0,0.0,0.0,0.0,0.5
State: w17, Alice: ['e1', 'u'], Bob: ['e1', 'e1'], Long Bob: u, Transform: f5;0.0,0.0,0.5,0.5,0.5,0.5,0.5,0.5,0.5,0.5,0.0,0.0,0.0,0.0,0.0,0.0,0.5,0.0,1.0,0.0,0.0,0.5,0.0,1.0,0.5,0.0,0.0,0.0,0.0,0.5,0.0,0.0
State: w17, Alice: ['u', 'e1'], Bob: ['e1', 'e1'], Long Bob: u, Transform: f9;0.5,0.5,0.0,0.0,0.5,0.5,0.5,0.5,0.0,0.0,0.5,0.5,0.0,0.0,0.0,0.0,0.0,1.0,0.0,0.5,1.0,0.0,0.5,0.0,0.0,0.0,0.0,0.5,0.0,0.0,0.5,0.0
State: w17, Alice: ['e1', 'u'], Bob: ['e1', 'e1'], Long Bob: u, Transform: f9;0.0,0.0,0.5,0.5,0.5,0.5,0.5,0.5,0.5,0.5,0.0,0.0,0.0,0.0,0.0,0.0,0.0,0.5,0.0,1.0,0.5,0.0,1.0,0.0,0.0,0.5,0.0,0.0,0.5,0.0,0.0,0.0
State: w17, Alice: ['u', 'e1'], Bob: ['e1', 'e1'], Long Bob: u, Transform: f13;0.5,0.5,0.0,0.0,0.5,0.5,0.5,0.5,0.0,0.0,0.5,0.5,0.0,0.0,0.0,0.0,0.0,0.0,0.0,0.0,1.0,1.0,0.5,0.5,0.0,0.0,0.0,0.0,0.0,0.0,0.5,0.5
State: w17, Alice: ['e1', 'u'], Bob: ['e1', 'e1'], Long Bob: u, Transform: f13;0.0,0.0,0.5,0.5,0.5,0.5,0.5,0.5,0.5,0.5,0.0,0.0,0.0,0.0,0.0,0.0,0.0,0.0,0.0,0.0,0.5,0.5,1.0,1.0,0.0,0.0,0.0,0.0,0.5,0.5,0.0,0.0
State: w17, Alice: ['u', 'e1'], Bob: ['e1', 'e1'], Long Bob: e1, Transform: f2;0.5,0.5,0.0,0.0,0.5,0.5,0.5,0.5,0.0,0.0,0.5,0.5,0.0,0.0,0.0,0.0,1.0,0.5,0.5,0.0,0.0,0.5,0.0,0.5,0.0,0.0,0.5,0.5,0.0,0.0,0.0,0.0
State: w17, Alice: ['e1', 'u'], Bob: ['e1', 'e1'], Long Bob: e1, Transform: f2;0.0,0.0,0.5,0.5,0.5,0.5,0.5,0.5,0.5,0.5,0.0,0.0,0.0,0.0,0.0,0.0,0.5,0.0,1.0,0.5,0.0,0.5,0.0,0.5,0.5,0.5,0.0,0.0,0.0,0.0,0.0,0.0
State: w17, Alice: ['u', 'e1'], Bob: ['e1', 'e1'], Long Bob: e1, Transform: f3;0.5,0.5,0.0,0.0,0.5,0.5,0.5,0.5,0.0,0.0,0.5,0.5,0.0,0.0,0.0,0.0,0.5,1.0,0.0,0.5,0.5,0.0,0.5,0.0,0.0,0.0,0.5,0.5,0.0,0.0,0.0,0.0
State: w17, Alice: ['e1', 'u'], Bob: ['e1', 'e1'], Long Bob: e1, Transform: f3;0.0,0.0,0.5,0.5,0.5,0.5,0.5,0.5,0.5,0.5,0.0,0.0,0.0,0.0,0.0,0.0,0.0,0.5,0.5,1.0,0.5,0.0,0.5,0.0,0.5,0.5,0.0,0.0,0.0,0.0,0.0,0.0
State: w17, Alice: ['u', 'e1'], Bob: ['e1', 'e1'], Long Bob: e1, Transform: f4;0.5,0.5,0.0,0.0,0.5,0.5,0.5,0.5,0.0,0.0,0.5,0.5,0.0,0.0,0.0,0.0,0.5,0.5,0.0,0.0,0.5,0.5,0.5,0.5,0.0,0.0,0.5,0.5,0.0,0.0,0.0,0.0
State: w17, Alice: ['e1', 'u'], Bob: ['e1', 'e1'], Long Bob: e1, Transform: f4;0.0,0.0,0.5,0.5,0.5,0.5,0.5,0.5,0.5,0.5,0.0,0.0,0.0,0.0,0.0,0.0,0.0,0.0,0.5,0.5,0.5,0.5,0.5,0.5,0.5,0.5,0.0,0.0,0.0,0.0,0.0,0.0
State: w17, Alice: ['u', 'e1'], Bob: ['e1', 'e1'], Long Bob: e1, Transform: f5;0.5,0.5,0.0,0.0,0.5,0.5,0.5,0.5,0.0,0.0,0.5,0.5,0.0,0.0,0.0,0.0,1.0,0.5,0.5,0.5,0.0,0.5,0.0,0.0,0.0,0.0,0.5,0.0,0.0,0.0,0.0,0.5
State: w17, Alice: ['e1', 'u'], Bob: ['e1', 'e1'], Long Bob: e1, Transform: f5;0.0,0.0,0.5,0.5,0.5,0.5,0.5,0.5,0.5,0.5,0.0,0.0,0.0,0.0,0.0,0.0,0.5,0.5,1.0,0.5,0.0,0.0,0.0,0.5,0.5,0.0,0.0,0.0,0.0,0.5,0.0,0.0
State: w17, Alice: ['u', 'e1'], Bob: ['e1', 'e1'], Long Bob: e1, Transform: f7;0.5,0.5,0.0,0.0,0.5,0.5,0.5,0.5,0.0,0.0,0.5,0.5,0.0,0.0,0.0,0.0,0.5,0.5,0.0,0.5,0.5,0.5,0.5,0.0,0.0,0.0,0.5,0.0,0.0,0.0,0.0,0.5
State: w17, Alice: ['e1', 'u'], Bob: ['e1', 'e1'], Long Bob: e1, Transform: f7;0.0,0.0,0.5,0.5,0.5,0.5,0.5,0.5,0.5,0.5,0.0,0.0,0.0,0.0,0.0,0.0,0.0,0.5,0.5,0.5,0.5,0.0,0.5,0.5,0.5,0.0,0.0,0.0,0.0,0.5,0.0,0.0
State: w17, Alice: ['u', 'e1'], Bob: ['e1', 'e1'], Long Bob: e1, Transform: f8;0.5,0.5,0.0,0.0,0.5,0.5,0.5,0.5,0.0,0.0,0.5,0.5,0.0,0.0,0.0,0.0,0.5,0.0,0.0,0.0,0.5,1.0,0.5,0.5,0.0,0.0,0.5,0.0,0.0,0.0,0.0,0.5
State: w17, Alice: ['e1', 'u'], Bob: ['e1', 'e1'], Long Bob: e1, Transform: f8;0.0,0.0,0.5,0.5,0.5,0.5,0.5,0.5,0.5,0.5,0.0,0.0,0.0,0.0,0.0,0.0,0.0,0.0,0.5,0.0,0.5,0.5,0.5,1.0,0.5,0.0,0.0,0.0,0.0,0.5,0.0,0.0
State: w17, Alice: ['u', 'e1'], Bob: ['e1', 'e1'], Long Bob: e1, Transform: f9;0.5,0.5,0.0,0.0,0.5,0.5,0.5,0.5,0.0,0.0,0.5,0.5,0.0,0.0,0.0,0.0,0.5,1.0,0.5,0.5,0.5,0.0,0.0,0.0,0.0,0.0,0.0,0.5,0.0,0.0,0.5,0.0
State: w17, Alice: ['e1', 'u'], Bob: ['e1', 'e1'], Long Bob: e1, Transform: f9;0.0,0.0,0.5,0.5,0.5,0.5,0.5,0.5,0.5,0.5,0.0,0.0,0.0,0.0,0.0,0.0,0.5,0.5,0.5,1.0,0.0,0.0,0.5,0.0,0.0,0.5,0.0,0.0,0.5,0.0,0.0,0.0
State: w17, Alice: ['u', 'e1'], Bob: ['e1', 'e1'], Long Bob: e1, Transform: f10;0.5,0.5,0.0,0.0,0.5,0.5,0.5,0.5,0.0,0.0,0.5,0.5,0.0,0.0,0.0,0.0,0.5,0.5,0.5,0.0,0.5,0.5,0.0,0.5,0.0,0.0,0.0,0.5,0.0,0.0,0.5,0.0
State: w17, Alice: ['e1', 'u'], Bob: ['e1', 'e1'], Long Bob: e1, Transform: f10;0.0,0.0,0.5,0.5,0.5,0.5,0.5,0.5,0.5,0.5,0.0,0.0,0.0,0.0,0.0,0.0,0.5,0.0,0.5,0.5,0.0,0.5,0.5,0.5,0.0,0.5,0.0,0.0,0.5,0.0,0.0,0.0
State: w17, Alice: ['u', 'e1'], Bob: ['e1', 'e1'], Long Bob: e1, Transform: f12;0.5,0.5,0.0,0.0,0.5,0.5,0.5,0.5,0.0,0.0,0.5,0.5,0.0,0.0,0.0,0.0,0.0,0.5,0.0,0.0,1.0,0.5,0.5,0.5,0.0,0.0,0.0,0.5,0.0,0.0,0.5,0.0
State: w17, Alice: ['e1', 'u'], Bob: ['e1', 'e1'], Long Bob: e1, Transform: f12;0.0,0.0,0.5,0.5,0.5,0.5,0.5,0.5,0.5,0.5,0.0,0.0,0.0,0.0,0.0,0.0,0.0,0.0,0.0,0.5,0.5,0.5,1.0,0.5,0.0,0.5,0.0,0.0,0.5,0.0,0.0,0.0
State: w17, Alice: ['u', 'e1'], Bob: ['e1', 'e1'], Long Bob: e1, Transform: f13;0.5,0.5,0.0,0.0,0.5,0.5,0.5,0.5,0.0,0.0,0.5,0.5,0.0,0.0,0.0,0.0,0.5,0.5,0.5,0.5,0.5,0.5,0.0,0.0,0.0,0.0,0.0,0.0,0.0,0.0,0.5,0.5
State: w17, Alice: ['e1', 'u'], Bob: ['e1', 'e1'], Long Bob: e1, Transform: f13;0.0,0.0,0.5,0.5,0.5,0.5,0.5,0.5,0.5,0.5,0.0,0.0,0.0,0.0,0.0,0.0,0.5,0.5,0.5,0.5,0.0,0.0,0.5,0.5,0.0,0.0,0.0,0.0,0.5,0.5,0.0,0.0
State: w17, Alice: ['u', 'e1'], Bob: ['e1', 'e1'], Long Bob: e1, Transform: f14;0.5,0.5,0.0,0.0,0.5,0.5,0.5,0.5,0.0,0.0,0.5,0.5,0.0,0.0,0.0,0.0,0.5,0.0,0.5,0.0,0.5,1.0,0.0,0.5,0.0,0.0,0.0,0.0,0.0,0.0,0.5,0.5
State: w17, Alice: ['e1', 'u'], Bob: ['e1', 'e1'], Long Bob: e1, Transform: f14;0.0,0.0,0.5,0.5,0.5,0.5,0.5,0.5,0.5,0.5,0.0,0.0,0.0,0.0,0.0,0.0,0.5,0.0,0.5,0.0,0.0,0.5,0.5,1.0,0.0,0.0,0.0,0.0,0.5,0.5,0.0,0.0
State: w17, Alice: ['u', 'e1'], Bob: ['e1', 'e1'], Long Bob: e1, Transform: f15;0.5,0.5,0.0,0.0,0.5,0.5,0.5,0.5,0.0,0.0,0.5,0.5,0.0,0.0,0.0,0.0,0.0,0.5,0.0,0.5,1.0,0.5,0.5,0.0,0.0,0.0,0.0,0.0,0.0,0.0,0.5,0.5
State: w17, Alice: ['e1', 'u'], Bob: ['e1', 'e1'], Long Bob: e1, Transform: f15;0.0,0.0,0.5,0.5,0.5,0.5,0.5,0.5,0.5,0.5,0.0,0.0,0.0,0.0,0.0,0.0,0.0,0.5,0.0,0.5,0.5,0.0,1.0,0.5,0.0,0.0,0.0,0.0,0.5,0.5,0.0,0.0
State: w17, Alice: ['u', 'e1'], Bob: ['e1', 'e2'], Long Bob: u, Transform: f1;0.5,0.5,0.0,0.5,0.5,0.5,0.5,0.0,0.0,0.0,0.5,0.0,0.0,0.0,0.0,0.5,1.0,1.0,0.5,0.5,0.0,0.0,0.0,0.0,0.0,0.0,0.5,0.5,0.0,0.0,0.0,0.0
State: w17, Alice: ['u', 'e1'], Bob: ['e2', 'e1'], Long Bob: u, Transform: f1;0.5,0.5,0.5,0.0,0.5,0.5,0.0,0.5,0.0,0.0,0.0,0.5,0.0,0.0,0.5,0.0,1.0,1.0,0.5,0.5,0.0,0.0,0.0,0.0,0.0,0.0,0.5,0.5,0.0,0.0,0.0,0.0
State: w17, Alice: ['e1', 'u'], Bob: ['e1', 'e2'], Long Bob: u, Transform: f1;0.0,0.5,0.5,0.5,0.5,0.0,0.5,0.5,0.5,0.0,0.0,0.0,0.0,0.5,0.0,0.0,0.5,0.5,1.0,1.0,0.0,0.0,0.0,0.0,0.5,0.5,0.0,0.0,0.0,0.0,0.0,0.0
State: w17, Alice: ['e1', 'u'], Bob: ['e2', 'e1'], Long Bob: u, Transform: f1;0.5,0.0,0.5,0.5,0.0,0.5,0.5,0.5,0.0,0.5,0.0,0.0,0.5,0.0,0.0,0.0,0.5,0.5,1.0,1.0,0.0,0.0,0.0,0.0,0.5,0.5,0.0,0.0,0.0,0.0,0.0,0.0
State: w17, Alice: ['u', 'e1'], Bob: ['e1', 'e2'], Long Bob: u, Transform: f5;0.5,0.5,0.0,0.5,0.5,0.5,0.5,0.0,0.0,0.0,0.5,0.0,0.0,0.0,0.0,0.5,1.0,0.0,0.5,0.0,0.0,1.0,0.0,0.5,0.0,0.0,0.5,0.0,0.0,0.0,0.0,0.5
State: w17, Alice: ['u', 'e1'], Bob: ['e2', 'e1'], Long Bob: u, Transform: f5;0.5,0.5,0.5,0.0,0.5,0.5,0.0,0.5,0.0,0.0,0.0,0.5,0.0,0.0,0.5,0.0,1.0,0.0,0.5,0.0,0.0,1.0,0.0,0.5,0.0,0.0,0.5,0.0,0.0,0.0,0.0,0.5
State: w17, Alice: ['e1', 'u'], Bob: ['e1', 'e2'], Long Bob: u, Transform: f5;0.0,0.5,0.5,0.5,0.5,0.0,0.5,0.5,0.5,0.0,0.0,0.0,0.0,0.5,0.0,0.0,0.5,0.0,1.0,0.0,0.0,0.5,0.0,1.0,0.5,0.0,0.0,0.0,0.0,0.5,0.0,0.0
State: w17, Alice: ['e1', 'u'], Bob: ['e2', 'e1'], Long Bob: u, Transform: f5;0.5,0.0,0.5,0.5,0.0,0.5,0.5,0.5,0.0,0.5,0.0,0.0,0.5,0.0,0.0,0.0,0.5,0.0,1.0,0.0,0.0,0.5,0.0,1.0,0.5,0.0,0.0,0.0,0.0,0.5,0.0,0.0
State: w17, Alice: ['u', 'e1'], Bob: ['e1', 'e2'], Long Bob: u, Transform: f9;0.5,0.5,0.0,0.5,0.5,0.5,0.5,0.0,0.0,0.0,0.5,0.0,0.0,0.0,0.0,0.5,0.0,1.0,0.0,0.5,1.0,0.0,0.5,0.0,0.0,0.0,0.0,0.5,0.0,0.0,0.5,0.0
State: w17, Alice: ['u', 'e1'], Bob: ['e2', 'e1'], Long Bob: u, Transform: f9;0.5,0.5,0.5,0.0,0.5,0.5,0.0,0.5,0.0,0.0,0.0,0.5,0.0,0.0,0.5,0.0,0.0,1.0,0.0,0.5,1.0,0.0,0.5,0.0,0.0,0.0,0.0,0.5,0.0,0.0,0.5,0.0
State: w17, Alice: ['e1', 'u'], Bob: ['e1', 'e2'], Long Bob: u, Transform: f9;0.0,0.5,0.5,0.5,0.5,0.0,0.5,0.5,0.5,0.0,0.0,0.0,0.0,0.5,0.0,0.0,0.0,0.5,0.0,1.0,0.5,0.0,1.0,0.0,0.0,0.5,0.0,0.0,0.5,0.0,0.0,0.0
State: w17, Alice: ['e1', 'u'], Bob: ['e2', 'e1'], Long Bob: u, Transform: f9;0.5,0.0,0.5,0.5,0.0,0.5,0.5,0.5,0.0,0.5,0.0,0.0,0.5,0.0,0.0,0.0,0.0,0.5,0.0,1.0,0.5,0.0,1.0,0.0,0.0,0.5,0.0,0.0,0.5,0.0,0.0,0.0
State: w17, Alice: ['u', 'e1'], Bob: ['e1', 'e2'], Long Bob: u, Transform: f13;0.5,0.5,0.0,0.5,0.5,0.5,0.5,0.0,0.0,0.0,0.5,0.0,0.0,0.0,0.0,0.5,0.0,0.0,0.0,0.0,1.0,1.0,0.5,0.5,0.0,0.0,0.0,0.0,0.0,0.0,0.5,0.5
State: w17, Alice: ['u', 'e1'], Bob: ['e2', 'e1'], Long Bob: u, Transform: f13;0.5,0.5,0.5,0.0,0.5,0.5,0.0,0.5,0.0,0.0,0.0,0.5,0.0,0.0,0.5,0.0,0.0,0.0,0.0,0.0,1.0,1.0,0.5,0.5,0.0,0.0,0.0,0.0,0.0,0.0,0.5,0.5
State: w17, Alice: ['e1', 'u'], Bob: ['e1', 'e2'], Long Bob: u, Transform: f13;0.0,0.5,0.5,0.5,0.5,0.0,0.5,0.5,0.5,0.0,0.0,0.0,0.0,0.5,0.0,0.0,0.0,0.0,0.0,0.0,0.5,0.5,1.0,1.0,0.0,0.0,0.0,0.0,0.5,0.5,0.0,0.0
State: w17, Alice: ['e1', 'u'], Bob: ['e2', 'e1'], Long Bob: u, Transform: f13;0.5,0.0,0.5,0.5,0.0,0.5,0.5,0.5,0.0,0.5,0.0,0.0,0.5,0.0,0.0,0.0,0.0,0.0,0.0,0.0,0.5,0.5,1.0,1.0,0.0,0.0,0.0,0.0,0.5,0.5,0.0,0.0
State: w17, Alice: ['u', 'e1'], Bob: ['e1', 'e2'], Long Bob: e1, Transform: f2;0.5,0.5,0.0,0.5,0.5,0.5,0.5,0.0,0.0,0.0,0.5,0.0,0.0,0.0,0.0,0.5,1.0,0.5,0.5,0.0,0.0,0.5,0.0,0.5,0.0,0.0,0.5,0.5,0.0,0.0,0.0,0.0
State: w17, Alice: ['u', 'e1'], Bob: ['e2', 'e1'], Long Bob: e1, Transform: f2;0.5,0.5,0.5,0.0,0.5,0.5,0.0,0.5,0.0,0.0,0.0,0.5,0.0,0.0,0.5,0.0,1.0,0.5,0.5,0.0,0.0,0.5,0.0,0.5,0.0,0.0,0.5,0.5,0.0,0.0,0.0,0.0
State: w17, Alice: ['e1', 'u'], Bob: ['e1', 'e2'], Long Bob: e1, Transform: f2;0.0,0.5,0.5,0.5,0.5,0.0,0.5,0.5,0.5,0.0,0.0,0.0,0.0,0.5,0.0,0.0,0.5,0.0,1.0,0.5,0.0,0.5,0.0,0.5,0.5,0.5,0.0,0.0,0.0,0.0,0.0,0.0
State: w17, Alice: ['e1', 'u'], Bob: ['e2', 'e1'], Long Bob: e1, Transform: f2;0.5,0.0,0.5,0.5,0.0,0.5,0.5,0.5,0.0,0.5,0.0,0.0,0.5,0.0,0.0,0.0,0.5,0.0,1.0,0.5,0.0,0.5,0.0,0.5,0.5,0.5,0.0,0.0,0.0,0.0,0.0,0.0
State: w17, Alice: ['u', 'e1'], Bob: ['e1', 'e2'], Long Bob: e1, Transform: f3;0.5,0.5,0.0,0.5,0.5,0.5,0.5,0.0,0.0,0.0,0.5,0.0,0.0,0.0,0.0,0.5,0.5,1.0,0.0,0.5,0.5,0.0,0.5,0.0,0.0,0.0,0.5,0.5,0.0,0.0,0.0,0.0
State: w17, Alice: ['u', 'e1'], Bob: ['e2', 'e1'], Long Bob: e1, Transform: f3;0.5,0.5,0.5,0.0,0.5,0.5,0.0,0.5,0.0,0.0,0.0,0.5,0.0,0.0,0.5,0.0,0.5,1.0,0.0,0.5,0.5,0.0,0.5,0.0,0.0,0.0,0.5,0.5,0.0,0.0,0.0,0.0
State: w17, Alice: ['e1', 'u'], Bob: ['e1', 'e2'], Long Bob: e1, Transform: f3;0.0,0.5,0.5,0.5,0.5,0.0,0.5,0.5,0.5,0.0,0.0,0.0,0.0,0.5,0.0,0.0,0.0,0.5,0.5,1.0,0.5,0.0,0.5,0.0,0.5,0.5,0.0,0.0,0.0,0.0,0.0,0.0
State: w17, Alice: ['e1', 'u'], Bob: ['e2', 'e1'], Long Bob: e1, Transform: f3;0.5,0.0,0.5,0.5,0.0,0.5,0.5,0.5,0.0,0.5,0.0,0.0,0.5,0.0,0.0,0.0,0.0,0.5,0.5,1.0,0.5,0.0,0.5,0.0,0.5,0.5,0.0,0.0,0.0,0.0,0.0,0.0
State: w17, Alice: ['u', 'e1'], Bob: ['e1', 'e2'], Long Bob: e1, Transform: f4;0.5,0.5,0.0,0.5,0.5,0.5,0.5,0.0,0.0,0.0,0.5,0.0,0.0,0.0,0.0,0.5,0.5,0.5,0.0,0.0,0.5,0.5,0.5,0.5,0.0,0.0,0.5,0.5,0.0,0.0,0.0,0.0
State: w17, Alice: ['u', 'e1'], Bob: ['e2', 'e1'], Long Bob: e1, Transform: f4;0.5,0.5,0.5,0.0,0.5,0.5,0.0,0.5,0.0,0.0,0.0,0.5,0.0,0.0,0.5,0.0,0.5,0.5,0.0,0.0,0.5,0.5,0.5,0.5,0.0,0.0,0.5,0.5,0.0,0.0,0.0,0.0
State: w17, Alice: ['e1', 'u'], Bob: ['e1', 'e2'], Long Bob: e1, Transform: f4;0.0,0.5,0.5,0.5,0.5,0.0,0.5,0.5,0.5,0.0,0.0,0.0,0.0,0.5,0.0,0.0,0.0,0.0,0.5,0.5,0.5,0.5,0.5,0.5,0.5,0.5,0.0,0.0,0.0,0.0,0.0,0.0
State: w17, Alice: ['e1', 'u'], Bob: ['e2', 'e1'], Long Bob: e1, Transform: f4;0.5,0.0,0.5,0.5,0.0,0.5,0.5,0.5,0.0,0.5,0.0,0.0,0.5,0.0,0.0,0.0,0.0,0.0,0.5,0.5,0.5,0.5,0.5,0.5,0.5,0.5,0.0,0.0,0.0,0.0,0.0,0.0
State: w17, Alice: ['u', 'e1'], Bob: ['e1', 'e2'], Long Bob: e1, Transform: f5;0.5,0.5,0.0,0.5,0.5,0.5,0.5,0.0,0.0,0.0,0.5,0.0,0.0,0.0,0.0,0.5,1.0,0.5,0.5,0.5,0.0,0.5,0.0,0.0,0.0,0.0,0.5,0.0,0.0,0.0,0.0,0.5
State: w17, Alice: ['u', 'e1'], Bob: ['e2', 'e1'], Long Bob: e1, Transform: f5;0.5,0.5,0.5,0.0,0.5,0.5,0.0,0.5,0.0,0.0,0.0,0.5,0.0,0.0,0.5,0.0,1.0,0.5,0.5,0.5,0.0,0.5,0.0,0.0,0.0,0.0,0.5,0.0,0.0,0.0,0.0,0.5
State: w17, Alice: ['e1', 'u'], Bob: ['e1', 'e2'], Long Bob: e1, Transform: f5;0.0,0.5,0.5,0.5,0.5,0.0,0.5,0.5,0.5,0.0,0.0,0.0,0.0,0.5,0.0,0.0,0.5,0.5,1.0,0.5,0.0,0.0,0.0,0.5,0.5,0.0,0.0,0.0,0.0,0.5,0.0,0.0
State: w17, Alice: ['e1', 'u'], Bob: ['e2', 'e1'], Long Bob: e1, Transform: f5;0.5,0.0,0.5,0.5,0.0,0.5,0.5,0.5,0.0,0.5,0.0,0.0,0.5,0.0,0.0,0.0,0.5,0.5,1.0,0.5,0.0,0.0,0.0,0.5,0.5,0.0,0.0,0.0,0.0,0.5,0.0,0.0
State: w17, Alice: ['u', 'e1'], Bob: ['e1', 'e2'], Long Bob: e1, Transform: f7;0.5,0.5,0.0,0.5,0.5,0.5,0.5,0.0,0.0,0.0,0.5,0.0,0.0,0.0,0.0,0.5,0.5,0.5,0.0,0.5,0.5,0.5,0.5,0.0,0.0,0.0,0.5,0.0,0.0,0.0,0.0,0.5
State: w17, Alice: ['u', 'e1'], Bob: ['e2', 'e1'], Long Bob: e1, Transform: f7;0.5,0.5,0.5,0.0,0.5,0.5,0.0,0.5,0.0,0.0,0.0,0.5,0.0,0.0,0.5,0.0,0.5,0.5,0.0,0.5,0.5,0.5,0.5,0.0,0.0,0.0,0.5,0.0,0.0,0.0,0.0,0.5
State: w17, Alice: ['e1', 'u'], Bob: ['e1', 'e2'], Long Bob: e1, Transform: f7;0.0,0.5,0.5,0.5,0.5,0.0,0.5,0.5,0.5,0.0,0.0,0.0,0.0,0.5,0.0,0.0,0.0,0.5,0.5,0.5,0.5,0.0,0.5,0.5,0.5,0.0,0.0,0.0,0.0,0.5,0.0,0.0
State: w17, Alice: ['e1', 'u'], Bob: ['e2', 'e1'], Long Bob: e1, Transform: f7;0.5,0.0,0.5,0.5,0.0,0.5,0.5,0.5,0.0,0.5,0.0,0.0,0.5,0.0,0.0,0.0,0.0,0.5,0.5,0.5,0.5,0.0,0.5,0.5,0.5,0.0,0.0,0.0,0.0,0.5,0.0,0.0
State: w17, Alice: ['u', 'e1'], Bob: ['e1', 'e2'], Long Bob: e1, Transform: f8;0.5,0.5,0.0,0.5,0.5,0.5,0.5,0.0,0.0,0.0,0.5,0.0,0.0,0.0,0.0,0.5,0.5,0.0,0.0,0.0,0.5,1.0,0.5,0.5,0.0,0.0,0.5,0.0,0.0,0.0,0.0,0.5
State: w17, Alice: ['u', 'e1'], Bob: ['e2', 'e1'], Long Bob: e1, Transform: f8;0.5,0.5,0.5,0.0,0.5,0.5,0.0,0.5,0.0,0.0,0.0,0.5,0.0,0.0,0.5,0.0,0.5,0.0,0.0,0.0,0.5,1.0,0.5,0.5,0.0,0.0,0.5,0.0,0.0,0.0,0.0,0.5
State: w17, Alice: ['e1', 'u'], Bob: ['e1', 'e2'], Long Bob: e1, Transform: f8;0.0,0.5,0.5,0.5,0.5,0.0,0.5,0.5,0.5,0.0,0.0,0.0,0.0,0.5,0.0,0.0,0.0,0.0,0.5,0.0,0.5,0.5,0.5,1.0,0.5,0.0,0.0,0.0,0.0,0.5,0.0,0.0
State: w17, Alice: ['e1', 'u'], Bob: ['e2', 'e1'], Long Bob: e1, Transform: f8;0.5,0.0,0.5,0.5,0.0,0.5,0.5,0.5,0.0,0.5,0.0,0.0,0.5,0.0,0.0,0.0,0.0,0.0,0.5,0.0,0.5,0.5,0.5,1.0,0.5,0.0,0.0,0.0,0.0,0.5,0.0,0.0
State: w17, Alice: ['u', 'e1'], Bob: ['e1', 'e2'], Long Bob: e1, Transform: f9;0.5,0.5,0.0,0.5,0.5,0.5,0.5,0.0,0.0,0.0,0.5,0.0,0.0,0.0,0.0,0.5,0.5,1.0,0.5,0.5,0.5,0.0,0.0,0.0,0.0,0.0,0.0,0.5,0.0,0.0,0.5,0.0
State: w17, Alice: ['u', 'e1'], Bob: ['e2', 'e1'], Long Bob: e1, Transform: f9;0.5,0.5,0.5,0.0,0.5,0.5,0.0,0.5,0.0,0.0,0.0,0.5,0.0,0.0,0.5,0.0,0.5,1.0,0.5,0.5,0.5,0.0,0.0,0.0,0.0,0.0,0.0,0.5,0.0,0.0,0.5,0.0
State: w17, Alice: ['e1', 'u'], Bob: ['e1', 'e2'], Long Bob: e1, Transform: f9;0.0,0.5,0.5,0.5,0.5,0.0,0.5,0.5,0.5,0.0,0.0,0.0,0.0,0.5,0.0,0.0,0.5,0.5,0.5,1.0,0.0,0.0,0.5,0.0,0.0,0.5,0.0,0.0,0.5,0.0,0.0,0.0
State: w17, Alice: ['e1', 'u'], Bob: ['e2', 'e1'], Long Bob: e1, Transform: f9;0.5,0.0,0.5,0.5,0.0,0.5,0.5,0.5,0.0,0.5,0.0,0.0,0.5,0.0,0.0,0.0,0.5,0.5,0.5,1.0,0.0,0.0,0.5,0.0,0.0,0.5,0.0,0.0,0.5,0.0,0.0,0.0
State: w17, Alice: ['u', 'e1'], Bob: ['e1', 'e2'], Long Bob: e1, Transform: f10;0.5,0.5,0.0,0.5,0.5,0.5,0.5,0.0,0.0,0.0,0.5,0.0,0.0,0.0,0.0,0.5,0.5,0.5,0.5,0.0,0.5,0.5,0.0,0.5,0.0,0.0,0.0,0.5,0.0,0.0,0.5,0.0
State: w17, Alice: ['u', 'e1'], Bob: ['e2', 'e1'], Long Bob: e1, Transform: f10;0.5,0.5,0.5,0.0,0.5,0.5,0.0,0.5,0.0,0.0,0.0,0.5,0.0,0.0,0.5,0.0,0.5,0.5,0.5,0.0,0.5,0.5,0.0,0.5,0.0,0.0,0.0,0.5,0.0,0.0,0.5,0.0
State: w17, Alice: ['e1', 'u'], Bob: ['e1', 'e2'], Long Bob: e1, Transform: f10;0.0,0.5,0.5,0.5,0.5,0.0,0.5,0.5,0.5,0.0,0.0,0.0,0.0,0.5,0.0,0.0,0.5,0.0,0.5,0.5,0.0,0.5,0.5,0.5,0.0,0.5,0.0,0.0,0.5,0.0,0.0,0.0
State: w17, Alice: ['e1', 'u'], Bob: ['e2', 'e1'], Long Bob: e1, Transform: f10;0.5,0.0,0.5,0.5,0.0,0.5,0.5,0.5,0.0,0.5,0.0,0.0,0.5,0.0,0.0,0.0,0.5,0.0,0.5,0.5,0.0,0.5,0.5,0.5,0.0,0.5,0.0,0.0,0.5,0.0,0.0,0.0
State: w17, Alice: ['u', 'e1'], Bob: ['e1', 'e2'], Long Bob: e1, Transform: f12;0.5,0.5,0.0,0.5,0.5,0.5,0.5,0.0,0.0,0.0,0.5,0.0,0.0,0.0,0.0,0.5,0.0,0.5,0.0,0.0,1.0,0.5,0.5,0.5,0.0,0.0,0.0,0.5,0.0,0.0,0.5,0.0
State: w17, Alice: ['u', 'e1'], Bob: ['e2', 'e1'], Long Bob: e1, Transform: f12;0.5,0.5,0.5,0.0,0.5,0.5,0.0,0.5,0.0,0.0,0.0,0.5,0.0,0.0,0.5,0.0,0.0,0.5,0.0,0.0,1.0,0.5,0.5,0.5,0.0,0.0,0.0,0.5,0.0,0.0,0.5,0.0
State: w17, Alice: ['e1', 'u'], Bob: ['e1', 'e2'], Long Bob: e1, Transform: f12;0.0,0.5,0.5,0.5,0.5,0.0,0.5,0.5,0.5,0.0,0.0,0.0,0.0,0.5,0.0,0.0,0.0,0.0,0.0,0.5,0.5,0.5,1.0,0.5,0.0,0.5,0.0,0.0,0.5,0.0,0.0,0.0
State: w17, Alice: ['e1', 'u'], Bob: ['e2', 'e1'], Long Bob: e1, Transform: f12;0.5,0.0,0.5,0.5,0.0,0.5,0.5,0.5,0.0,0.5,0.0,0.0,0.5,0.0,0.0,0.0,0.0,0.0,0.0,0.5,0.5,0.5,1.0,0.5,0.0,0.5,0.0,0.0,0.5,0.0,0.0,0.0
State: w17, Alice: ['u', 'e1'], Bob: ['e1', 'e2'], Long Bob: e1, Transform: f13;0.5,0.5,0.0,0.5,0.5,0.5,0.5,0.0,0.0,0.0,0.5,0.0,0.0,0.0,0.0,0.5,0.5,0.5,0.5,0.5,0.5,0.5,0.0,0.0,0.0,0.0,0.0,0.0,0.0,0.0,0.5,0.5
State: w17, Alice: ['u', 'e1'], Bob: ['e2', 'e1'], Long Bob: e1, Transform: f13;0.5,0.5,0.5,0.0,0.5,0.5,0.0,0.5,0.0,0.0,0.0,0.5,0.0,0.0,0.5,0.0,0.5,0.5,0.5,0.5,0.5,0.5,0.0,0.0,0.0,0.0,0.0,0.0,0.0,0.0,0.5,0.5
State: w17, Alice: ['e1', 'u'], Bob: ['e1', 'e2'], Long Bob: e1, Transform: f13;0.0,0.5,0.5,0.5,0.5,0.0,0.5,0.5,0.5,0.0,0.0,0.0,0.0,0.5,0.0,0.0,0.5,0.5,0.5,0.5,0.0,0.0,0.5,0.5,0.0,0.0,0.0,0.0,0.5,0.5,0.0,0.0
State: w17, Alice: ['e1', 'u'], Bob: ['e2', 'e1'], Long Bob: e1, Transform: f13;0.5,0.0,0.5,0.5,0.0,0.5,0.5,0.5,0.0,0.5,0.0,0.0,0.5,0.0,0.0,0.0,0.5,0.5,0.5,0.5,0.0,0.0,0.5,0.5,0.0,0.0,0.0,0.0,0.5,0.5,0.0,0.0
State: w17, Alice: ['u', 'e1'], Bob: ['e1', 'e2'], Long Bob: e1, Transform: f14;0.5,0.5,0.0,0.5,0.5,0.5,0.5,0.0,0.0,0.0,0.5,0.0,0.0,0.0,0.0,0.5,0.5,0.0,0.5,0.0,0.5,1.0,0.0,0.5,0.0,0.0,0.0,0.0,0.0,0.0,0.5,0.5
State: w17, Alice: ['u', 'e1'], Bob: ['e2', 'e1'], Long Bob: e1, Transform: f14;0.5,0.5,0.5,0.0,0.5,0.5,0.0,0.5,0.0,0.0,0.0,0.5,0.0,0.0,0.5,0.0,0.5,0.0,0.5,0.0,0.5,1.0,0.0,0.5,0.0,0.0,0.0,0.0,0.0,0.0,0.5,0.5
State: w17, Alice: ['e1', 'u'], Bob: ['e1', 'e2'], Long Bob: e1, Transform: f14;0.0,0.5,0.5,0.5,0.5,0.0,0.5,0.5,0.5,0.0,0.0,0.0,0.0,0.5,0.0,0.0,0.5,0.0,0.5,0.0,0.0,0.5,0.5,1.0,0.0,0.0,0.0,0.0,0.5,0.5,0.0,0.0
State: w17, Alice: ['e1', 'u'], Bob: ['e2', 'e1'], Long Bob: e1, Transform: f14;0.5,0.0,0.5,0.5,0.0,0.5,0.5,0.5,0.0,0.5,0.0,0.0,0.5,0.0,0.0,0.0,0.5,0.0,0.5,0.0,0.0,0.5,0.5,1.0,0.0,0.0,0.0,0.0,0.5,0.5,0.0,0.0
State: w17, Alice: ['u', 'e1'], Bob: ['e1', 'e2'], Long Bob: e1, Transform: f15;0.5,0.5,0.0,0.5,0.5,0.5,0.5,0.0,0.0,0.0,0.5,0.0,0.0,0.0,0.0,0.5,0.0,0.5,0.0,0.5,1.0,0.5,0.5,0.0,0.0,0.0,0.0,0.0,0.0,0.0,0.5,0.5
State: w17, Alice: ['u', 'e1'], Bob: ['e2', 'e1'], Long Bob: e1, Transform: f15;0.5,0.5,0.5,0.0,0.5,0.5,0.0,0.5,0.0,0.0,0.0,0.5,0.0,0.0,0.5,0.0,0.0,0.5,0.0,0.5,1.0,0.5,0.5,0.0,0.0,0.0,0.0,0.0,0.0,0.0,0.5,0.5
State: w17, Alice: ['e1', 'u'], Bob: ['e1', 'e2'], Long Bob: e1, Transform: f15;0.0,0.5,0.5,0.5,0.5,0.0,0.5,0.5,0.5,0.0,0.0,0.0,0.0,0.5,0.0,0.0,0.0,0.5,0.0,0.5,0.5,0.0,1.0,0.5,0.0,0.0,0.0,0.0,0.5,0.5,0.0,0.0
State: w17, Alice: ['e1', 'u'], Bob: ['e2', 'e1'], Long Bob: e1, Transform: f15;0.5,0.0,0.5,0.5,0.0,0.5,0.5,0.5,0.0,0.5,0.0,0.0,0.5,0.0,0.0,0.0,0.0,0.5,0.0,0.5,0.5,0.0,1.0,0.5,0.0,0.0,0.0,0.0,0.5,0.5,0.0,0.0
State: w17, Alice: ['u', 'e1'], Bob: ['e2', 'e2'], Long Bob: u, Transform: f1;0.5,0.5,0.5,0.5,0.5,0.5,0.0,0.0,0.0,0.0,0.0,0.0,0.0,0.0,0.5,0.5,1.0,1.0,0.5,0.5,0.0,0.0,0.0,0.0,0.0,0.0,0.5,0.5,0.0,0.0,0.0,0.0
State: w17, Alice: ['e1', 'u'], Bob: ['e2', 'e2'], Long Bob: u, Transform: f1;0.5,0.5,0.5,0.5,0.0,0.0,0.5,0.5,0.0,0.0,0.0,0.0,0.5,0.5,0.0,0.0,0.5,0.5,1.0,1.0,0.0,0.0,0.0,0.0,0.5,0.5,0.0,0.0,0.0,0.0,0.0,0.0
State: w17, Alice: ['u', 'e1'], Bob: ['e2', 'e2'], Long Bob: u, Transform: f5;0.5,0.5,0.5,0.5,0.5,0.5,0.0,0.0,0.0,0.0,0.0,0.0,0.0,0.0,0.5,0.5,1.0,0.0,0.5,0.0,0.0,1.0,0.0,0.5,0.0,0.0,0.5,0.0,0.0,0.0,0.0,0.5
State: w17, Alice: ['e1', 'u'], Bob: ['e2', 'e2'], Long Bob: u, Transform: f5;0.5,0.5,0.5,0.5,0.0,0.0,0.5,0.5,0.0,0.0,0.0,0.0,0.5,0.5,0.0,0.0,0.5,0.0,1.0,0.0,0.0,0.5,0.0,1.0,0.5,0.0,0.0,0.0,0.0,0.5,0.0,0.0
State: w17, Alice: ['u', 'e1'], Bob: ['e2', 'e2'], Long Bob: u, Transform: f9;0.5,0.5,0.5,0.5,0.5,0.5,0.0,0.0,0.0,0.0,0.0,0.0,0.0,0.0,0.5,0.5,0.0,1.0,0.0,0.5,1.0,0.0,0.5,0.0,0.0,0.0,0.0,0.5,0.0,0.0,0.5,0.0
State: w17, Alice: ['e1', 'u'], Bob: ['e2', 'e2'], Long Bob: u, Transform: f9;0.5,0.5,0.5,0.5,0.0,0.0,0.5,0.5,0.0,0.0,0.0,0.0,0.5,0.5,0.0,0.0,0.0,0.5,0.0,1.0,0.5,0.0,1.0,0.0,0.0,0.5,0.0,0.0,0.5,0.0,0.0,0.0
State: w17, Alice: ['u', 'e1'], Bob: ['e2', 'e2'], Long Bob: u, Transform: f13;0.5,0.5,0.5,0.5,0.5,0.5,0.0,0.0,0.0,0.0,0.0,0.0,0.0,0.0,0.5,0.5,0.0,0.0,0.0,0.0,1.0,1.0,0.5,0.5,0.0,0.0,0.0,0.0,0.0,0.0,0.5,0.5
State: w17, Alice: ['e1', 'u'], Bob: ['e2', 'e2'], Long Bob: u, Transform: f13;0.5,0.5,0.5,0.5,0.0,0.0,0.5,0.5,0.0,0.0,0.0,0.0,0.5,0.5,0.0,0.0,0.0,0.0,0.0,0.0,0.5,0.5,1.0,1.0,0.0,0.0,0.0,0.0,0.5,0.5,0.0,0.0
State: w17, Alice: ['u', 'e1'], Bob: ['e2', 'e2'], Long Bob: e1, Transform: f2;0.5,0.5,0.5,0.5,0.5,0.5,0.0,0.0,0.0,0.0,0.0,0.0,0.0,0.0,0.5,0.5,1.0,0.5,0.5,0.0,0.0,0.5,0.0,0.5,0.0,0.0,0.5,0.5,0.0,0.0,0.0,0.0
State: w17, Alice: ['e1', 'u'], Bob: ['e2', 'e2'], Long Bob: e1, Transform: f2;0.5,0.5,0.5,0.5,0.0,0.0,0.5,0.5,0.0,0.0,0.0,0.0,0.5,0.5,0.0,0.0,0.5,0.0,1.0,0.5,0.0,0.5,0.0,0.5,0.5,0.5,0.0,0.0,0.0,0.0,0.0,0.0
State: w17, Alice: ['u', 'e1'], Bob: ['e2', 'e2'], Long Bob: e1, Transform: f3;0.5,0.5,0.5,0.5,0.5,0.5,0.0,0.0,0.0,0.0,0.0,0.0,0.0,0.0,0.5,0.5,0.5,1.0,0.0,0.5,0.5,0.0,0.5,0.0,0.0,0.0,0.5,0.5,0.0,0.0,0.0,0.0
State: w17, Alice: ['e1', 'u'], Bob: ['e2', 'e2'], Long Bob: e1, Transform: f3;0.5,0.5,0.5,0.5,0.0,0.0,0.5,0.5,0.0,0.0,0.0,0.0,0.5,0.5,0.0,0.0,0.0,0.5,0.5,1.0,0.5,0.0,0.5,0.0,0.5,0.5,0.0,0.0,0.0,0.0,0.0,0.0
State: w17, Alice: ['u', 'e1'], Bob: ['e2', 'e2'], Long Bob: e1, Transform: f4;0.5,0.5,0.5,0.5,0.5,0.5,0.0,0.0,0.0,0.0,0.0,0.0,0.0,0.0,0.5,0.5,0.5,0.5,0.0,0.0,0.5,0.5,0.5,0.5,0.0,0.0,0.5,0.5,0.0,0.0,0.0,0.0
State: w17, Alice: ['e1', 'u'], Bob: ['e2', 'e2'], Long Bob: e1, Transform: f4;0.5,0.5,0.5,0.5,0.0,0.0,0.5,0.5,0.0,0.0,0.0,0.0,0.5,0.5,0.0,0.0,0.0,0.0,0.5,0.5,0.5,0.5,0.5,0.5,0.5,0.5,0.0,0.0,0.0,0.0,0.0,0.0
State: w17, Alice: ['u', 'e1'], Bob: ['e2', 'e2'], Long Bob: e1, Transform: f5;0.5,0.5,0.5,0.5,0.5,0.5,0.0,0.0,0.0,0.0,0.0,0.0,0.0,0.0,0.5,0.5,1.0,0.5,0.5,0.5,0.0,0.5,0.0,0.0,0.0,0.0,0.5,0.0,0.0,0.0,0.0,0.5
State: w17, Alice: ['e1', 'u'], Bob: ['e2', 'e2'], Long Bob: e1, Transform: f5;0.5,0.5,0.5,0.5,0.0,0.0,0.5,0.5,0.0,0.0,0.0,0.0,0.5,0.5,0.0,0.0,0.5,0.5,1.0,0.5,0.0,0.0,0.0,0.5,0.5,0.0,0.0,0.0,0.0,0.5,0.0,0.0
State: w17, Alice: ['u', 'e1'], Bob: ['e2', 'e2'], Long Bob: e1, Transform: f7;0.5,0.5,0.5,0.5,0.5,0.5,0.0,0.0,0.0,0.0,0.0,0.0,0.0,0.0,0.5,0.5,0.5,0.5,0.0,0.5,0.5,0.5,0.5,0.0,0.0,0.0,0.5,0.0,0.0,0.0,0.0,0.5
State: w17, Alice: ['e1', 'u'], Bob: ['e2', 'e2'], Long Bob: e1, Transform: f7;0.5,0.5,0.5,0.5,0.0,0.0,0.5,0.5,0.0,0.0,0.0,0.0,0.5,0.5,0.0,0.0,0.0,0.5,0.5,0.5,0.5,0.0,0.5,0.5,0.5,0.0,0.0,0.0,0.0,0.5,0.0,0.0
State: w17, Alice: ['u', 'e1'], Bob: ['e2', 'e2'], Long Bob: e1, Transform: f8;0.5,0.5,0.5,0.5,0.5,0.5,0.0,0.0,0.0,0.0,0.0,0.0,0.0,0.0,0.5,0.5,0.5,0.0,0.0,0.0,0.5,1.0,0.5,0.5,0.0,0.0,0.5,0.0,0.0,0.0,0.0,0.5
State: w17, Alice: ['e1', 'u'], Bob: ['e2', 'e2'], Long Bob: e1, Transform: f8;0.5,0.5,0.5,0.5,0.0,0.0,0.5,0.5,0.0,0.0,0.0,0.0,0.5,0.5,0.0,0.0,0.0,0.0,0.5,0.0,0.5,0.5,0.5,1.0,0.5,0.0,0.0,0.0,0.0,0.5,0.0,0.0
State: w17, Alice: ['u', 'e1'], Bob: ['e2', 'e2'], Long Bob: e1, Transform: f9;0.5,0.5,0.5,0.5,0.5,0.5,0.0,0.0,0.0,0.0,0.0,0.0,0.0,0.0,0.5,0.5,0.5,1.0,0.5,0.5,0.5,0.0,0.0,0.0,0.0,0.0,0.0,0.5,0.0,0.0,0.5,0.0
State: w17, Alice: ['e1', 'u'], Bob: ['e2', 'e2'], Long Bob: e1, Transform: f9;0.5,0.5,0.5,0.5,0.0,0.0,0.5,0.5,0.0,0.0,0.0,0.0,0.5,0.5,0.0,0.0,0.5,0.5,0.5,1.0,0.0,0.0,0.5,0.0,0.0,0.5,0.0,0.0,0.5,0.0,0.0,0.0
State: w17, Alice: ['u', 'e1'], Bob: ['e2', 'e2'], Long Bob: e1, Transform: f10;0.5,0.5,0.5,0.5,0.5,0.5,0.0,0.0,0.0,0.0,0.0,0.0,0.0,0.0,0.5,0.5,0.5,0.5,0.5,0.0,0.5,0.5,0.0,0.5,0.0,0.0,0.0,0.5,0.0,0.0,0.5,0.0
State: w17, Alice: ['e1', 'u'], Bob: ['e2', 'e2'], Long Bob: e1, Transform: f10;0.5,0.5,0.5,0.5,0.0,0.0,0.5,0.5,0.0,0.0,0.0,0.0,0.5,0.5,0.0,0.0,0.5,0.0,0.5,0.5,0.0,0.5,0.5,0.5,0.0,0.5,0.0,0.0,0.5,0.0,0.0,0.0
State: w17, Alice: ['u', 'e1'], Bob: ['e2', 'e2'], Long Bob: e1, Transform: f12;0.5,0.5,0.5,0.5,0.5,0.5,0.0,0.0,0.0,0.0,0.0,0.0,0.0,0.0,0.5,0.5,0.0,0.5,0.0,0.0,1.0,0.5,0.5,0.5,0.0,0.0,0.0,0.5,0.0,0.0,0.5,0.0
State: w17, Alice: ['e1', 'u'], Bob: ['e2', 'e2'], Long Bob: e1, Transform: f12;0.5,0.5,0.5,0.5,0.0,0.0,0.5,0.5,0.0,0.0,0.0,0.0,0.5,0.5,0.0,0.0,0.0,0.0,0.0,0.5,0.5,0.5,1.0,0.5,0.0,0.5,0.0,0.0,0.5,0.0,0.0,0.0
State: w17, Alice: ['u', 'e1'], Bob: ['e2', 'e2'], Long Bob: e1, Transform: f13;0.5,0.5,0.5,0.5,0.5,0.5,0.0,0.0,0.0,0.0,0.0,0.0,0.0,0.0,0.5,0.5,0.5,0.5,0.5,0.5,0.5,0.5,0.0,0.0,0.0,0.0,0.0,0.0,0.0,0.0,0.5,0.5
State: w17, Alice: ['e1', 'u'], Bob: ['e2', 'e2'], Long Bob: e1, Transform: f13;0.5,0.5,0.5,0.5,0.0,0.0,0.5,0.5,0.0,0.0,0.0,0.0,0.5,0.5,0.0,0.0,0.5,0.5,0.5,0.5,0.0,0.0,0.5,0.5,0.0,0.0,0.0,0.0,0.5,0.5,0.0,0.0
State: w17, Alice: ['u', 'e1'], Bob: ['e2', 'e2'], Long Bob: e1, Transform: f14;0.5,0.5,0.5,0.5,0.5,0.5,0.0,0.0,0.0,0.0,0.0,0.0,0.0,0.0,0.5,0.5,0.5,0.0,0.5,0.0,0.5,1.0,0.0,0.5,0.0,0.0,0.0,0.0,0.0,0.0,0.5,0.5
State: w17, Alice: ['e1', 'u'], Bob: ['e2', 'e2'], Long Bob: e1, Transform: f14;0.5,0.5,0.5,0.5,0.0,0.0,0.5,0.5,0.0,0.0,0.0,0.0,0.5,0.5,0.0,0.0,0.5,0.0,0.5,0.0,0.0,0.5,0.5,1.0,0.0,0.0,0.0,0.0,0.5,0.5,0.0,0.0
State: w17, Alice: ['u', 'e1'], Bob: ['e2', 'e2'], Long Bob: e1, Transform: f15;0.5,0.5,0.5,0.5,0.5,0.5,0.0,0.0,0.0,0.0,0.0,0.0,0.0,0.0,0.5,0.5,0.0,0.5,0.0,0.5,1.0,0.5,0.5,0.0,0.0,0.0,0.0,0.0,0.0,0.0,0.5,0.5
State: w17, Alice: ['e1', 'u'], Bob: ['e2', 'e2'], Long Bob: e1, Transform: f15;0.5,0.5,0.5,0.5,0.0,0.0,0.5,0.5,0.0,0.0,0.0,0.0,0.5,0.5,0.0,0.0,0.0,0.5,0.0,0.5,0.5,0.0,1.0,0.5,0.0,0.0,0.0,0.0,0.5,0.5,0.0,0.0
State: w17, Alice: ['zero', 'zero'], Bob: ['u', 'u'], Long Bob: e1, Transform: f2;0.0,0.0,0.0,0.0,0.0,0.0,0.0,0.0,1.0,1.0,1.0,1.0,0.0,0.0,0.0,0.0,0.0,0.0,0.0,0.0,0.0,0.0,0.0,0.0,1.0,0.5,1.0,0.5,0.0,0.5,0.0,0.5
State: w17, Alice: ['zero', 'zero'], Bob: ['u', 'u'], Long Bob: e1, Transform: f3;0.0,0.0,0.0,0.0,0.0,0.0,0.0,0.0,1.0,1.0,1.0,1.0,0.0,0.0,0.0,0.0,0.0,0.0,0.0,0.0,0.0,0.0,0.0,0.0,0.5,1.0,0.5,1.0,0.5,0.0,0.5,0.0
State: w17, Alice: ['zero', 'zero'], Bob: ['u', 'u'], Long Bob: e1, Transform: f4;0.0,0.0,0.0,0.0,0.0,0.0,0.0,0.0,1.0,1.0,1.0,1.0,0.0,0.0,0.0,0.0,0.0,0.0,0.0,0.0,0.0,0.0,0.0,0.0,0.5,0.5,0.5,0.5,0.5,0.5,0.5,0.5
State: w17, Alice: ['zero', 'zero'], Bob: ['u', 'u'], Long Bob: e1, Transform: f8;0.0,0.0,0.0,0.0,0.0,0.0,0.0,0.0,1.0,1.0,1.0,1.0,0.0,0.0,0.0,0.0,0.0,0.0,0.0,0.0,0.0,0.0,0.0,0.0,0.5,0.0,0.5,0.0,0.5,1.0,0.5,1.0
State: w17, Alice: ['zero', 'zero'], Bob: ['u', 'u'], Long Bob: e1, Transform: f12;0.0,0.0,0.0,0.0,0.0,0.0,0.0,0.0,1.0,1.0,1.0,1.0,0.0,0.0,0.0,0.0,0.0,0.0,0.0,0.0,0.0,0.0,0.0,0.0,0.0,0.5,0.0,0.5,1.0,0.5,1.0,0.5
State: w17, Alice: ['zero', 'zero'], Bob: ['u', 'zero'], Long Bob: e1, Transform: f2;0.0,0.0,0.0,0.0,0.0,0.0,0.0,0.0,1.0,0.0,1.0,0.0,0.0,1.0,0.0,1.0,0.0,0.0,0.0,0.0,0.0,0.0,0.0,0.0,1.0,0.5,1.0,0.5,0.0,0.5,0.0,0.5
State: w17, Alice: ['zero', 'zero'], Bob: ['zero', 'u'], Long Bob: e1, Transform: f2;0.0,0.0,0.0,0.0,0.0,0.0,0.0,0.0,0.0,1.0,0.0,1.0,1.0,0.0,1.0,0.0,0.0,0.0,0.0,0.0,0.0,0.0,0.0,0.0,1.0,0.5,1.0,0.5,0.0,0.5,0.0,0.5
State: w17, Alice: ['zero', 'zero'], Bob: ['u', 'zero'], Long Bob: e1, Transform: f3;0.0,0.0,0.0,0.0,0.0,0.0,0.0,0.0,1.0,0.0,1.0,0.0,0.0,1.0,0.0,1.0,0.0,0.0,0.0,0.0,0.0,0.0,0.0,0.0,0.5,1.0,0.5,1.0,0.5,0.0,0.5,0.0
State: w17, Alice: ['zero', 'zero'], Bob: ['zero', 'u'], Long Bob: e1, Transform: f3;0.0,0.0,0.0,0.0,0.0,0.0,0.0,0.0,0.0,1.0,0.0,1.0,1.0,0.0,1.0,0.0,0.0,0.0,0.0,0.0,0.0,0.0,0.0,0.0,0.5,1.0,0.5,1.0,0.5,0.0,0.5,0.0
State: w17, Alice: ['zero', 'zero'], Bob: ['u', 'zero'], Long Bob: e1, Transform: f4;0.0,0.0,0.0,0.0,0.0,0.0,0.0,0.0,1.0,0.0,1.0,0.0,0.0,1.0,0.0,1.0,0.0,0.0,0.0,0.0,0.0,0.0,0.0,0.0,0.5,0.5,0.5,0.5,0.5,0.5,0.5,0.5
State: w17, Alice: ['zero', 'zero'], Bob: ['zero', 'u'], Long Bob: e1, Transform: f4;0.0,0.0,0.0,0.0,0.0,0.0,0.0,0.0,0.0,1.0,0.0,1.0,1.0,0.0,1.0,0.0,0.0,0.0,0.0,0.0,0.0,0.0,0.0,0.0,0.5,0.5,0.5,0.5,0.5,0.5,0.5,0.5
State: w17, Alice: ['zero', 'zero'], Bob: ['u', 'zero'], Long Bob: e1, Transform: f8;0.0,0.0,0.0,0.0,0.0,0.0,0.0,0.0,1.0,0.0,1.0,0.0,0.0,1.0,0.0,1.0,0.0,0.0,0.0,0.0,0.0,0.0,0.0,0.0,0.5,0.0,0.5,0.0,0.5,1.0,0.5,1.0
State: w17, Alice: ['zero', 'zero'], Bob: ['zero', 'u'], Long Bob: e1, Transform: f8;0.0,0.0,0.0,0.0,0.0,0.0,0.0,0.0,0.0,1.0,0.0,1.0,1.0,0.0,1.0,0.0,0.0,0.0,0.0,0.0,0.0,0.0,0.0,0.0,0.5,0.0,0.5,0.0,0.5,1.0,0.5,1.0
State: w17, Alice: ['zero', 'zero'], Bob: ['u', 'zero'], Long Bob: e1, Transform: f12;0.0,0.0,0.0,0.0,0.0,0.0,0.0,0.0,1.0,0.0,1.0,0.0,0.0,1.0,0.0,1.0,0.0,0.0,0.0,0.0,0.0,0.0,0.0,0.0,0.0,0.5,0.0,0.5,1.0,0.5,1.0,0.5
State: w17, Alice: ['zero', 'zero'], Bob: ['zero', 'u'], Long Bob: e1, Transform: f12;0.0,0.0,0.0,0.0,0.0,0.0,0.0,0.0,0.0,1.0,0.0,1.0,1.0,0.0,1.0,0.0,0.0,0.0,0.0,0.0,0.0,0.0,0.0,0.0,0.0,0.5,0.0,0.5,1.0,0.5,1.0,0.5
State: w17, Alice: ['zero', 'zero'], Bob: ['u', 'e1'], Long Bob: u, Transform: f1;0.0,0.0,0.0,0.0,0.0,0.0,0.0,0.0,1.0,0.5,1.0,0.5,0.0,0.5,0.0,0.5,0.0,0.0,0.0,0.0,0.0,0.0,0.0,0.0,1.0,1.0,1.0,1.0,0.0,0.0,0.0,0.0
State: w17, Alice: ['zero', 'zero'], Bob: ['e1', 'u'], Long Bob: u, Transform: f1;0.0,0.0,0.0,0.0,0.0,0.0,0.0,0.0,0.5,1.0,0.5,1.0,0.5,0.0,0.5,0.0,0.0,0.0,0.0,0.0,0.0,0.0,0.0,0.0,1.0,1.0,1.0,1.0,0.0,0.0,0.0,0.0
State: w17, Alice: ['zero', 'zero'], Bob: ['u', 'e1'], Long Bob: u, Transform: f5;0.0,0.0,0.0,0.0,0.0,0.0,0.0,0.0,1.0,0.5,1.0,0.5,0.0,0.5,0.0,0.5,0.0,0.0,0.0,0.0,0.0,0.0,0.0,0.0,1.0,0.0,1.0,0.0,0.0,1.0,0.0,1.0
State: w17, Alice: ['zero', 'zero'], Bob: ['e1', 'u'], Long Bob: u, Transform: f5;0.0,0.0,0.0,0.0,0.0,0.0,0.0,0.0,0.5,1.0,0.5,1.0,0.5,0.0,0.5,0.0,0.0,0.0,0.0,0.0,0.0,0.0,0.0,0.0,1.0,0.0,1.0,0.0,0.0,1.0,0.0,1.0
State: w17, Alice: ['zero', 'zero'], Bob: ['u', 'e1'], Long Bob: u, Transform: f9;0.0,0.0,0.0,0.0,0.0,0.0,0.0,0.0,1.0,0.5,1.0,0.5,0.0,0.5,0.0,0.5,0.0,0.0,0.0,0.0,0.0,0.0,0.0,0.0,0.0,1.0,0.0,1.0,1.0,0.0,1.0,0.0
State: w17, Alice: ['zero', 'zero'], Bob: ['e1', 'u'], Long Bob: u, Transform: f9;0.0,0.0,0.0,0.0,0.0,0.0,0.0,0.0,0.5,1.0,0.5,1.0,0.5,0.0,0.5,0.0,0.0,0.0,0.0,0.0,0.0,0.0,0.0,0.0,0.0,1.0,0.0,1.0,1.0,0.0,1.0,0.0
State: w17, Alice: ['zero', 'zero'], Bob: ['u', 'e1'], Long Bob: u, Transform: f13;0.0,0.0,0.0,0.0,0.0,0.0,0.0,0.0,1.0,0.5,1.0,0.5,0.0,0.5,0.0,0.5,0.0,0.0,0.0,0.0,0.0,0.0,0.0,0.0,0.0,0.0,0.0,0.0,1.0,1.0,1.0,1.0
State: w17, Alice: ['zero', 'zero'], Bob: ['e1', 'u'], Long Bob: u, Transform: f13;0.0,0.0,0.0,0.0,0.0,0.0,0.0,0.0,0.5,1.0,0.5,1.0,0.5,0.0,0.5,0.0,0.0,0.0,0.0,0.0,0.0,0.0,0.0,0.0,0.0,0.0,0.0,0.0,1.0,1.0,1.0,1.0
State: w17, Alice: ['zero', 'zero'], Bob: ['u', 'e1'], Long Bob: e1, Transform: f2;0.0,0.0,0.0,0.0,0.0,0.0,0.0,0.0,1.0,0.5,1.0,0.5,0.0,0.5,0.0,0.5,0.0,0.0,0.0,0.0,0.0,0.0,0.0,0.0,1.0,0.5,1.0,0.5,0.0,0.5,0.0,0.5
State: w17, Alice: ['zero', 'zero'], Bob: ['e1', 'u'], Long Bob: e1, Transform: f2;0.0,0.0,0.0,0.0,0.0,0.0,0.0,0.0,0.5,1.0,0.5,1.0,0.5,0.0,0.5,0.0,0.0,0.0,0.0,0.0,0.0,0.0,0.0,0.0,1.0,0.5,1.0,0.5,0.0,0.5,0.0,0.5
State: w17, Alice: ['zero', 'zero'], Bob: ['u', 'e1'], Long Bob: e1, Transform: f3;0.0,0.0,0.0,0.0,0.0,0.0,0.0,0.0,1.0,0.5,1.0,0.5,0.0,0.5,0.0,0.5,0.0,0.0,0.0,0.0,0.0,0.0,0.0,0.0,0.5,1.0,0.5,1.0,0.5,0.0,0.5,0.0
State: w17, Alice: ['zero', 'zero'], Bob: ['e1', 'u'], Long Bob: e1, Transform: f3;0.0,0.0,0.0,0.0,0.0,0.0,0.0,0.0,0.5,1.0,0.5,1.0,0.5,0.0,0.5,0.0,0.0,0.0,0.0,0.0,0.0,0.0,0.0,0.0,0.5,1.0,0.5,1.0,0.5,0.0,0.5,0.0
State: w17, Alice: ['zero', 'zero'], Bob: ['u', 'e1'], Long Bob: e1, Transform: f4;0.0,0.0,0.0,0.0,0.0,0.0,0.0,0.0,1.0,0.5,1.0,0.5,0.0,0.5,0.0,0.5,0.0,0.0,0.0,0.0,0.0,0.0,0.0,0.0,0.5,0.5,0.5,0.5,0.5,0.5,0.5,0.5
State: w17, Alice: ['zero', 'zero'], Bob: ['e1', 'u'], Long Bob: e1, Transform: f4;0.0,0.0,0.0,0.0,0.0,0.0,0.0,0.0,0.5,1.0,0.5,1.0,0.5,0.0,0.5,0.0,0.0,0.0,0.0,0.0,0.0,0.0,0.0,0.0,0.5,0.5,0.5,0.5,0.5,0.5,0.5,0.5
State: w17, Alice: ['zero', 'zero'], Bob: ['u', 'e1'], Long Bob: e1, Transform: f8;0.0,0.0,0.0,0.0,0.0,0.0,0.0,0.0,1.0,0.5,1.0,0.5,0.0,0.5,0.0,0.5,0.0,0.0,0.0,0.0,0.0,0.0,0.0,0.0,0.5,0.0,0.5,0.0,0.5,1.0,0.5,1.0
State: w17, Alice: ['zero', 'zero'], Bob: ['e1', 'u'], Long Bob: e1, Transform: f8;0.0,0.0,0.0,0.0,0.0,0.0,0.0,0.0,0.5,1.0,0.5,1.0,0.5,0.0,0.5,0.0,0.0,0.0,0.0,0.0,0.0,0.0,0.0,0.0,0.5,0.0,0.5,0.0,0.5,1.0,0.5,1.0
State: w17, Alice: ['zero', 'zero'], Bob: ['u', 'e1'], Long Bob: e1, Transform: f12;0.0,0.0,0.0,0.0,0.0,0.0,0.0,0.0,1.0,0.5,1.0,0.5,0.0,0.5,0.0,0.5,0.0,0.0,0.0,0.0,0.0,0.0,0.0,0.0,0.0,0.5,0.0,0.5,1.0,0.5,1.0,0.5
State: w17, Alice: ['zero', 'zero'], Bob: ['e1', 'u'], Long Bob: e1, Transform: f12;0.0,0.0,0.0,0.0,0.0,0.0,0.0,0.0,0.5,1.0,0.5,1.0,0.5,0.0,0.5,0.0,0.0,0.0,0.0,0.0,0.0,0.0,0.0,0.0,0.0,0.5,0.0,0.5,1.0,0.5,1.0,0.5
State: w17, Alice: ['zero', 'zero'], Bob: ['zero', 'zero'], Long Bob: e1, Transform: f2;0.0,0.0,0.0,0.0,0.0,0.0,0.0,0.0,0.0,0.0,0.0,0.0,1.0,1.0,1.0,1.0,0.0,0.0,0.0,0.0,0.0,0.0,0.0,0.0,1.0,0.5,1.0,0.5,0.0,0.5,0.0,0.5
State: w17, Alice: ['zero', 'zero'], Bob: ['zero', 'zero'], Long Bob: e1, Transform: f3;0.0,0.0,0.0,0.0,0.0,0.0,0.0,0.0,0.0,0.0,0.0,0.0,1.0,1.0,1.0,1.0,0.0,0.0,0.0,0.0,0.0,0.0,0.0,0.0,0.5,1.0,0.5,1.0,0.5,0.0,0.5,0.0
State: w17, Alice: ['zero', 'zero'], Bob: ['zero', 'zero'], Long Bob: e1, Transform: f4;0.0,0.0,0.0,0.0,0.0,0.0,0.0,0.0,0.0,0.0,0.0,0.0,1.0,1.0,1.0,1.0,0.0,0.0,0.0,0.0,0.0,0.0,0.0,0.0,0.5,0.5,0.5,0.5,0.5,0.5,0.5,0.5
State: w17, Alice: ['zero', 'zero'], Bob: ['zero', 'zero'], Long Bob: e1, Transform: f8;0.0,0.0,0.0,0.0,0.0,0.0,0.0,0.0,0.0,0.0,0.0,0.0,1.0,1.0,1.0,1.0,0.0,0.0,0.0,0.0,0.0,0.0,0.0,0.0,0.5,0.0,0.5,0.0,0.5,1.0,0.5,1.0
State: w17, Alice: ['zero', 'zero'], Bob: ['zero', 'zero'], Long Bob: e1, Transform: f12;0.0,0.0,0.0,0.0,0.0,0.0,0.0,0.0,0.0,0.0,0.0,0.0,1.0,1.0,1.0,1.0,0.0,0.0,0.0,0.0,0.0,0.0,0.0,0.0,0.0,0.5,0.0,0.5,1.0,0.5,1.0,0.5
State: w17, Alice: ['zero', 'zero'], Bob: ['zero', 'e1'], Long Bob: u, Transform: f1;0.0,0.0,0.0,0.0,0.0,0.0,0.0,0.0,0.0,0.5,0.0,0.5,1.0,0.5,1.0,0.5,0.0,0.0,0.0,0.0,0.0,0.0,0.0,0.0,1.0,1.0,1.0,1.0,0.0,0.0,0.0,0.0
State: w17, Alice: ['zero', 'zero'], Bob: ['e1', 'zero'], Long Bob: u, Transform: f1;0.0,0.0,0.0,0.0,0.0,0.0,0.0,0.0,0.5,0.0,0.5,0.0,0.5,1.0,0.5,1.0,0.0,0.0,0.0,0.0,0.0,0.0,0.0,0.0,1.0,1.0,1.0,1.0,0.0,0.0,0.0,0.0
State: w17, Alice: ['zero', 'zero'], Bob: ['zero', 'e1'], Long Bob: u, Transform: f5;0.0,0.0,0.0,0.0,0.0,0.0,0.0,0.0,0.0,0.5,0.0,0.5,1.0,0.5,1.0,0.5,0.0,0.0,0.0,0.0,0.0,0.0,0.0,0.0,1.0,0.0,1.0,0.0,0.0,1.0,0.0,1.0
State: w17, Alice: ['zero', 'zero'], Bob: ['e1', 'zero'], Long Bob: u, Transform: f5;0.0,0.0,0.0,0.0,0.0,0.0,0.0,0.0,0.5,0.0,0.5,0.0,0.5,1.0,0.5,1.0,0.0,0.0,0.0,0.0,0.0,0.0,0.0,0.0,1.0,0.0,1.0,0.0,0.0,1.0,0.0,1.0
State: w17, Alice: ['zero', 'zero'], Bob: ['zero', 'e1'], Long Bob: u, Transform: f9;0.0,0.0,0.0,0.0,0.0,0.0,0.0,0.0,0.0,0.5,0.0,0.5,1.0,0.5,1.0,0.5,0.0,0.0,0.0,0.0,0.0,0.0,0.0,0.0,0.0,1.0,0.0,1.0,1.0,0.0,1.0,0.0
State: w17, Alice: ['zero', 'zero'], Bob: ['e1', 'zero'], Long Bob: u, Transform: f9;0.0,0.0,0.0,0.0,0.0,0.0,0.0,0.0,0.5,0.0,0.5,0.0,0.5,1.0,0.5,1.0,0.0,0.0,0.0,0.0,0.0,0.0,0.0,0.0,0.0,1.0,0.0,1.0,1.0,0.0,1.0,0.0
State: w17, Alice: ['zero', 'zero'], Bob: ['zero', 'e1'], Long Bob: u, Transform: f13;0.0,0.0,0.0,0.0,0.0,0.0,0.0,0.0,0.0,0.5,0.0,0.5,1.0,0.5,1.0,0.5,0.0,0.0,0.0,0.0,0.0,0.0,0.0,0.0,0.0,0.0,0.0,0.0,1.0,1.0,1.0,1.0
State: w17, Alice: ['zero', 'zero'], Bob: ['e1', 'zero'], Long Bob: u, Transform: f13;0.0,0.0,0.0,0.0,0.0,0.0,0.0,0.0,0.5,0.0,0.5,0.0,0.5,1.0,0.5,1.0,0.0,0.0,0.0,0.0,0.0,0.0,0.0,0.0,0.0,0.0,0.0,0.0,1.0,1.0,1.0,1.0
State: w17, Alice: ['zero', 'zero'], Bob: ['zero', 'e1'], Long Bob: e1, Transform: f2;0.0,0.0,0.0,0.0,0.0,0.0,0.0,0.0,0.0,0.5,0.0,0.5,1.0,0.5,1.0,0.5,0.0,0.0,0.0,0.0,0.0,0.0,0.0,0.0,1.0,0.5,1.0,0.5,0.0,0.5,0.0,0.5
State: w17, Alice: ['zero', 'zero'], Bob: ['e1', 'zero'], Long Bob: e1, Transform: f2;0.0,0.0,0.0,0.0,0.0,0.0,0.0,0.0,0.5,0.0,0.5,0.0,0.5,1.0,0.5,1.0,0.0,0.0,0.0,0.0,0.0,0.0,0.0,0.0,1.0,0.5,1.0,0.5,0.0,0.5,0.0,0.5
State: w17, Alice: ['zero', 'zero'], Bob: ['zero', 'e1'], Long Bob: e1, Transform: f3;0.0,0.0,0.0,0.0,0.0,0.0,0.0,0.0,0.0,0.5,0.0,0.5,1.0,0.5,1.0,0.5,0.0,0.0,0.0,0.0,0.0,0.0,0.0,0.0,0.5,1.0,0.5,1.0,0.5,0.0,0.5,0.0
State: w17, Alice: ['zero', 'zero'], Bob: ['e1', 'zero'], Long Bob: e1, Transform: f3;0.0,0.0,0.0,0.0,0.0,0.0,0.0,0.0,0.5,0.0,0.5,0.0,0.5,1.0,0.5,1.0,0.0,0.0,0.0,0.0,0.0,0.0,0.0,0.0,0.5,1.0,0.5,1.0,0.5,0.0,0.5,0.0
State: w17, Alice: ['zero', 'zero'], Bob: ['zero', 'e1'], Long Bob: e1, Transform: f4;0.0,0.0,0.0,0.0,0.0,0.0,0.0,0.0,0.0,0.5,0.0,0.5,1.0,0.5,1.0,0.5,0.0,0.0,0.0,0.0,0.0,0.0,0.0,0.0,0.5,0.5,0.5,0.5,0.5,0.5,0.5,0.5
State: w17, Alice: ['zero', 'zero'], Bob: ['e1', 'zero'], Long Bob: e1, Transform: f4;0.0,0.0,0.0,0.0,0.0,0.0,0.0,0.0,0.5,0.0,0.5,0.0,0.5,1.0,0.5,1.0,0.0,0.0,0.0,0.0,0.0,0.0,0.0,0.0,0.5,0.5,0.5,0.5,0.5,0.5,0.5,0.5
State: w17, Alice: ['zero', 'zero'], Bob: ['zero', 'e1'], Long Bob: e1, Transform: f8;0.0,0.0,0.0,0.0,0.0,0.0,0.0,0.0,0.0,0.5,0.0,0.5,1.0,0.5,1.0,0.5,0.0,0.0,0.0,0.0,0.0,0.0,0.0,0.0,0.5,0.0,0.5,0.0,0.5,1.0,0.5,1.0
State: w17, Alice: ['zero', 'zero'], Bob: ['e1', 'zero'], Long Bob: e1, Transform: f8;0.0,0.0,0.0,0.0,0.0,0.0,0.0,0.0,0.5,0.0,0.5,0.0,0.5,1.0,0.5,1.0,0.0,0.0,0.0,0.0,0.0,0.0,0.0,0.0,0.5,0.0,0.5,0.0,0.5,1.0,0.5,1.0
State: w17, Alice: ['zero', 'zero'], Bob: ['zero', 'e1'], Long Bob: e1, Transform: f12;0.0,0.0,0.0,0.0,0.0,0.0,0.0,0.0,0.0,0.5,0.0,0.5,1.0,0.5,1.0,0.5,0.0,0.0,0.0,0.0,0.0,0.0,0.0,0.0,0.0,0.5,0.0,0.5,1.0,0.5,1.0,0.5
State: w17, Alice: ['zero', 'zero'], Bob: ['e1', 'zero'], Long Bob: e1, Transform: f12;0.0,0.0,0.0,0.0,0.0,0.0,0.0,0.0,0.5,0.0,0.5,0.0,0.5,1.0,0.5,1.0,0.0,0.0,0.0,0.0,0.0,0.0,0.0,0.0,0.0,0.5,0.0,0.5,1.0,0.5,1.0,0.5
State: w17, Alice: ['zero', 'zero'], Bob: ['e1', 'e1'], Long Bob: u, Transform: f1;0.0,0.0,0.0,0.0,0.0,0.0,0.0,0.0,0.5,0.5,0.5,0.5,0.5,0.5,0.5,0.5,0.0,0.0,0.0,0.0,0.0,0.0,0.0,0.0,1.0,1.0,1.0,1.0,0.0,0.0,0.0,0.0
State: w17, Alice: ['zero', 'zero'], Bob: ['e1', 'e1'], Long Bob: u, Transform: f5;0.0,0.0,0.0,0.0,0.0,0.0,0.0,0.0,0.5,0.5,0.5,0.5,0.5,0.5,0.5,0.5,0.0,0.0,0.0,0.0,0.0,0.0,0.0,0.0,1.0,0.0,1.0,0.0,0.0,1.0,0.0,1.0
State: w17, Alice: ['zero', 'zero'], Bob: ['e1', 'e1'], Long Bob: u, Transform: f9;0.0,0.0,0.0,0.0,0.0,0.0,0.0,0.0,0.5,0.5,0.5,0.5,0.5,0.5,0.5,0.5,0.0,0.0,0.0,0.0,0.0,0.0,0.0,0.0,0.0,1.0,0.0,1.0,1.0,0.0,1.0,0.0
State: w17, Alice: ['zero', 'zero'], Bob: ['e1', 'e1'], Long Bob: u, Transform: f13;0.0,0.0,0.0,0.0,0.0,0.0,0.0,0.0,0.5,0.5,0.5,0.5,0.5,0.5,0.5,0.5,0.0,0.0,0.0,0.0,0.0,0.0,0.0,0.0,0.0,0.0,0.0,0.0,1.0,1.0,1.0,1.0
State: w17, Alice: ['zero', 'zero'], Bob: ['e1', 'e1'], Long Bob: e1, Transform: f2;0.0,0.0,0.0,0.0,0.0,0.0,0.0,0.0,0.5,0.5,0.5,0.5,0.5,0.5,0.5,0.5,0.0,0.0,0.0,0.0,0.0,0.0,0.0,0.0,1.0,0.5,1.0,0.5,0.0,0.5,0.0,0.5
State: w17, Alice: ['zero', 'zero'], Bob: ['e1', 'e1'], Long Bob: e1, Transform: f3;0.0,0.0,0.0,0.0,0.0,0.0,0.0,0.0,0.5,0.5,0.5,0.5,0.5,0.5,0.5,0.5,0.0,0.0,0.0,0.0,0.0,0.0,0.0,0.0,0.5,1.0,0.5,1.0,0.5,0.0,0.5,0.0
State: w17, Alice: ['zero', 'zero'], Bob: ['e1', 'e1'], Long Bob: e1, Transform: f4;0.0,0.0,0.0,0.0,0.0,0.0,0.0,0.0,0.5,0.5,0.5,0.5,0.5,0.5,0.5,0.5,0.0,0.0,0.0,0.0,0.0,0.0,0.0,0.0,0.5,0.5,0.5,0.5,0.5,0.5,0.5,0.5
State: w17, Alice: ['zero', 'zero'], Bob: ['e1', 'e1'], Long Bob: e1, Transform: f8;0.0,0.0,0.0,0.0,0.0,0.0,0.0,0.0,0.5,0.5,0.5,0.5,0.5,0.5,0.5,0.5,0.0,0.0,0.0,0.0,0.0,0.0,0.0,0.0,0.5,0.0,0.5,0.0,0.5,1.0,0.5,1.0
State: w17, Alice: ['zero', 'zero'], Bob: ['e1', 'e1'], Long Bob: e1, Transform: f12;0.0,0.0,0.0,0.0,0.0,0.0,0.0,0.0,0.5,0.5,0.5,0.5,0.5,0.5,0.5,0.5,0.0,0.0,0.0,0.0,0.0,0.0,0.0,0.0,0.0,0.5,0.0,0.5,1.0,0.5,1.0,0.5
State: w17, Alice: ['zero', 'e1'], Bob: ['u', 'u'], Long Bob: u, Transform: f1;0.0,0.0,0.5,0.5,0.0,0.0,0.0,0.0,1.0,1.0,0.5,0.5,0.0,0.0,0.0,0.0,0.0,0.0,0.5,0.5,0.0,0.0,0.0,0.0,1.0,1.0,0.5,0.5,0.0,0.0,0.0,0.0
State: w17, Alice: ['e1', 'zero'], Bob: ['u', 'u'], Long Bob: u, Transform: f1;0.5,0.5,0.0,0.0,0.0,0.0,0.0,0.0,0.5,0.5,1.0,1.0,0.0,0.0,0.0,0.0,0.5,0.5,0.0,0.0,0.0,0.0,0.0,0.0,0.5,0.5,1.0,1.0,0.0,0.0,0.0,0.0
State: w17, Alice: ['zero', 'e1'], Bob: ['u', 'u'], Long Bob: u, Transform: f5;0.0,0.0,0.5,0.5,0.0,0.0,0.0,0.0,1.0,1.0,0.5,0.5,0.0,0.0,0.0,0.0,0.0,0.0,0.5,0.0,0.0,0.0,0.0,0.5,1.0,0.0,0.5,0.0,0.0,1.0,0.0,0.5
State: w17, Alice: ['e1', 'zero'], Bob: ['u', 'u'], Long Bob: u, Transform: f5;0.5,0.5,0.0,0.0,0.0,0.0,0.0,0.0,0.5,0.5,1.0,1.0,0.0,0.0,0.0,0.0,0.5,0.0,0.0,0.0,0.0,0.5,0.0,0.0,0.5,0.0,1.0,0.0,0.0,0.5,0.0,1.0
State: w17, Alice: ['zero', 'e1'], Bob: ['u', 'u'], Long Bob: u, Transform: f9;0.0,0.0,0.5,0.5,0.0,0.0,0.0,0.0,1.0,1.0,0.5,0.5,0.0,0.0,0.0,0.0,0.0,0.0,0.0,0.5,0.0,0.0,0.5,0.0,0.0,1.0,0.0,0.5,1.0,0.0,0.5,0.0
State: w17, Alice: ['e1', 'zero'], Bob: ['u', 'u'], Long Bob: u, Transform: f9;0.5,0.5,0.0,0.0,0.0,0.0,0.0,0.0,0.5,0.5,1.0,1.0,0.0,0.0,0.0,0.0,0.0,0.5,0.0,0.0,0.5,0.0,0.0,0.0,0.0,0.5,0.0,1.0,0.5,0.0,1.0,0.0
State: w17, Alice: ['zero', 'e1'], Bob: ['u', 'u'], Long Bob: u, Transform: f13;0.0,0.0,0.5,0.5,0.0,0.0,0.0,0.0,1.0,1.0,0.5,0.5,0.0,0.0,0.0,0.0,0.0,0.0,0.0,0.0,0.0,0.0,0.5,0.5,0.0,0.0,0.0,0.0,1.0,1.0,0.5,0.5
State: w17, Alice: ['e1', 'zero'], Bob: ['u', 'u'], Long Bob: u, Transform: f13;0.5,0.5,0.0,0.0,0.0,0.0,0.0,0.0,0.5,0.5,1.0,1.0,0.0,0.0,0.0,0.0,0.0,0.0,0.0,0.0,0.5,0.5,0.0,0.0,0.0,0.0,0.0,0.0,0.5,0.5,1.0,1.0
State: w17, Alice: ['zero', 'e1'], Bob: ['u', 'u'], Long Bob: e1, Transform: f2;0.0,0.0,0.5,0.5,0.0,0.0,0.0,0.0,1.0,1.0,0.5,0.5,0.0,0.0,0.0,0.0,0.0,0.0,0.5,0.0,0.0,0.0,0.0,0.5,1.0,0.5,0.5,0.5,0.0,0.5,0.0,0.0
State: w17, Alice: ['e1', 'zero'], Bob: ['u', 'u'], Long Bob: e1, Transform: f2;0.5,0.5,0.0,0.0,0.0,0.0,0.0,0.0,0.5,0.5,1.0,1.0,0.0,0.0,0.0,0.0,0.5,0.0,0.0,0.0,0.0,0.5,0.0,0.0,0.5,0.5,1.0,0.5,0.0,0.0,0.0,0.5
State: w17, Alice: ['zero', 'e1'], Bob: ['u', 'u'], Long Bob: e1, Transform: f3;0.0,0.0,0.5,0.5,0.0,0.0,0.0,0.0,1.0,1.0,0.5,0.5,0.0,0.0,0.0,0.0,0.0,0.0,0.0,0.5,0.0,0.0,0.5,0.0,0.5,1.0,0.5,0.5,0.5,0.0,0.0,0.0
State: w17, Alice: ['e1', 'zero'], Bob: ['u', 'u'], Long Bob: e1, Transform: f3;0.5,0.5,0.0,0.0,0.0,0.0,0.0,0.0,0.5,0.5,1.0,1.0,0.0,0.0,0.0,0.0,0.0,0.5,0.0,0.0,0.5,0.0,0.0,0.0,0.5,0.5,0.5,1.0,0.0,0.0,0.5,0.0
State: w17, Alice: ['zero', 'e1'], Bob: ['u', 'u'], Long Bob: e1, Transform: f4;0.0,0.0,0.5,0.5,0.0,0.0,0.0,0.0,1.0,1.0,0.5,0.5,0.0,0.0,0.0,0.0,0.0,0.0,0.0,0.0,0.0,0.0,0.5,0.5,0.5,0.5,0.5,0.5,0.5,0.5,0.0,0.0
State: w17, Alice: ['e1', 'zero'], Bob: ['u', 'u'], Long Bob: e1, Transform: f4;0.5,0.5,0.0,0.0,0.0,0.0,0.0,0.0,0.5,0.5,1.0,1.0,0.0,0.0,0.0,0.0,0.0,0.0,0.0,0.0,0.5,0.5,0.0,0.0,0.5,0.5,0.5,0.5,0.0,0.0,0.5,0.5
State: w17, Alice: ['zero', 'e1'], Bob: ['u', 'u'], Long Bob: e1, Transform: f5;0.0,0.0,0.5,0.5,0.0,0.0,0.0,0.0,1.0,1.0,0.5,0.5,0.0,0.0,0.0,0.0,0.0,0.0,0.5,0.5,0.0,0.0,0.0,0.0,1.0,0.5,0.5,0.0,0.0,0.5,0.0,0.5
State: w17, Alice: ['e1', 'zero'], Bob: ['u', 'u'], Long Bob: e1, Transform: f5;0.5,0.5,0.0,0.0,0.0,0.0,0.0,0.0,0.5,0.5,1.0,1.0,0.0,0.0,0.0,0.0,0.5,0.5,0.0,0.0,0.0,0.0,0.0,0.0,0.5,0.0,1.0,0.5,0.0,0.5,0.0,0.5
State: w17, Alice: ['zero', 'e1'], Bob: ['u', 'u'], Long Bob: e1, Transform: f7;0.0,0.0,0.5,0.5,0.0,0.0,0.0,0.0,1.0,1.0,0.5,0.5,0.0,0.0,0.0,0.0,0.0,0.0,0.0,0.5,0.0,0.0,0.5,0.0,0.5,0.5,0.5,0.0,0.5,0.5,0.0,0.5
State: w17, Alice: ['e1', 'zero'], Bob: ['u', 'u'], Long Bob: e1, Transform: f7;0.5,0.5,0.0,0.0,0.0,0.0,0.0,0.0,0.5,0.5,1.0,1.0,0.0,0.0,0.0,0.0,0.0,0.5,0.0,0.0,0.5,0.0,0.0,0.0,0.5,0.0,0.5,0.5,0.0,0.5,0.5,0.5
State: w17, Alice: ['zero', 'e1'], Bob: ['u', 'u'], Long Bob: e1, Transform: f8;0.0,0.0,0.5,0.5,0.0,0.0,0.0,0.0,1.0,1.0,0.5,0.5,0.0,0.0,0.0,0.0,0.0,0.0,0.0,0.0,0.0,0.0,0.5,0.5,0.5,0.0,0.5,0.0,0.5,1.0,0.0,0.5
State: w17, Alice: ['e1', 'zero'], Bob: ['u', 'u'], Long Bob: e1, Transform: f8;0.5,0.5,0.0,0.0,0.0,0.0,0.0,0.0,0.5,0.5,1.0,1.0,0.0,0.0,0.0,0.0,0.0,0.0,0.0,0.0,0.5,0.5,0.0,0.0,0.5,0.0,0.5,0.0,0.0,0.5,0.5,1.0
State: w17, Alice: ['zero', 'e1'], Bob: ['u', 'u'], Long Bob: e1, Transform: f9;0.0,0.0,0.5,0.5,0.0,0.0,0.0,0.0,1.0,1.0,0.5,0.5,0.0,0.0,0.0,0.0,0.0,0.0,0.5,0.5,0.0,0.0,0.0,0.0,0.5,1.0,0.0,0.5,0.5,0.0,0.5,0.0
State: w17, Alice: ['e1', 'zero'], Bob: ['u', 'u'], Long Bob: e1, Transform: f9;0.5,0.5,0.0,0.0,0.0,0.0,0.0,0.0,0.5,0.5,1.0,1.0,0.0,0.0,0.0,0.0,0.5,0.5,0.0,0.0,0.0,0.0,0.0,0.0,0.0,0.5,0.5,1.0,0.5,0.0,0.5,0.0
State: w17, Alice: ['zero', 'e1'], Bob: ['u', 'u'], Long Bob: e1, Transform: f10;0.0,0.0,0.5,0.5,0.0,0.0,0.0,0.0,1.0,1.0,0.5,0.5,0.0,0.0,0.0,0.0,0.0,0.0,0.5,0.0,0.0,0.0,0.0,0.5,0.5,0.5,0.0,0.5,0.5,0.5,0.5,0.0
State: w17, Alice: ['e1', 'zero'], Bob: ['u', 'u'], Long Bob: e1, Transform: f10;0.5,0.5,0.0,0.0,0.0,0.0,0.0,0.0,0.5,0.5,1.0,1.0,0.0,0.0,0.0,0.0,0.5,0.0,0.0,0.0,0.0,0.5,0.0,0.0,0.0,0.5,0.5,0.5,0.5,0.0,0.5,0.5
State: w17, Alice: ['zero', 'e1'], Bob: ['u', 'u'], Long Bob: e1, Transform: f12;0.0,0.0,0.5,0.5,0.0,0.0,0.0,0.0,1.0,1.0,0.5,0.5,0.0,0.0,0.0,0.0,0.0,0.0,0.0,0.0,0.0,0.0,0.5,0.5,0.0,0.5,0.0,0.5,1.0,0.5,0.5,0.0
State: w17, Alice: ['e1', 'zero'], Bob: ['u', 'u'], Long Bob: e1, Transform: f12;0.5,0.5,0.0,0.0,0.0,0.0,0.0,0.0,0.5,0.5,1.0,1.0,0.0,0.0,0.0,0.0,0.0,0.0,0.0,0.0,0.5,0.5,0.0,0.0,0.0,0.5,0.0,0.5,0.5,0.0,1.0,0.5
State: w17, Alice: ['zero', 'e1'], Bob: ['u', 'u'], Long Bob: e1, Transform: f13;0.0,0.0,0.5,0.5,0.0,0.0,0.0,0.0,1.0,1.0,0.5,0.5,0.0,0.0,0.0,0.0,0.0,0.0,0.5,0.5,0.0,0.0,0.0,0.0,0.5,0.5,0.0,0.0,0.5,0.5,0.5,0.5
State: w17, Alice: ['e1', 'zero'], Bob: ['u', 'u'], Long Bob: e1, Transform: f13;0.5,0.5,0.0,0.0,0.0,0.0,0.0,0.0,0.5,0.5,1.0,1.0,0.0,0.0,0.0,0.0,0.5,0.5,0.0,0.0,0.0,0.0,0.0,0.0,0.0,0.0,0.5,0.5,0.5,0.5,0.5,0.5
State: w17, Alice: ['zero', 'e1'], Bob: ['u', 'u'], Long Bob: e1, Transform: f14;0.0,0.0,0.5,0.5,0.0,0.0,0.0,0.0,1.0,1.0,0.5,0.5,0.0,0.0,0.0,0.0,0.0,0.0,0.5,0.0,0.0,0.0,0.0,0.5,0.5,0.0,0.0,0.0,0.5,1.0,0.5,0.5
State: w17, Alice: ['e1', 'zero'], Bob: ['u', 'u'], Long Bob: e1, Transform: f14;0.5,0.5,0.0,0.0,0.0,0.0,0.0,0.0,0.5,0.5,1.0,1.0,0.0,0.0,0.0,0.0,0.5,0.0,0.0,0.0,0.0,0.5,0.0,0.0,0.0,0.0,0.5,0.0,0.5,0.5,0.5,1.0
State: w17, Alice: ['zero', 'e1'], Bob: ['u', 'u'], Long Bob: e1, Transform: f15;0.0,0.0,0.5,0.5,0.0,0.0,0.0,0.0,1.0,1.0,0.5,0.5,0.0,0.0,0.0,0.0,0.0,0.0,0.0,0.5,0.0,0.0,0.5,0.0,0.0,0.5,0.0,0.0,1.0,0.5,0.5,0.5
State: w17, Alice: ['e1', 'zero'], Bob: ['u', 'u'], Long Bob: e1, Transform: f15;0.5,0.5,0.0,0.0,0.0,0.0,0.0,0.0,0.5,0.5,1.0,1.0,0.0,0.0,0.0,0.0,0.0,0.5,0.0,0.0,0.5,0.0,0.0,0.0,0.0,0.0,0.0,0.5,0.5,0.5,1.0,0.5
State: w17, Alice: ['zero', 'e1'], Bob: ['u', 'zero'], Long Bob: u, Transform: f1;0.0,0.0,0.5,0.0,0.0,0.0,0.0,0.5,1.0,0.0,0.5,0.0,0.0,1.0,0.0,0.5,0.0,0.0,0.5,0.5,0.0,0.0,0.0,0.0,1.0,1.0,0.5,0.5,0.0,0.0,0.0,0.0
State: w17, Alice: ['zero', 'e1'], Bob: ['zero', 'u'], Long Bob: u, Transform: f1;0.0,0.0,0.0,0.5,0.0,0.0,0.5,0.0,0.0,1.0,0.0,0.5,1.0,0.0,0.5,0.0,0.0,0.0,0.5,0.5,0.0,0.0,0.0,0.0,1.0,1.0,0.5,0.5,0.0,0.0,0.0,0.0
State: w17, Alice: ['e1', 'zero'], Bob: ['u', 'zero'], Long Bob: u, Transform: f1;0.5,0.0,0.0,0.0,0.0,0.5,0.0,0.0,0.5,0.0,1.0,0.0,0.0,0.5,0.0,1.0,0.5,0.5,0.0,0.0,0.0,0.0,0.0,0.0,0.5,0.5,1.0,1.0,0.0,0.0,0.0,0.0
State: w17, Alice: ['e1', 'zero'], Bob: ['zero', 'u'], Long Bob: u, Transform: f1;0.0,0.5,0.0,0.0,0.5,0.0,0.0,0.0,0.0,0.5,0.0,1.0,0.5,0.0,1.0,0.0,0.5,0.5,0.0,0.0,0.0,0.0,0.0,0.0,0.5,0.5,1.0,1.0,0.0,0.0,0.0,0.0
State: w17, Alice: ['zero', 'e1'], Bob: ['u', 'zero'], Long Bob: u, Transform: f5;0.0,0.0,0.5,0.0,0.0,0.0,0.0,0.5,1.0,0.0,0.5,0.0,0.0,1.0,0.0,0.5,0.0,0.0,0.5,0.0,0.0,0.0,0.0,0.5,1.0,0.0,0.5,0.0,0.0,1.0,0.0,0.5
State: w17, Alice: ['zero', 'e1'], Bob: ['zero', 'u'], Long Bob: u, Transform: f5;0.0,0.0,0.0,0.5,0.0,0.0,0.5,0.0,0.0,1.0,0.0,0.5,1.0,0.0,0.5,0.0,0.0,0.0,0.5,0.0,0.0,0.0,0.0,0.5,1.0,0.0,0.5,0.0,0.0,1.0,0.0,0.5
State: w17, Alice: ['e1', 'zero'], Bob: ['u', 'zero'], Long Bob: u, Transform: f5;0.5,0.0,0.0,0.0,0.0,0.5,0.0,0.0,0.5,0.0,1.0,0.0,0.0,0.5,0.0,1.0,0.5,0.0,0.0,0.0,0.0,0.5,0.0,0.0,0.5,0.0,1.0,0.0,0.0,0.5,0.0,1.0
State: w17, Alice: ['e1', 'zero'], Bob: ['zero', 'u'], Long Bob: u, Transform: f5;0.0,0.5,0.0,0.0,0.5,0.0,0.0,0.0,0.0,0.5,0.0,1.0,0.5,0.0,1.0,0.0,0.5,0.0,0.0,0.0,0.0,0.5,0.0,0.0,0.5,0.0,1.0,0.0,0.0,0.5,0.0,1.0
State: w17, Alice: ['zero', 'e1'], Bob: ['u', 'zero'], Long Bob: u, Transform: f9;0.0,0.0,0.5,0.0,0.0,0.0,0.0,0.5,1.0,0.0,0.5,0.0,0.0,1.0,0.0,0.5,0.0,0.0,0.0,0.5,0.0,0.0,0.5,0.0,0.0,1.0,0.0,0.5,1.0,0.0,0.5,0.0
State: w17, Alice: ['zero', 'e1'], Bob: ['zero', 'u'], Long Bob: u, Transform: f9;0.0,0.0,0.0,0.5,0.0,0.0,0.5,0.0,0.0,1.0,0.0,0.5,1.0,0.0,0.5,0.0,0.0,0.0,0.0,0.5,0.0,0.0,0.5,0.0,0.0,1.0,0.0,0.5,1.0,0.0,0.5,0.0
State: w17, Alice: ['e1', 'zero'], Bob: ['u', 'zero'], Long Bob: u, Transform: f9;0.5,0.0,0.0,0.0,0.0,0.5,0.0,0.0,0.5,0.0,1.0,0.0,0.0,0.5,0.0,1.0,0.0,0.5,0.0,0.0,0.5,0.0,0.0,0.0,0.0,0.5,0.0,1.0,0.5,0.0,1.0,0.0
State: w17, Alice: ['e1', 'zero'], Bob: ['zero', 'u'], Long Bob: u, Transform: f9;0.0,0.5,0.0,0.0,0.5,0.0,0.0,0.0,0.0,0.5,0.0,1.0,0.5,0.0,1.0,0.0,0.0,0.5,0.0,0.0,0.5,0.0,0.0,0.0,0.0,0.5,0.0,1.0,0.5,0.0,1.0,0.0
State: w17, Alice: ['zero', 'e1'], Bob: ['u', 'zero'], Long Bob: u, Transform: f13;0.0,0.0,0.5,0.0,0.0,0.0,0.0,0.5,1.0,0.0,0.5,0.0,0.0,1.0,0.0,0.5,0.0,0.0,0.0,0.0,0.0,0.0,0.5,0.5,0.0,0.0,0.0,0.0,1.0,1.0,0.5,0.5
State: w17, Alice: ['zero', 'e1'], Bob: ['zero', 'u'], Long Bob: u, Transform: f13;0.0,0.0,0.0,0.5,0.0,0.0,0.5,0.0,0.0,1.0,0.0,0.5,1.0,0.0,0.5,0.0,0.0,0.0,0.0,0.0,0.0,0.0,0.5,0.5,0.0,0.0,0.0,0.0,1.0,1.0,0.5,0.5
State: w17, Alice: ['e1', 'zero'], Bob: ['u', 'zero'], Long Bob: u, Transform: f13;0.5,0.0,0.0,0.0,0.0,0.5,0.0,0.0,0.5,0.0,1.0,0.0,0.0,0.5,0.0,1.0,0.0,0.0,0.0,0.0,0.5,0.5,0.0,0.0,0.0,0.0,0.0,0.0,0.5,0.5,1.0,1.0
State: w17, Alice: ['e1', 'zero'], Bob: ['zero', 'u'], Long Bob: u, Transform: f13;0.0,0.5,0.0,0.0,0.5,0.0,0.0,0.0,0.0,0.5,0.0,1.0,0.5,0.0,1.0,0.0,0.0,0.0,0.0,0.0,0.5,0.5,0.0,0.0,0.0,0.0,0.0,0.0,0.5,0.5,1.0,1.0
State: w17, Alice: ['zero', 'e1'], Bob: ['u', 'zero'], Long Bob: e1, Transform: f2;0.0,0.0,0.5,0.0,0.0,0.0,0.0,0.5,1.0,0.0,0.5,0.0,0.0,1.0,0.0,0.5,0.0,0.0,0.5,0.0,0.0,0.0,0.0,0.5,1.0,0.5,0.5,0.5,0.0,0.5,0.0,0.0
State: w17, Alice: ['zero', 'e1'], Bob: ['zero', 'u'], Long Bob: e1, Transform: f2;0.0,0.0,0.0,0.5,0.0,0.0,0.5,0.0,0.0,1.0,0.0,0.5,1.0,0.0,0.5,0.0,0.0,0.0,0.5,0.0,0.0,0.0,0.0,0.5,1.0,0.5,0.5,0.5,0.0,0.5,0.0,0.0
State: w17, Alice: ['e1', 'zero'], Bob: ['u', 'zero'], Long Bob: e1, Transform: f2;0.5,0.0,0.0,0.0,0.0,0.5,0.0,0.0,0.5,0.0,1.0,0.0,0.0,0.5,0.0,1.0,0.5,0.0,0.0,0.0,0.0,0.5,0.0,0.0,0.5,0.5,1.0,0.5,0.0,0.0,0.0,0.5
State: w17, Alice: ['e1', 'zero'], Bob: ['zero', 'u'], Long Bob: e1, Transform: f2;0.0,0.5,0.0,0.0,0.5,0.0,0.0,0.0,0.0,0.5,0.0,1.0,0.5,0.0,1.0,0.0,0.5,0.0,0.0,0.0,0.0,0.5,0.0,0.0,0.5,0.5,1.0,0.5,0.0,0.0,0.0,0.5
State: w17, Alice: ['zero', 'e1'], Bob: ['u', 'zero'], Long Bob: e1, Transform: f3;0.0,0.0,0.5,0.0,0.0,0.0,0.0,0.5,1.0,0.0,0.5,0.0,0.0,1.0,0.0,0.5,0.0,0.0,0.0,0.5,0.0,0.0,0.5,0.0,0.5,1.0,0.5,0.5,0.5,0.0,0.0,0.0
State: w17, Alice: ['zero', 'e1'], Bob: ['zero', 'u'], Long Bob: e1, Transform: f3;0.0,0.0,0.0,0.5,0.0,0.0,0.5,0.0,0.0,1.0,0.0,0.5,1.0,0.0,0.5,0.0,0.0,0.0,0.0,0.5,0.0,0.0,0.5,0.0,0.5,1.0,0.5,0.5,0.5,0.0,0.0,0.0
State: w17, Alice: ['e1', 'zero'], Bob: ['u', 'zero'], Long Bob: e1, Transform: f3;0.5,0.0,0.0,0.0,0.0,0.5,0.0,0.0,0.5,0.0,1.0,0.0,0.0,0.5,0.0,1.0,0.0,0.5,0.0,0.0,0.5,0.0,0.0,0.0,0.5,0.5,0.5,1.0,0.0,0.0,0.5,0.0
State: w17, Alice: ['e1', 'zero'], Bob: ['zero', 'u'], Long Bob: e1, Transform: f3;0.0,0.5,0.0,0.0,0.5,0.0,0.0,0.0,0.0,0.5,0.0,1.0,0.5,0.0,1.0,0.0,0.0,0.5,0.0,0.0,0.5,0.0,0.0,0.0,0.5,0.5,0.5,1.0,0.0,0.0,0.5,0.0
State: w17, Alice: ['zero', 'e1'], Bob: ['u', 'zero'], Long Bob: e1, Transform: f4;0.0,0.0,0.5,0.0,0.0,0.0,0.0,0.5,1.0,0.0,0.5,0.0,0.0,1.0,0.0,0.5,0.0,0.0,0.0,0.0,0.0,0.0,0.5,0.5,0.5,0.5,0.5,0.5,0.5,0.5,0.0,0.0
State: w17, Alice: ['zero', 'e1'], Bob: ['zero', 'u'], Long Bob: e1, Transform: f4;0.0,0.0,0.0,0.5,0.0,0.0,0.5,0.0,0.0,1.0,0.0,0.5,1.0,0.0,0.5,0.0,0.0,0.0,0.0,0.0,0.0,0.0,0.5,0.5,0.5,0.5,0.5,0.5,0.5,0.5,0.0,0.0
State: w17, Alice: ['e1', 'zero'], Bob: ['u', 'zero'], Long Bob: e1, Transform: f4;0.5,0.0,0.0,0.0,0.0,0.5,0.0,0.0,0.5,0.0,1.0,0.0,0.0,0.5,0.0,1.0,0.0,0.0,0.0,0.0,0.5,0.5,0.0,0.0,0.5,0.5,0.5,0.5,0.0,0.0,0.5,0.5
State: w17, Alice: ['e1', 'zero'], Bob: ['zero', 'u'], Long Bob: e1, Transform: f4;0.0,0.5,0.0,0.0,0.5,0.0,0.0,0.0,0.0,0.5,0.0,1.0,0.5,0.0,1.0,0.0,0.0,0.0,0.0,0.0,0.5,0.5,0.0,0.0,0.5,0.5,0.5,0.5,0.0,0.0,0.5,0.5
State: w17, Alice: ['zero', 'e1'], Bob: ['u', 'zero'], Long Bob: e1, Transform: f5;0.0,0.0,0.5,0.0,0.0,0.0,0.0,0.5,1.0,0.0,0.5,0.0,0.0,1.0,0.0,0.5,0.0,0.0,0.5,0.5,0.0,0.0,0.0,0.0,1.0,0.5,0.5,0.0,0.0,0.5,0.0,0.5
State: w17, Alice: ['zero', 'e1'], Bob: ['zero', 'u'], Long Bob: e1, Transform: f5;0.0,0.0,0.0,0.5,0.0,0.0,0.5,0.0,0.0,1.0,0.0,0.5,1.0,0.0,0.5,0.0,0.0,0.0,0.5,0.5,0.0,0.0,0.0,0.0,1.0,0.5,0.5,0.0,0.0,0.5,0.0,0.5
State: w17, Alice: ['e1', 'zero'], Bob: ['u', 'zero'], Long Bob: e1, Transform: f5;0.5,0.0,0.0,0.0,0.0,0.5,0.0,0.0,0.5,0.0,1.0,0.0,0.0,0.5,0.0,1.0,0.5,0.5,0.0,0.0,0.0,0.0,0.0,0.0,0.5,0.0,1.0,0.5,0.0,0.5,0.0,0.5
State: w17, Alice: ['e1', 'zero'], Bob: ['zero', 'u'], Long Bob: e1, Transform: f5;0.0,0.5,0.0,0.0,0.5,0.0,0.0,0.0,0.0,0.5,0.0,1.0,0.5,0.0,1.0,0.0,0.5,0.5,0.0,0.0,0.0,0.0,0.0,0.0,0.5,0.0,1.0,0.5,0.0,0.5,0.0,0.5
State: w17, Alice: ['zero', 'e1'], Bob: ['u', 'zero'], Long Bob: e1, Transform: f7;0.0,0.0,0.5,0.0,0.0,0.0,0.0,0.5,1.0,0.0,0.5,0.0,0.0,1.0,0.0,0.5,0.0,0.0,0.0,0.5,0.0,0.0,0.5,0.0,0.5,0.5,0.5,0.0,0.5,0.5,0.0,0.5
State: w17, Alice: ['zero', 'e1'], Bob: ['zero', 'u'], Long Bob: e1, Transform: f7;0.0,0.0,0.0,0.5,0.0,0.0,0.5,0.0,0.0,1.0,0.0,0.5,1.0,0.0,0.5,0.0,0.0,0.0,0.0,0.5,0.0,0.0,0.5,0.0,0.5,0.5,0.5,0.0,0.5,0.5,0.0,0.5
State: w17, Alice: ['e1', 'zero'], Bob: ['u', 'zero'], Long Bob: e1, Transform: f7;0.5,0.0,0.0,0.0,0.0,0.5,0.0,0.0,0.5,0.0,1.0,0.0,0.0,0.5,0.0,1.0,0.0,0.5,0.0,0.0,0.5,0.0,0.0,0.0,0.5,0.0,0.5,0.5,0.0,0.5,0.5,0.5
State: w17, Alice: ['e1', 'zero'], Bob: ['zero', 'u'], Long Bob: e1, Transform: f7;0.0,0.5,0.0,0.0,0.5,0.0,0.0,0.0,0.0,0.5,0.0,1.0,0.5,0.0,1.0,0.0,0.0,0.5,0.0,0.0,0.5,0.0,0.0,0.0,0.5,0.0,0.5,0.5,0.0,0.5,0.5,0.5
State: w17, Alice: ['zero', 'e1'], Bob: ['u', 'zero'], Long Bob: e1, Transform: f8;0.0,0.0,0.5,0.0,0.0,0.0,0.0,0.5,1.0,0.0,0.5,0.0,0.0,1.0,0.0,0.5,0.0,0.0,0.0,0.0,0.0,0.0,0.5,0.5,0.5,0.0,0.5,0.0,0.5,1.0,0.0,0.5
State: w17, Alice: ['zero', 'e1'], Bob: ['zero', 'u'], Long Bob: e1, Transform: f8;0.0,0.0,0.0,0.5,0.0,0.0,0.5,0.0,0.0,1.0,0.0,0.5,1.0,0.0,0.5,0.0,0.0,0.0,0.0,0.0,0.0,0.0,0.5,0.5,0.5,0.0,0.5,0.0,0.5,1.0,0.0,0.5
State: w17, Alice: ['e1', 'zero'], Bob: ['u', 'zero'], Long Bob: e1, Transform: f8;0.5,0.0,0.0,0.0,0.0,0.5,0.0,0.0,0.5,0.0,1.0,0.0,0.0,0.5,0.0,1.0,0.0,0.0,0.0,0.0,0.5,0.5,0.0,0.0,0.5,0.0,0.5,0.0,0.0,0.5,0.5,1.0
State: w17, Alice: ['e1', 'zero'], Bob: ['zero', 'u'], Long Bob: e1, Transform: f8;0.0,0.5,0.0,0.0,0.5,0.0,0.0,0.0,0.0,0.5,0.0,1.0,0.5,0.0,1.0,0.0,0.0,0.0,0.0,0.0,0.5,0.5,0.0,0.0,0.5,0.0,0.5,0.0,0.0,0.5,0.5,1.0
State: w17, Alice: ['zero', 'e1'], Bob: ['u', 'zero'], Long Bob: e1, Transform: f9;0.0,0.0,0.5,0.0,0.0,0.0,0.0,0.5,1.0,0.0,0.5,0.0,0.0,1.0,0.0,0.5,0.0,0.0,0.5,0.5,0.0,0.0,0.0,0.0,0.5,1.0,0.0,0.5,0.5,0.0,0.5,0.0
State: w17, Alice: ['zero', 'e1'], Bob: ['zero', 'u'], Long Bob: e1, Transform: f9;0.0,0.0,0.0,0.5,0.0,0.0,0.5,0.0,0.0,1.0,0.0,0.5,1.0,0.0,0.5,0.0,0.0,0.0,0.5,0.5,0.0,0.0,0.0,0.0,0.5,1.0,0.0,0.5,0.5,0.0,0.5,0.0
State: w17, Alice: ['e1', 'zero'], Bob: ['u', 'zero'], Long Bob: e1, Transform: f9;0.5,0.0,0.0,0.0,0.0,0.5,0.0,0.0,0.5,0.0,1.0,0.0,0.0,0.5,0.0,1.0,0.5,0.5,0.0,0.0,0.0,0.0,0.0,0.0,0.0,0.5,0.5,1.0,0.5,0.0,0.5,0.0
State: w17, Alice: ['e1', 'zero'], Bob: ['zero', 'u'], Long Bob: e1, Transform: f9;0.0,0.5,0.0,0.0,0.5,0.0,0.0,0.0,0.0,0.5,0.0,1.0,0.5,0.0,1.0,0.0,0.5,0.5,0.0,0.0,0.0,0.0,0.0,0.0,0.0,0.5,0.5,1.0,0.5,0.0,0.5,0.0
State: w17, Alice: ['zero', 'e1'], Bob: ['u', 'zero'], Long Bob: e1, Transform: f10;0.0,0.0,0.5,0.0,0.0,0.0,0.0,0.5,1.0,0.0,0.5,0.0,0.0,1.0,0.0,0.5,0.0,0.0,0.5,0.0,0.0,0.0,0.0,0.5,0.5,0.5,0.0,0.5,0.5,0.5,0.5,0.0
State: w17, Alice: ['zero', 'e1'], Bob: ['zero', 'u'], Long Bob: e1, Transform: f10;0.0,0.0,0.0,0.5,0.0,0.0,0.5,0.0,0.0,1.0,0.0,0.5,1.0,0.0,0.5,0.0,0.0,0.0,0.5,0.0,0.0,0.0,0.0,0.5,0.5,0.5,0.0,0.5,0.5,0.5,0.5,0.0
State: w17, Alice: ['e1', 'zero'], Bob: ['u', 'zero'], Long Bob: e1, Transform: f10;0.5,0.0,0.0,0.0,0.0,0.5,0.0,0.0,0.5,0.0,1.0,0.0,0.0,0.5,0.0,1.0,0.5,0.0,0.0,0.0,0.0,0.5,0.0,0.0,0.0,0.5,0.5,0.5,0.5,0.0,0.5,0.5
State: w17, Alice: ['e1', 'zero'], Bob: ['zero', 'u'], Long Bob: e1, Transform: f10;0.0,0.5,0.0,0.0,0.5,0.0,0.0,0.0,0.0,0.5,0.0,1.0,0.5,0.0,1.0,0.0,0.5,0.0,0.0,0.0,0.0,0.5,0.0,0.0,0.0,0.5,0.5,0.5,0.5,0.0,0.5,0.5
State: w17, Alice: ['zero', 'e1'], Bob: ['u', 'zero'], Long Bob: e1, Transform: f12;0.0,0.0,0.5,0.0,0.0,0.0,0.0,0.5,1.0,0.0,0.5,0.0,0.0,1.0,0.0,0.5,0.0,0.0,0.0,0.0,0.0,0.0,0.5,0.5,0.0,0.5,0.0,0.5,1.0,0.5,0.5,0.0
State: w17, Alice: ['zero', 'e1'], Bob: ['zero', 'u'], Long Bob: e1, Transform: f12;0.0,0.0,0.0,0.5,0.0,0.0,0.5,0.0,0.0,1.0,0.0,0.5,1.0,0.0,0.5,0.0,0.0,0.0,0.0,0.0,0.0,0.0,0.5,0.5,0.0,0.5,0.0,0.5,1.0,0.5,0.5,0.0
State: w17, Alice: ['e1', 'zero'], Bob: ['u', 'zero'], Long Bob: e1, Transform: f12;0.5,0.0,0.0,0.0,0.0,0.5,0.0,0.0,0.5,0.0,1.0,0.0,0.0,0.5,0.0,1.0,0.0,0.0,0.0,0.0,0.5,0.5,0.0,0.0,0.0,0.5,0.0,0.5,0.5,0.0,1.0,0.5
State: w17, Alice: ['e1', 'zero'], Bob: ['zero', 'u'], Long Bob: e1, Transform: f12;0.0,0.5,0.0,0.0,0.5,0.0,0.0,0.0,0.0,0.5,0.0,1.0,0.5,0.0,1.0,0.0,0.0,0.0,0.0,0.0,0.5,0.5,0.0,0.0,0.0,0.5,0.0,0.5,0.5,0.0,1.0,0.5
State: w17, Alice: ['zero', 'e1'], Bob: ['u', 'zero'], Long Bob: e1, Transform: f13;0.0,0.0,0.5,0.0,0.0,0.0,0.0,0.5,1.0,0.0,0.5,0.0,0.0,1.0,0.0,0.5,0.0,0.0,0.5,0.5,0.0,0.0,0.0,0.0,0.5,0.5,0.0,0.0,0.5,0.5,0.5,0.5
State: w17, Alice: ['zero', 'e1'], Bob: ['zero', 'u'], Long Bob: e1, Transform: f13;0.0,0.0,0.0,0.5,0.0,0.0,0.5,0.0,0.0,1.0,0.0,0.5,1.0,0.0,0.5,0.0,0.0,0.0,0.5,0.5,0.0,0.0,0.0,0.0,0.5,0.5,0.0,0.0,0.5,0.5,0.5,0.5
State: w17, Alice: ['e1', 'zero'], Bob: ['u', 'zero'], Long Bob: e1, Transform: f13;0.5,0.0,0.0,0.0,0.0,0.5,0.0,0.0,0.5,0.0,1.0,0.0,0.0,0.5,0.0,1.0,0.5,0.5,0.0,0.0,0.0,0.0,0.0,0.0,0.0,0.0,0.5,0.5,0.5,0.5,0.5,0.5
State: w17, Alice: ['e1', 'zero'], Bob: ['zero', 'u'], Long Bob: e1, Transform: f13;0.0,0.5,0.0,0.0,0.5,0.0,0.0,0.0,0.0,0.5,0.0,1.0,0.5,0.0,1.0,0.0,0.5,0.5,0.0,0.0,0.0,0.0,0.0,0.0,0.0,0.0,0.5,0.5,0.5,0.5,0.5,0.5
State: w17, Alice: ['zero', 'e1'], Bob: ['u', 'zero'], Long Bob: e1, Transform: f14;0.0,0.0,0.5,0.0,0.0,0.0,0.0,0.5,1.0,0.0,0.5,0.0,0.0,1.0,0.0,0.5,0.0,0.0,0.5,0.0,0.0,0.0,0.0,0.5,0.5,0.0,0.0,0.0,0.5,1.0,0.5,0.5
State: w17, Alice: ['zero', 'e1'], Bob: ['zero', 'u'], Long Bob: e1, Transform: f14;0.0,0.0,0.0,0.5,0.0,0.0,0.5,0.0,0.0,1.0,0.0,0.5,1.0,0.0,0.5,0.0,0.0,0.0,0.5,0.0,0.0,0.0,0.0,0.5,0.5,0.0,0.0,0.0,0.5,1.0,0.5,0.5
State: w17, Alice: ['e1', 'zero'], Bob: ['u', 'zero'], Long Bob: e1, Transform: f14;0.5,0.0,0.0,0.0,0.0,0.5,0.0,0.0,0.5,0.0,1.0,0.0,0.0,0.5,0.0,1.0,0.5,0.0,0.0,0.0,0.0,0.5,0.0,0.0,0.0,0.0,0.5,0.0,0.5,0.5,0.5,1.0
State: w17, Alice: ['e1', 'zero'], Bob: ['zero', 'u'], Long Bob: e1, Transform: f14;0.0,0.5,0.0,0.0,0.5,0.0,0.0,0.0,0.0,0.5,0.0,1.0,0.5,0.0,1.0,0.0,0.5,0.0,0.0,0.0,0.0,0.5,0.0,0.0,0.0,0.0,0.5,0.0,0.5,0.5,0.5,1.0
State: w17, Alice: ['zero', 'e1'], Bob: ['u', 'zero'], Long Bob: e1, Transform: f15;0.0,0.0,0.5,0.0,0.0,0.0,0.0,0.5,1.0,0.0,0.5,0.0,0.0,1.0,0.0,0.5,0.0,0.0,0.0,0.5,0.0,0.0,0.5,0.0,0.0,0.5,0.0,0.0,1.0,0.5,0.5,0.5
State: w17, Alice: ['zero', 'e1'], Bob: ['zero', 'u'], Long Bob: e1, Transform: f15;0.0,0.0,0.0,0.5,0.0,0.0,0.5,0.0,0.0,1.0,0.0,0.5,1.0,0.0,0.5,0.0,0.0,0.0,0.0,0.5,0.0,0.0,0.5,0.0,0.0,0.5,0.0,0.0,1.0,0.5,0.5,0.5
State: w17, Alice: ['e1', 'zero'], Bob: ['u', 'zero'], Long Bob: e1, Transform: f15;0.5,0.0,0.0,0.0,0.0,0.5,0.0,0.0,0.5,0.0,1.0,0.0,0.0,0.5,0.0,1.0,0.0,0.5,0.0,0.0,0.5,0.0,0.0,0.0,0.0,0.0,0.0,0.5,0.5,0.5,1.0,0.5
State: w17, Alice: ['e1', 'zero'], Bob: ['zero', 'u'], Long Bob: e1, Transform: f15;0.0,0.5,0.0,0.0,0.5,0.0,0.0,0.0,0.0,0.5,0.0,1.0,0.5,0.0,1.0,0.0,0.0,0.5,0.0,0.0,0.5,0.0,0.0,0.0,0.0,0.0,0.0,0.5,0.5,0.5,1.0,0.5
State: w17, Alice: ['zero', 'e1'], Bob: ['u', 'e1'], Long Bob: u, Transform: f1;0.0,0.0,0.5,0.0,0.0,0.0,0.0,0.5,1.0,0.5,0.5,0.5,0.0,0.5,0.0,0.0,0.0,0.0,0.5,0.5,0.0,0.0,0.0,0.0,1.0,1.0,0.5,0.5,0.0,0.0,0.0,0.0
State: w17, Alice: ['zero', 'e1'], Bob: ['e1', 'u'], Long Bob: u, Transform: f1;0.0,0.0,0.0,0.5,0.0,0.0,0.5,0.0,0.5,1.0,0.5,0.5,0.5,0.0,0.0,0.0,0.0,0.0,0.5,0.5,0.0,0.0,0.0,0.0,1.0,1.0,0.5,0.5,0.0,0.0,0.0,0.0
State: w17, Alice: ['e1', 'zero'], Bob: ['u', 'e1'], Long Bob: u, Transform: f1;0.5,0.0,0.0,0.0,0.0,0.5,0.0,0.0,0.5,0.5,1.0,0.5,0.0,0.0,0.0,0.5,0.5,0.5,0.0,0.0,0.0,0.0,0.0,0.0,0.5,0.5,1.0,1.0,0.0,0.0,0.0,0.0
State: w17, Alice: ['e1', 'zero'], Bob: ['e1', 'u'], Long Bob: u, Transform: f1;0.0,0.5,0.0,0.0,0.5,0.0,0.0,0.0,0.5,0.5,0.5,1.0,0.0,0.0,0.5,0.0,0.5,0.5,0.0,0.0,0.0,0.0,0.0,0.0,0.5,0.5,1.0,1.0,0.0,0.0,0.0,0.0
State: w17, Alice: ['zero', 'e1'], Bob: ['u', 'e1'], Long Bob: u, Transform: f5;0.0,0.0,0.5,0.0,0.0,0.0,0.0,0.5,1.0,0.5,0.5,0.5,0.0,0.5,0.0,0.0,0.0,0.0,0.5,0.0,0.0,0.0,0.0,0.5,1.0,0.0,0.5,0.0,0.0,1.0,0.0,0.5
State: w17, Alice: ['zero', 'e1'], Bob: ['e1', 'u'], Long Bob: u, Transform: f5;0.0,0.0,0.0,0.5,0.0,0.0,0.5,0.0,0.5,1.0,0.5,0.5,0.5,0.0,0.0,0.0,0.0,0.0,0.5,0.0,0.0,0.0,0.0,0.5,1.0,0.0,0.5,0.0,0.0,1.0,0.0,0.5
State: w17, Alice: ['e1', 'zero'], Bob: ['u', 'e1'], Long Bob: u, Transform: f5;0.5,0.0,0.0,0.0,0.0,0.5,0.0,0.0,0.5,0.5,1.0,0.5,0.0,0.0,0.0,0.5,0.5,0.0,0.0,0.0,0.0,0.5,0.0,0.0,0.5,0.0,1.0,0.0,0.0,0.5,0.0,1.0
State: w17, Alice: ['e1', 'zero'], Bob: ['e1', 'u'], Long Bob: u, Transform: f5;0.0,0.5,0.0,0.0,0.5,0.0,0.0,0.0,0.5,0.5,0.5,1.0,0.0,0.0,0.5,0.0,0.5,0.0,0.0,0.0,0.0,0.5,0.0,0.0,0.5,0.0,1.0,0.0,0.0,0.5,0.0,1.0
State: w17, Alice: ['zero', 'e1'], Bob: ['u', 'e1'], Long Bob: u, Transform: f9;0.0,0.0,0.5,0.0,0.0,0.0,0.0,0.5,1.0,0.5,0.5,0.5,0.0,0.5,0.0,0.0,0.0,0.0,0.0,0.5,0.0,0.0,0.5,0.0,0.0,1.0,0.0,0.5,1.0,0.0,0.5,0.0
State: w17, Alice: ['zero', 'e1'], Bob: ['e1', 'u'], Long Bob: u, Transform: f9;0.0,0.0,0.0,0.5,0.0,0.0,0.5,0.0,0.5,1.0,0.5,0.5,0.5,0.0,0.0,0.0,0.0,0.0,0.0,0.5,0.0,0.0,0.5,0.0,0.0,1.0,0.0,0.5,1.0,0.0,0.5,0.0
State: w17, Alice: ['e1', 'zero'], Bob: ['u', 'e1'], Long Bob: u, Transform: f9;0.5,0.0,0.0,0.0,0.0,0.5,0.0,0.0,0.5,0.5,1.0,0.5,0.0,0.0,0.0,0.5,0.0,0.5,0.0,0.0,0.5,0.0,0.0,0.0,0.0,0.5,0.0,1.0,0.5,0.0,1.0,0.0
State: w17, Alice: ['e1', 'zero'], Bob: ['e1', 'u'], Long Bob: u, Transform: f9;0.0,0.5,0.0,0.0,0.5,0.0,0.0,0.0,0.5,0.5,0.5,1.0,0.0,0.0,0.5,0.0,0.0,0.5,0.0,0.0,0.5,0.0,0.0,0.0,0.0,0.5,0.0,1.0,0.5,0.0,1.0,0.0
State: w17, Alice: ['zero', 'e1'], Bob: ['u', 'e1'], Long Bob: u, Transform: f13;0.0,0.0,0.5,0.0,0.0,0.0,0.0,0.5,1.0,0.5,0.5,0.5,0.0,0.5,0.0,0.0,0.0,0.0,0.0,0.0,0.0,0.0,0.5,0.5,0.0,0.0,0.0,0.0,1.0,1.0,0.5,0.5
State: w17, Alice: ['zero', 'e1'], Bob: ['e1', 'u'], Long Bob: u, Transform: f13;0.0,0.0,0.0,0.5,0.0,0.0,0.5,0.0,0.5,1.0,0.5,0.5,0.5,0.0,0.0,0.0,0.0,0.0,0.0,0.0,0.0,0.0,0.5,0.5,0.0,0.0,0.0,0.0,1.0,1.0,0.5,0.5
State: w17, Alice: ['e1', 'zero'], Bob: ['u', 'e1'], Long Bob: u, Transform: f13;0.5,0.0,0.0,0.0,0.0,0.5,0.0,0.0,0.5,0.5,1.0,0.5,0.0,0.0,0.0,0.5,0.0,0.0,0.0,0.0,0.5,0.5,0.0,0.0,0.0,0.0,0.0,0.0,0.5,0.5,1.0,1.0
State: w17, Alice: ['e1', 'zero'], Bob: ['e1', 'u'], Long Bob: u, Transform: f13;0.0,0.5,0.0,0.0,0.5,0.0,0.0,0.0,0.5,0.5,0.5,1.0,0.0,0.0,0.5,0.0,0.0,0.0,0.0,0.0,0.5,0.5,0.0,0.0,0.0,0.0,0.0,0.0,0.5,0.5,1.0,1.0
State: w17, Alice: ['zero', 'e1'], Bob: ['u', 'e1'], Long Bob: e1, Transform: f2;0.0,0.0,0.5,0.0,0.0,0.0,0.0,0.5,1.0,0.5,0.5,0.5,0.0,0.5,0.0,0.0,0.0,0.0,0.5,0.0,0.0,0.0,0.0,0.5,1.0,0.5,0.5,0.5,0.0,0.5,0.0,0.0
State: w17, Alice: ['zero', 'e1'], Bob: ['e1', 'u'], Long Bob: e1, Transform: f2;0.0,0.0,0.0,0.5,0.0,0.0,0.5,0.0,0.5,1.0,0.5,0.5,0.5,0.0,0.0,0.0,0.0,0.0,0.5,0.0,0.0,0.0,0.0,0.5,1.0,0.5,0.5,0.5,0.0,0.5,0.0,0.0
State: w17, Alice: ['e1', 'zero'], Bob: ['u', 'e1'], Long Bob: e1, Transform: f2;0.5,0.0,0.0,0.0,0.0,0.5,0.0,0.0,0.5,0.5,1.0,0.5,0.0,0.0,0.0,0.5,0.5,0.0,0.0,0.0,0.0,0.5,0.0,0.0,0.5,0.5,1.0,0.5,0.0,0.0,0.0,0.5
State: w17, Alice: ['e1', 'zero'], Bob: ['e1', 'u'], Long Bob: e1, Transform: f2;0.0,0.5,0.0,0.0,0.5,0.0,0.0,0.0,0.5,0.5,0.5,1.0,0.0,0.0,0.5,0.0,0.5,0.0,0.0,0.0,0.0,0.5,0.0,0.0,0.5,0.5,1.0,0.5,0.0,0.0,0.0,0.5
State: w17, Alice: ['zero', 'e1'], Bob: ['u', 'e1'], Long Bob: e1, Transform: f3;0.0,0.0,0.5,0.0,0.0,0.0,0.0,0.5,1.0,0.5,0.5,0.5,0.0,0.5,0.0,0.0,0.0,0.0,0.0,0.5,0.0,0.0,0.5,0.0,0.5,1.0,0.5,0.5,0.5,0.0,0.0,0.0
State: w17, Alice: ['zero', 'e1'], Bob: ['e1', 'u'], Long Bob: e1, Transform: f3;0.0,0.0,0.0,0.5,0.0,0.0,0.5,0.0,0.5,1.0,0.5,0.5,0.5,0.0,0.0,0.0,0.0,0.0,0.0,0.5,0.0,0.0,0.5,0.0,0.5,1.0,0.5,0.5,0.5,0.0,0.0,0.0
State: w17, Alice: ['e1', 'zero'], Bob: ['u', 'e1'], Long Bob: e1, Transform: f3;0.5,0.0,0.0,0.0,0.0,0.5,0.0,0.0,0.5,0.5,1.0,0.5,0.0,0.0,0.0,0.5,0.0,0.5,0.0,0.0,0.5,0.0,0.0,0.0,0.5,0.5,0.5,1.0,0.0,0.0,0.5,0.0
State: w17, Alice: ['e1', 'zero'], Bob: ['e1', 'u'], Long Bob: e1, Transform: f3;0.0,0.5,0.0,0.0,0.5,0.0,0.0,0.0,0.5,0.5,0.5,1.0,0.0,0.0,0.5,0.0,0.0,0.5,0.0,0.0,0.5,0.0,0.0,0.0,0.5,0.5,0.5,1.0,0.0,0.0,0.5,0.0
State: w17, Alice: ['zero', 'e1'], Bob: ['u', 'e1'], Long Bob: e1, Transform: f4;0.0,0.0,0.5,0.0,0.0,0.0,0.0,0.5,1.0,0.5,0.5,0.5,0.0,0.5,0.0,0.0,0.0,0.0,0.0,0.0,0.0,0.0,0.5,0.5,0.5,0.5,0.5,0.5,0.5,0.5,0.0,0.0
State: w17, Alice: ['zero', 'e1'], Bob: ['e1', 'u'], Long Bob: e1, Transform: f4;0.0,0.0,0.0,0.5,0.0,0.0,0.5,0.0,0.5,1.0,0.5,0.5,0.5,0.0,0.0,0.0,0.0,0.0,0.0,0.0,0.0,0.0,0.5,0.5,0.5,0.5,0.5,0.5,0.5,0.5,0.0,0.0
State: w17, Alice: ['e1', 'zero'], Bob: ['u', 'e1'], Long Bob: e1, Transform: f4;0.5,0.0,0.0,0.0,0.0,0.5,0.0,0.0,0.5,0.5,1.0,0.5,0.0,0.0,0.0,0.5,0.0,0.0,0.0,0.0,0.5,0.5,0.0,0.0,0.5,0.5,0.5,0.5,0.0,0.0,0.5,0.5
State: w17, Alice: ['e1', 'zero'], Bob: ['e1', 'u'], Long Bob: e1, Transform: f4;0.0,0.5,0.0,0.0,0.5,0.0,0.0,0.0,0.5,0.5,0.5,1.0,0.0,0.0,0.5,0.0,0.0,0.0,0.0,0.0,0.5,0.5,0.0,0.0,0.5,0.5,0.5,0.5,0.0,0.0,0.5,0.5
State: w17, Alice: ['zero', 'e1'], Bob: ['u', 'e1'], Long Bob: e1, Transform: f5;0.0,0.0,0.5,0.0,0.0,0.0,0.0,0.5,1.0,0.5,0.5,0.5,0.0,0.5,0.0,0.0,0.0,0.0,0.5,0.5,0.0,0.0,0.0,0.0,1.0,0.5,0.5,0.0,0.0,0.5,0.0,0.5
State: w17, Alice: ['zero', 'e1'], Bob: ['e1', 'u'], Long Bob: e1, Transform: f5;0.0,0.0,0.0,0.5,0.0,0.0,0.5,0.0,0.5,1.0,0.5,0.5,0.5,0.0,0.0,0.0,0.0,0.0,0.5,0.5,0.0,0.0,0.0,0.0,1.0,0.5,0.5,0.0,0.0,0.5,0.0,0.5
State: w17, Alice: ['e1', 'zero'], Bob: ['u', 'e1'], Long Bob: e1, Transform: f5;0.5,0.0,0.0,0.0,0.0,0.5,0.0,0.0,0.5,0.5,1.0,0.5,0.0,0.0,0.0,0.5,0.5,0.5,0.0,0.0,0.0,0.0,0.0,0.0,0.5,0.0,1.0,0.5,0.0,0.5,0.0,0.5
State: w17, Alice: ['e1', 'zero'], Bob: ['e1', 'u'], Long Bob: e1, Transform: f5;0.0,0.5,0.0,0.0,0.5,0.0,0.0,0.0,0.5,0.5,0.5,1.0,0.0,0.0,0.5,0.0,0.5,0.5,0.0,0.0,0.0,0.0,0.0,0.0,0.5,0.0,1.0,0.5,0.0,0.5,0.0,0.5
State: w17, Alice: ['zero', 'e1'], Bob: ['u', 'e1'], Long Bob: e1, Transform: f7;0.0,0.0,0.5,0.0,0.0,0.0,0.0,0.5,1.0,0.5,0.5,0.5,0.0,0.5,0.0,0.0,0.0,0.0,0.0,0.5,0.0,0.0,0.5,0.0,0.5,0.5,0.5,0.0,0.5,0.5,0.0,0.5
State: w17, Alice: ['zero', 'e1'], Bob: ['e1', 'u'], Long Bob: e1, Transform: f7;0.0,0.0,0.0,0.5,0.0,0.0,0.5,0.0,0.5,1.0,0.5,0.5,0.5,0.0,0.0,0.0,0.0,0.0,0.0,0.5,0.0,0.0,0.5,0.0,0.5,0.5,0.5,0.0,0.5,0.5,0.0,0.5
State: w17, Alice: ['e1', 'zero'], Bob: ['u', 'e1'], Long Bob: e1, Transform: f7;0.5,0.0,0.0,0.0,0.0,0.5,0.0,0.0,0.5,0.5,1.0,0.5,0.0,0.0,0.0,0.5,0.0,0.5,0.0,0.0,0.5,0.0,0.0,0.0,0.5,0.0,0.5,0.5,0.0,0.5,0.5,0.5
State: w17, Alice: ['e1', 'zero'], Bob: ['e1', 'u'], Long Bob: e1, Transform: f7;0.0,0.5,0.0,0.0,0.5,0.0,0.0,0.0,0.5,0.5,0.5,1.0,0.0,0.0,0.5,0.0,0.0,0.5,0.0,0.0,0.5,0.0,0.0,0.0,0.5,0.0,0.5,0.5,0.0,0.5,0.5,0.5
State: w17, Alice: ['zero', 'e1'], Bob: ['u', 'e1'], Long Bob: e1, Transform: f8;0.0,0.0,0.5,0.0,0.0,0.0,0.0,0.5,1.0,0.5,0.5,0.5,0.0,0.5,0.0,0.0,0.0,0.0,0.0,0.0,0.0,0.0,0.5,0.5,0.5,0.0,0.5,0.0,0.5,1.0,0.0,0.5
State: w17, Alice: ['zero', 'e1'], Bob: ['e1', 'u'], Long Bob: e1, Transform: f8;0.0,0.0,0.0,0.5,0.0,0.0,0.5,0.0,0.5,1.0,0.5,0.5,0.5,0.0,0.0,0.0,0.0,0.0,0.0,0.0,0.0,0.0,0.5,0.5,0.5,0.0,0.5,0.0,0.5,1.0,0.0,0.5
State: w17, Alice: ['e1', 'zero'], Bob: ['u', 'e1'], Long Bob: e1, Transform: f8;0.5,0.0,0.0,0.0,0.0,0.5,0.0,0.0,0.5,0.5,1.0,0.5,0.0,0.0,0.0,0.5,0.0,0.0,0.0,0.0,0.5,0.5,0.0,0.0,0.5,0.0,0.5,0.0,0.0,0.5,0.5,1.0
State: w17, Alice: ['e1', 'zero'], Bob: ['e1', 'u'], Long Bob: e1, Transform: f8;0.0,0.5,0.0,0.0,0.5,0.0,0.0,0.0,0.5,0.5,0.5,1.0,0.0,0.0,0.5,0.0,0.0,0.0,0.0,0.0,0.5,0.5,0.0,0.0,0.5,0.0,0.5,0.0,0.0,0.5,0.5,1.0
State: w17, Alice: ['zero', 'e1'], Bob: ['u', 'e1'], Long Bob: e1, Transform: f9;0.0,0.0,0.5,0.0,0.0,0.0,0.0,0.5,1.0,0.5,0.5,0.5,0.0,0.5,0.0,0.0,0.0,0.0,0.5,0.5,0.0,0.0,0.0,0.0,0.5,1.0,0.0,0.5,0.5,0.0,0.5,0.0
State: w17, Alice: ['zero', 'e1'], Bob: ['e1', 'u'], Long Bob: e1, Transform: f9;0.0,0.0,0.0,0.5,0.0,0.0,0.5,0.0,0.5,1.0,0.5,0.5,0.5,0.0,0.0,0.0,0.0,0.0,0.5,0.5,0.0,0.0,0.0,0.0,0.5,1.0,0.0,0.5,0.5,0.0,0.5,0.0
State: w17, Alice: ['e1', 'zero'], Bob: ['u', 'e1'], Long Bob: e1, Transform: f9;0.5,0.0,0.0,0.0,0.0,0.5,0.0,0.0,0.5,0.5,1.0,0.5,0.0,0.0,0.0,0.5,0.5,0.5,0.0,0.0,0.0,0.0,0.0,0.0,0.0,0.5,0.5,1.0,0.5,0.0,0.5,0.0
State: w17, Alice: ['e1', 'zero'], Bob: ['e1', 'u'], Long Bob: e1, Transform: f9;0.0,0.5,0.0,0.0,0.5,0.0,0.0,0.0,0.5,0.5,0.5,1.0,0.0,0.0,0.5,0.0,0.5,0.5,0.0,0.0,0.0,0.0,0.0,0.0,0.0,0.5,0.5,1.0,0.5,0.0,0.5,0.0
State: w17, Alice: ['zero', 'e1'], Bob: ['u', 'e1'], Long Bob: e1, Transform: f10;0.0,0.0,0.5,0.0,0.0,0.0,0.0,0.5,1.0,0.5,0.5,0.5,0.0,0.5,0.0,0.0,0.0,0.0,0.5,0.0,0.0,0.0,0.0,0.5,0.5,0.5,0.0,0.5,0.5,0.5,0.5,0.0
State: w17, Alice: ['zero', 'e1'], Bob: ['e1', 'u'], Long Bob: e1, Transform: f10;0.0,0.0,0.0,0.5,0.0,0.0,0.5,0.0,0.5,1.0,0.5,0.5,0.5,0.0,0.0,0.0,0.0,0.0,0.5,0.0,0.0,0.0,0.0,0.5,0.5,0.5,0.0,0.5,0.5,0.5,0.5,0.0
State: w17, Alice: ['e1', 'zero'], Bob: ['u', 'e1'], Long Bob: e1, Transform: f10;0.5,0.0,0.0,0.0,0.0,0.5,0.0,0.0,0.5,0.5,1.0,0.5,0.0,0.0,0.0,0.5,0.5,0.0,0.0,0.0,0.0,0.5,0.0,0.0,0.0,0.5,0.5,0.5,0.5,0.0,0.5,0.5
State: w17, Alice: ['e1', 'zero'], Bob: ['e1', 'u'], Long Bob: e1, Transform: f10;0.0,0.5,0.0,0.0,0.5,0.0,0.0,0.0,0.5,0.5,0.5,1.0,0.0,0.0,0.5,0.0,0.5,0.0,0.0,0.0,0.0,0.5,0.0,0.0,0.0,0.5,0.5,0.5,0.5,0.0,0.5,0.5
State: w17, Alice: ['zero', 'e1'], Bob: ['u', 'e1'], Long Bob: e1, Transform: f12;0.0,0.0,0.5,0.0,0.0,0.0,0.0,0.5,1.0,0.5,0.5,0.5,0.0,0.5,0.0,0.0,0.0,0.0,0.0,0.0,0.0,0.0,0.5,0.5,0.0,0.5,0.0,0.5,1.0,0.5,0.5,0.0
State: w17, Alice: ['zero', 'e1'], Bob: ['e1', 'u'], Long Bob: e1, Transform: f12;0.0,0.0,0.0,0.5,0.0,0.0,0.5,0.0,0.5,1.0,0.5,0.5,0.5,0.0,0.0,0.0,0.0,0.0,0.0,0.0,0.0,0.0,0.5,0.5,0.0,0.5,0.0,0.5,1.0,0.5,0.5,0.0
State: w17, Alice: ['e1', 'zero'], Bob: ['u', 'e1'], Long Bob: e1, Transform: f12;0.5,0.0,0.0,0.0,0.0,0.5,0.0,0.0,0.5,0.5,1.0,0.5,0.0,0.0,0.0,0.5,0.0,0.0,0.0,0.0,0.5,0.5,0.0,0.0,0.0,0.5,0.0,0.5,0.5,0.0,1.0,0.5
State: w17, Alice: ['e1', 'zero'], Bob: ['e1', 'u'], Long Bob: e1, Transform: f12;0.0,0.5,0.0,0.0,0.5,0.0,0.0,0.0,0.5,0.5,0.5,1.0,0.0,0.0,0.5,0.0,0.0,0.0,0.0,0.0,0.5,0.5,0.0,0.0,0.0,0.5,0.0,0.5,0.5,0.0,1.0,0.5
State: w17, Alice: ['zero', 'e1'], Bob: ['u', 'e1'], Long Bob: e1, Transform: f13;0.0,0.0,0.5,0.0,0.0,0.0,0.0,0.5,1.0,0.5,0.5,0.5,0.0,0.5,0.0,0.0,0.0,0.0,0.5,0.5,0.0,0.0,0.0,0.0,0.5,0.5,0.0,0.0,0.5,0.5,0.5,0.5
State: w17, Alice: ['zero', 'e1'], Bob: ['e1', 'u'], Long Bob: e1, Transform: f13;0.0,0.0,0.0,0.5,0.0,0.0,0.5,0.0,0.5,1.0,0.5,0.5,0.5,0.0,0.0,0.0,0.0,0.0,0.5,0.5,0.0,0.0,0.0,0.0,0.5,0.5,0.0,0.0,0.5,0.5,0.5,0.5
State: w17, Alice: ['e1', 'zero'], Bob: ['u', 'e1'], Long Bob: e1, Transform: f13;0.5,0.0,0.0,0.0,0.0,0.5,0.0,0.0,0.5,0.5,1.0,0.5,0.0,0.0,0.0,0.5,0.5,0.5,0.0,0.0,0.0,0.0,0.0,0.0,0.0,0.0,0.5,0.5,0.5,0.5,0.5,0.5
State: w17, Alice: ['e1', 'zero'], Bob: ['e1', 'u'], Long Bob: e1, Transform: f13;0.0,0.5,0.0,0.0,0.5,0.0,0.0,0.0,0.5,0.5,0.5,1.0,0.0,0.0,0.5,0.0,0.5,0.5,0.0,0.0,0.0,0.0,0.0,0.0,0.0,0.0,0.5,0.5,0.5,0.5,0.5,0.5
State: w17, Alice: ['zero', 'e1'], Bob: ['u', 'e1'], Long Bob: e1, Transform: f14;0.0,0.0,0.5,0.0,0.0,0.0,0.0,0.5,1.0,0.5,0.5,0.5,0.0,0.5,0.0,0.0,0.0,0.0,0.5,0.0,0.0,0.0,0.0,0.5,0.5,0.0,0.0,0.0,0.5,1.0,0.5,0.5
State: w17, Alice: ['zero', 'e1'], Bob: ['e1', 'u'], Long Bob: e1, Transform: f14;0.0,0.0,0.0,0.5,0.0,0.0,0.5,0.0,0.5,1.0,0.5,0.5,0.5,0.0,0.0,0.0,0.0,0.0,0.5,0.0,0.0,0.0,0.0,0.5,0.5,0.0,0.0,0.0,0.5,1.0,0.5,0.5
State: w17, Alice: ['e1', 'zero'], Bob: ['u', 'e1'], Long Bob: e1, Transform: f14;0.5,0.0,0.0,0.0,0.0,0.5,0.0,0.0,0.5,0.5,1.0,0.5,0.0,0.0,0.0,0.5,0.5,0.0,0.0,0.0,0.0,0.5,0.0,0.0,0.0,0.0,0.5,0.0,0.5,0.5,0.5,1.0
State: w17, Alice: ['e1', 'zero'], Bob: ['e1', 'u'], Long Bob: e1, Transform: f14;0.0,0.5,0.0,0.0,0.5,0.0,0.0,0.0,0.5,0.5,0.5,1.0,0.0,0.0,0.5,0.0,0.5,0.0,0.0,0.0,0.0,0.5,0.0,0.0,0.0,0.0,0.5,0.0,0.5,0.5,0.5,1.0
State: w17, Alice: ['zero', 'e1'], Bob: ['u', 'e1'], Long Bob: e1, Transform: f15;0.0,0.0,0.5,0.0,0.0,0.0,0.0,0.5,1.0,0.5,0.5,0.5,0.0,0.5,0.0,0.0,0.0,0.0,0.0,0.5,0.0,0.0,0.5,0.0,0.0,0.5,0.0,0.0,1.0,0.5,0.5,0.5
State: w17, Alice: ['zero', 'e1'], Bob: ['e1', 'u'], Long Bob: e1, Transform: f15;0.0,0.0,0.0,0.5,0.0,0.0,0.5,0.0,0.5,1.0,0.5,0.5,0.5,0.0,0.0,0.0,0.0,0.0,0.0,0.5,0.0,0.0,0.5,0.0,0.0,0.5,0.0,0.0,1.0,0.5,0.5,0.5
State: w17, Alice: ['e1', 'zero'], Bob: ['u', 'e1'], Long Bob: e1, Transform: f15;0.5,0.0,0.0,0.0,0.0,0.5,0.0,0.0,0.5,0.5,1.0,0.5,0.0,0.0,0.0,0.5,0.0,0.5,0.0,0.0,0.5,0.0,0.0,0.0,0.0,0.0,0.0,0.5,0.5,0.5,1.0,0.5
State: w17, Alice: ['e1', 'zero'], Bob: ['e1', 'u'], Long Bob: e1, Transform: f15;0.0,0.5,0.0,0.0,0.5,0.0,0.0,0.0,0.5,0.5,0.5,1.0,0.0,0.0,0.5,0.0,0.0,0.5,0.0,0.0,0.5,0.0,0.0,0.0,0.0,0.0,0.0,0.5,0.5,0.5,1.0,0.5
State: w17, Alice: ['zero', 'e1'], Bob: ['u', 'e2'], Long Bob: u, Transform: f1;0.0,0.0,0.5,0.5,0.0,0.0,0.0,0.0,1.0,0.5,0.5,0.0,0.0,0.5,0.0,0.5,0.0,0.0,0.5,0.5,0.0,0.0,0.0,0.0,1.0,1.0,0.5,0.5,0.0,0.0,0.0,0.0
State: w17, Alice: ['zero', 'e1'], Bob: ['e2', 'u'], Long Bob: u, Transform: f1;0.0,0.0,0.5,0.5,0.0,0.0,0.0,0.0,0.5,1.0,0.0,0.5,0.5,0.0,0.5,0.0,0.0,0.0,0.5,0.5,0.0,0.0,0.0,0.0,1.0,1.0,0.5,0.5,0.0,0.0,0.0,0.0
State: w17, Alice: ['e1', 'zero'], Bob: ['u', 'e2'], Long Bob: u, Transform: f1;0.5,0.5,0.0,0.0,0.0,0.0,0.0,0.0,0.5,0.0,1.0,0.5,0.0,0.5,0.0,0.5,0.5,0.5,0.0,0.0,0.0,0.0,0.0,0.0,0.5,0.5,1.0,1.0,0.0,0.0,0.0,0.0
State: w17, Alice: ['e1', 'zero'], Bob: ['e2', 'u'], Long Bob: u, Transform: f1;0.5,0.5,0.0,0.0,0.0,0.0,0.0,0.0,0.0,0.5,0.5,1.0,0.5,0.0,0.5,0.0,0.5,0.5,0.0,0.0,0.0,0.0,0.0,0.0,0.5,0.5,1.0,1.0,0.0,0.0,0.0,0.0
State: w17, Alice: ['zero', 'e1'], Bob: ['u', 'e2'], Long Bob: u, Transform: f5;0.0,0.0,0.5,0.5,0.0,0.0,0.0,0.0,1.0,0.5,0.5,0.0,0.0,0.5,0.0,0.5,0.0,0.0,0.5,0.0,0.0,0.0,0.0,0.5,1.0,0.0,0.5,0.0,0.0,1.0,0.0,0.5
State: w17, Alice: ['zero', 'e1'], Bob: ['e2', 'u'], Long Bob: u, Transform: f5;0.0,0.0,0.5,0.5,0.0,0.0,0.0,0.0,0.5,1.0,0.0,0.5,0.5,0.0,0.5,0.0,0.0,0.0,0.5,0.0,0.0,0.0,0.0,0.5,1.0,0.0,0.5,0.0,0.0,1.0,0.0,0.5
State: w17, Alice: ['e1', 'zero'], Bob: ['u', 'e2'], Long Bob: u, Transform: f5;0.5,0.5,0.0,0.0,0.0,0.0,0.0,0.0,0.5,0.0,1.0,0.5,0.0,0.5,0.0,0.5,0.5,0.0,0.0,0.0,0.0,0.5,0.0,0.0,0.5,0.0,1.0,0.0,0.0,0.5,0.0,1.0
State: w17, Alice: ['e1', 'zero'], Bob: ['e2', 'u'], Long Bob: u, Transform: f5;0.5,0.5,0.0,0.0,0.0,0.0,0.0,0.0,0.0,0.5,0.5,1.0,0.5,0.0,0.5,0.0,0.5,0.0,0.0,0.0,0.0,0.5,0.0,0.0,0.5,0.0,1.0,0.0,0.0,0.5,0.0,1.0
State: w17, Alice: ['zero', 'e1'], Bob: ['u', 'e2'], Long Bob: u, Transform: f9;0.0,0.0,0.5,0.5,0.0,0.0,0.0,0.0,1.0,0.5,0.5,0.0,0.0,0.5,0.0,0.5,0.0,0.0,0.0,0.5,0.0,0.0,0.5,0.0,0.0,1.0,0.0,0.5,1.0,0.0,0.5,0.0
State: w17, Alice: ['zero', 'e1'], Bob: ['e2', 'u'], Long Bob: u, Transform: f9;0.0,0.0,0.5,0.5,0.0,0.0,0.0,0.0,0.5,1.0,0.0,0.5,0.5,0.0,0.5,0.0,0.0,0.0,0.0,0.5,0.0,0.0,0.5,0.0,0.0,1.0,0.0,0.5,1.0,0.0,0.5,0.0
State: w17, Alice: ['e1', 'zero'], Bob: ['u', 'e2'], Long Bob: u, Transform: f9;0.5,0.5,0.0,0.0,0.0,0.0,0.0,0.0,0.5,0.0,1.0,0.5,0.0,0.5,0.0,0.5,0.0,0.5,0.0,0.0,0.5,0.0,0.0,0.0,0.0,0.5,0.0,1.0,0.5,0.0,1.0,0.0
State: w17, Alice: ['e1', 'zero'], Bob: ['e2', 'u'], Long Bob: u, Transform: f9;0.5,0.5,0.0,0.0,0.0,0.0,0.0,0.0,0.0,0.5,0.5,1.0,0.5,0.0,0.5,0.0,0.0,0.5,0.0,0.0,0.5,0.0,0.0,0.0,0.0,0.5,0.0,1.0,0.5,0.0,1.0,0.0
State: w17, Alice: ['zero', 'e1'], Bob: ['u', 'e2'], Long Bob: u, Transform: f13;0.0,0.0,0.5,0.5,0.0,0.0,0.0,0.0,1.0,0.5,0.5,0.0,0.0,0.5,0.0,0.5,0.0,0.0,0.0,0.0,0.0,0.0,0.5,0.5,0.0,0.0,0.0,0.0,1.0,1.0,0.5,0.5
State: w17, Alice: ['zero', 'e1'], Bob: ['e2', 'u'], Long Bob: u, Transform: f13;0.0,0.0,0.5,0.5,0.0,0.0,0.0,0.0,0.5,1.0,0.0,0.5,0.5,0.0,0.5,0.0,0.0,0.0,0.0,0.0,0.0,0.0,0.5,0.5,0.0,0.0,0.0,0.0,1.0,1.0,0.5,0.5
State: w17, Alice: ['e1', 'zero'], Bob: ['u', 'e2'], Long Bob: u, Transform: f13;0.5,0.5,0.0,0.0,0.0,0.0,0.0,0.0,0.5,0.0,1.0,0.5,0.0,0.5,0.0,0.5,0.0,0.0,0.0,0.0,0.5,0.5,0.0,0.0,0.0,0.0,0.0,0.0,0.5,0.5,1.0,1.0
State: w17, Alice: ['e1', 'zero'], Bob: ['e2', 'u'], Long Bob: u, Transform: f13;0.5,0.5,0.0,0.0,0.0,0.0,0.0,0.0,0.0,0.5,0.5,1.0,0.5,0.0,0.5,0.0,0.0,0.0,0.0,0.0,0.5,0.5,0.0,0.0,0.0,0.0,0.0,0.0,0.5,0.5,1.0,1.0
State: w17, Alice: ['zero', 'e1'], Bob: ['u', 'e2'], Long Bob: e1, Transform: f2;0.0,0.0,0.5,0.5,0.0,0.0,0.0,0.0,1.0,0.5,0.5,0.0,0.0,0.5,0.0,0.5,0.0,0.0,0.5,0.0,0.0,0.0,0.0,0.5,1.0,0.5,0.5,0.5,0.0,0.5,0.0,0.0
State: w17, Alice: ['zero', 'e1'], Bob: ['e2', 'u'], Long Bob: e1, Transform: f2;0.0,0.0,0.5,0.5,0.0,0.0,0.0,0.0,0.5,1.0,0.0,0.5,0.5,0.0,0.5,0.0,0.0,0.0,0.5,0.0,0.0,0.0,0.0,0.5,1.0,0.5,0.5,0.5,0.0,0.5,0.0,0.0
State: w17, Alice: ['e1', 'zero'], Bob: ['u', 'e2'], Long Bob: e1, Transform: f2;0.5,0.5,0.0,0.0,0.0,0.0,0.0,0.0,0.5,0.0,1.0,0.5,0.0,0.5,0.0,0.5,0.5,0.0,0.0,0.0,0.0,0.5,0.0,0.0,0.5,0.5,1.0,0.5,0.0,0.0,0.0,0.5
State: w17, Alice: ['e1', 'zero'], Bob: ['e2', 'u'], Long Bob: e1, Transform: f2;0.5,0.5,0.0,0.0,0.0,0.0,0.0,0.0,0.0,0.5,0.5,1.0,0.5,0.0,0.5,0.0,0.5,0.0,0.0,0.0,0.0,0.5,0.0,0.0,0.5,0.5,1.0,0.5,0.0,0.0,0.0,0.5
State: w17, Alice: ['zero', 'e1'], Bob: ['u', 'e2'], Long Bob: e1, Transform: f3;0.0,0.0,0.5,0.5,0.0,0.0,0.0,0.0,1.0,0.5,0.5,0.0,0.0,0.5,0.0,0.5,0.0,0.0,0.0,0.5,0.0,0.0,0.5,0.0,0.5,1.0,0.5,0.5,0.5,0.0,0.0,0.0
State: w17, Alice: ['zero', 'e1'], Bob: ['e2', 'u'], Long Bob: e1, Transform: f3;0.0,0.0,0.5,0.5,0.0,0.0,0.0,0.0,0.5,1.0,0.0,0.5,0.5,0.0,0.5,0.0,0.0,0.0,0.0,0.5,0.0,0.0,0.5,0.0,0.5,1.0,0.5,0.5,0.5,0.0,0.0,0.0
State: w17, Alice: ['e1', 'zero'], Bob: ['u', 'e2'], Long Bob: e1, Transform: f3;0.5,0.5,0.0,0.0,0.0,0.0,0.0,0.0,0.5,0.0,1.0,0.5,0.0,0.5,0.0,0.5,0.0,0.5,0.0,0.0,0.5,0.0,0.0,0.0,0.5,0.5,0.5,1.0,0.0,0.0,0.5,0.0
State: w17, Alice: ['e1', 'zero'], Bob: ['e2', 'u'], Long Bob: e1, Transform: f3;0.5,0.5,0.0,0.0,0.0,0.0,0.0,0.0,0.0,0.5,0.5,1.0,0.5,0.0,0.5,0.0,0.0,0.5,0.0,0.0,0.5,0.0,0.0,0.0,0.5,0.5,0.5,1.0,0.0,0.0,0.5,0.0
State: w17, Alice: ['zero', 'e1'], Bob: ['u', 'e2'], Long Bob: e1, Transform: f4;0.0,0.0,0.5,0.5,0.0,0.0,0.0,0.0,1.0,0.5,0.5,0.0,0.0,0.5,0.0,0.5,0.0,0.0,0.0,0.0,0.0,0.0,0.5,0.5,0.5,0.5,0.5,0.5,0.5,0.5,0.0,0.0
State: w17, Alice: ['zero', 'e1'], Bob: ['e2', 'u'], Long Bob: e1, Transform: f4;0.0,0.0,0.5,0.5,0.0,0.0,0.0,0.0,0.5,1.0,0.0,0.5,0.5,0.0,0.5,0.0,0.0,0.0,0.0,0.0,0.0,0.0,0.5,0.5,0.5,0.5,0.5,0.5,0.5,0.5,0.0,0.0
State: w17, Alice: ['e1', 'zero'], Bob: ['u', 'e2'], Long Bob: e1, Transform: f4;0.5,0.5,0.0,0.0,0.0,0.0,0.0,0.0,0.5,0.0,1.0,0.5,0.0,0.5,0.0,0.5,0.0,0.0,0.0,0.0,0.5,0.5,0.0,0.0,0.5,0.5,0.5,0.5,0.0,0.0,0.5,0.5
State: w17, Alice: ['e1', 'zero'], Bob: ['e2', 'u'], Long Bob: e1, Transform: f4;0.5,0.5,0.0,0.0,0.0,0.0,0.0,0.0,0.0,0.5,0.5,1.0,0.5,0.0,0.5,0.0,0.0,0.0,0.0,0.0,0.5,0.5,0.0,0.0,0.5,0.5,0.5,0.5,0.0,0.0,0.5,0.5
State: w17, Alice: ['zero', 'e1'], Bob: ['u', 'e2'], Long Bob: e1, Transform: f5;0.0,0.0,0.5,0.5,0.0,0.0,0.0,0.0,1.0,0.5,0.5,0.0,0.0,0.5,0.0,0.5,0.0,0.0,0.5,0.5,0.0,0.0,0.0,0.0,1.0,0.5,0.5,0.0,0.0,0.5,0.0,0.5
State: w17, Alice: ['zero', 'e1'], Bob: ['e2', 'u'], Long Bob: e1, Transform: f5;0.0,0.0,0.5,0.5,0.0,0.0,0.0,0.0,0.5,1.0,0.0,0.5,0.5,0.0,0.5,0.0,0.0,0.0,0.5,0.5,0.0,0.0,0.0,0.0,1.0,0.5,0.5,0.0,0.0,0.5,0.0,0.5
State: w17, Alice: ['e1', 'zero'], Bob: ['u', 'e2'], Long Bob: e1, Transform: f5;0.5,0.5,0.0,0.0,0.0,0.0,0.0,0.0,0.5,0.0,1.0,0.5,0.0,0.5,0.0,0.5,0.5,0.5,0.0,0.0,0.0,0.0,0.0,0.0,0.5,0.0,1.0,0.5,0.0,0.5,0.0,0.5
State: w17, Alice: ['e1', 'zero'], Bob: ['e2', 'u'], Long Bob: e1, Transform: f5;0.5,0.5,0.0,0.0,0.0,0.0,0.0,0.0,0.0,0.5,0.5,1.0,0.5,0.0,0.5,0.0,0.5,0.5,0.0,0.0,0.0,0.0,0.0,0.0,0.5,0.0,1.0,0.5,0.0,0.5,0.0,0.5
State: w17, Alice: ['zero', 'e1'], Bob: ['u', 'e2'], Long Bob: e1, Transform: f7;0.0,0.0,0.5,0.5,0.0,0.0,0.0,0.0,1.0,0.5,0.5,0.0,0.0,0.5,0.0,0.5,0.0,0.0,0.0,0.5,0.0,0.0,0.5,0.0,0.5,0.5,0.5,0.0,0.5,0.5,0.0,0.5
State: w17, Alice: ['zero', 'e1'], Bob: ['e2', 'u'], Long Bob: e1, Transform: f7;0.0,0.0,0.5,0.5,0.0,0.0,0.0,0.0,0.5,1.0,0.0,0.5,0.5,0.0,0.5,0.0,0.0,0.0,0.0,0.5,0.0,0.0,0.5,0.0,0.5,0.5,0.5,0.0,0.5,0.5,0.0,0.5
State: w17, Alice: ['e1', 'zero'], Bob: ['u', 'e2'], Long Bob: e1, Transform: f7;0.5,0.5,0.0,0.0,0.0,0.0,0.0,0.0,0.5,0.0,1.0,0.5,0.0,0.5,0.0,0.5,0.0,0.5,0.0,0.0,0.5,0.0,0.0,0.0,0.5,0.0,0.5,0.5,0.0,0.5,0.5,0.5
State: w17, Alice: ['e1', 'zero'], Bob: ['e2', 'u'], Long Bob: e1, Transform: f7;0.5,0.5,0.0,0.0,0.0,0.0,0.0,0.0,0.0,0.5,0.5,1.0,0.5,0.0,0.5,0.0,0.0,0.5,0.0,0.0,0.5,0.0,0.0,0.0,0.5,0.0,0.5,0.5,0.0,0.5,0.5,0.5
State: w17, Alice: ['zero', 'e1'], Bob: ['u', 'e2'], Long Bob: e1, Transform: f8;0.0,0.0,0.5,0.5,0.0,0.0,0.0,0.0,1.0,0.5,0.5,0.0,0.0,0.5,0.0,0.5,0.0,0.0,0.0,0.0,0.0,0.0,0.5,0.5,0.5,0.0,0.5,0.0,0.5,1.0,0.0,0.5
State: w17, Alice: ['zero', 'e1'], Bob: ['e2', 'u'], Long Bob: e1, Transform: f8;0.0,0.0,0.5,0.5,0.0,0.0,0.0,0.0,0.5,1.0,0.0,0.5,0.5,0.0,0.5,0.0,0.0,0.0,0.0,0.0,0.0,0.0,0.5,0.5,0.5,0.0,0.5,0.0,0.5,1.0,0.0,0.5
State: w17, Alice: ['e1', 'zero'], Bob: ['u', 'e2'], Long Bob: e1, Transform: f8;0.5,0.5,0.0,0.0,0.0,0.0,0.0,0.0,0.5,0.0,1.0,0.5,0.0,0.5,0.0,0.5,0.0,0.0,0.0,0.0,0.5,0.5,0.0,0.0,0.5,0.0,0.5,0.0,0.0,0.5,0.5,1.0
State: w17, Alice: ['e1', 'zero'], Bob: ['e2', 'u'], Long Bob: e1, Transform: f8;0.5,0.5,0.0,0.0,0.0,0.0,0.0,0.0,0.0,0.5,0.5,1.0,0.5,0.0,0.5,0.0,0.0,0.0,0.0,0.0,0.5,0.5,0.0,0.0,0.5,0.0,0.5,0.0,0.0,0.5,0.5,1.0
State: w17, Alice: ['zero', 'e1'], Bob: ['u', 'e2'], Long Bob: e1, Transform: f9;0.0,0.0,0.5,0.5,0.0,0.0,0.0,0.0,1.0,0.5,0.5,0.0,0.0,0.5,0.0,0.5,0.0,0.0,0.5,0.5,0.0,0.0,0.0,0.0,0.5,1.0,0.0,0.5,0.5,0.0,0.5,0.0
State: w17, Alice: ['zero', 'e1'], Bob: ['e2', 'u'], Long Bob: e1, Transform: f9;0.0,0.0,0.5,0.5,0.0,0.0,0.0,0.0,0.5,1.0,0.0,0.5,0.5,0.0,0.5,0.0,0.0,0.0,0.5,0.5,0.0,0.0,0.0,0.0,0.5,1.0,0.0,0.5,0.5,0.0,0.5,0.0
State: w17, Alice: ['e1', 'zero'], Bob: ['u', 'e2'], Long Bob: e1, Transform: f9;0.5,0.5,0.0,0.0,0.0,0.0,0.0,0.0,0.5,0.0,1.0,0.5,0.0,0.5,0.0,0.5,0.5,0.5,0.0,0.0,0.0,0.0,0.0,0.0,0.0,0.5,0.5,1.0,0.5,0.0,0.5,0.0
State: w17, Alice: ['e1', 'zero'], Bob: ['e2', 'u'], Long Bob: e1, Transform: f9;0.5,0.5,0.0,0.0,0.0,0.0,0.0,0.0,0.0,0.5,0.5,1.0,0.5,0.0,0.5,0.0,0.5,0.5,0.0,0.0,0.0,0.0,0.0,0.0,0.0,0.5,0.5,1.0,0.5,0.0,0.5,0.0
State: w17, Alice: ['zero', 'e1'], Bob: ['u', 'e2'], Long Bob: e1, Transform: f10;0.0,0.0,0.5,0.5,0.0,0.0,0.0,0.0,1.0,0.5,0.5,0.0,0.0,0.5,0.0,0.5,0.0,0.0,0.5,0.0,0.0,0.0,0.0,0.5,0.5,0.5,0.0,0.5,0.5,0.5,0.5,0.0
State: w17, Alice: ['zero', 'e1'], Bob: ['e2', 'u'], Long Bob: e1, Transform: f10;0.0,0.0,0.5,0.5,0.0,0.0,0.0,0.0,0.5,1.0,0.0,0.5,0.5,0.0,0.5,0.0,0.0,0.0,0.5,0.0,0.0,0.0,0.0,0.5,0.5,0.5,0.0,0.5,0.5,0.5,0.5,0.0
State: w17, Alice: ['e1', 'zero'], Bob: ['u', 'e2'], Long Bob: e1, Transform: f10;0.5,0.5,0.0,0.0,0.0,0.0,0.0,0.0,0.5,0.0,1.0,0.5,0.0,0.5,0.0,0.5,0.5,0.0,0.0,0.0,0.0,0.5,0.0,0.0,0.0,0.5,0.5,0.5,0.5,0.0,0.5,0.5
State: w17, Alice: ['e1', 'zero'], Bob: ['e2', 'u'], Long Bob: e1, Transform: f10;0.5,0.5,0.0,0.0,0.0,0.0,0.0,0.0,0.0,0.5,0.5,1.0,0.5,0.0,0.5,0.0,0.5,0.0,0.0,0.0,0.0,0.5,0.0,0.0,0.0,0.5,0.5,0.5,0.5,0.0,0.5,0.5
State: w17, Alice: ['zero', 'e1'], Bob: ['u', 'e2'], Long Bob: e1, Transform: f12;0.0,0.0,0.5,0.5,0.0,0.0,0.0,0.0,1.0,0.5,0.5,0.0,0.0,0.5,0.0,0.5,0.0,0.0,0.0,0.0,0.0,0.0,0.5,0.5,0.0,0.5,0.0,0.5,1.0,0.5,0.5,0.0
State: w17, Alice: ['zero', 'e1'], Bob: ['e2', 'u'], Long Bob: e1, Transform: f12;0.0,0.0,0.5,0.5,0.0,0.0,0.0,0.0,0.5,1.0,0.0,0.5,0.5,0.0,0.5,0.0,0.0,0.0,0.0,0.0,0.0,0.0,0.5,0.5,0.0,0.5,0.0,0.5,1.0,0.5,0.5,0.0
State: w17, Alice: ['e1', 'zero'], Bob: ['u', 'e2'], Long Bob: e1, Transform: f12;0.5,0.5,0.0,0.0,0.0,0.0,0.0,0.0,0.5,0.0,1.0,0.5,0.0,0.5,0.0,0.5,0.0,0.0,0.0,0.0,0.5,0.5,0.0,0.0,0.0,0.5,0.0,0.5,0.5,0.0,1.0,0.5
State: w17, Alice: ['e1', 'zero'], Bob: ['e2', 'u'], Long Bob: e1, Transform: f12;0.5,0.5,0.0,0.0,0.0,0.0,0.0,0.0,0.0,0.5,0.5,1.0,0.5,0.0,0.5,0.0,0.0,0.0,0.0,0.0,0.5,0.5,0.0,0.0,0.0,0.5,0.0,0.5,0.5,0.0,1.0,0.5
State: w17, Alice: ['zero', 'e1'], Bob: ['u', 'e2'], Long Bob: e1, Transform: f13;0.0,0.0,0.5,0.5,0.0,0.0,0.0,0.0,1.0,0.5,0.5,0.0,0.0,0.5,0.0,0.5,0.0,0.0,0.5,0.5,0.0,0.0,0.0,0.0,0.5,0.5,0.0,0.0,0.5,0.5,0.5,0.5
State: w17, Alice: ['zero', 'e1'], Bob: ['e2', 'u'], Long Bob: e1, Transform: f13;0.0,0.0,0.5,0.5,0.0,0.0,0.0,0.0,0.5,1.0,0.0,0.5,0.5,0.0,0.5,0.0,0.0,0.0,0.5,0.5,0.0,0.0,0.0,0.0,0.5,0.5,0.0,0.0,0.5,0.5,0.5,0.5
State: w17, Alice: ['e1', 'zero'], Bob: ['u', 'e2'], Long Bob: e1, Transform: f13;0.5,0.5,0.0,0.0,0.0,0.0,0.0,0.0,0.5,0.0,1.0,0.5,0.0,0.5,0.0,0.5,0.5,0.5,0.0,0.0,0.0,0.0,0.0,0.0,0.0,0.0,0.5,0.5,0.5,0.5,0.5,0.5
State: w17, Alice: ['e1', 'zero'], Bob: ['e2', 'u'], Long Bob: e1, Transform: f13;0.5,0.5,0.0,0.0,0.0,0.0,0.0,0.0,0.0,0.5,0.5,1.0,0.5,0.0,0.5,0.0,0.5,0.5,0.0,0.0,0.0,0.0,0.0,0.0,0.0,0.0,0.5,0.5,0.5,0.5,0.5,0.5
State: w17, Alice: ['zero', 'e1'], Bob: ['u', 'e2'], Long Bob: e1, Transform: f14;0.0,0.0,0.5,0.5,0.0,0.0,0.0,0.0,1.0,0.5,0.5,0.0,0.0,0.5,0.0,0.5,0.0,0.0,0.5,0.0,0.0,0.0,0.0,0.5,0.5,0.0,0.0,0.0,0.5,1.0,0.5,0.5
State: w17, Alice: ['zero', 'e1'], Bob: ['e2', 'u'], Long Bob: e1, Transform: f14;0.0,0.0,0.5,0.5,0.0,0.0,0.0,0.0,0.5,1.0,0.0,0.5,0.5,0.0,0.5,0.0,0.0,0.0,0.5,0.0,0.0,0.0,0.0,0.5,0.5,0.0,0.0,0.0,0.5,1.0,0.5,0.5
State: w17, Alice: ['e1', 'zero'], Bob: ['u', 'e2'], Long Bob: e1, Transform: f14;0.5,0.5,0.0,0.0,0.0,0.0,0.0,0.0,0.5,0.0,1.0,0.5,0.0,0.5,0.0,0.5,0.5,0.0,0.0,0.0,0.0,0.5,0.0,0.0,0.0,0.0,0.5,0.0,0.5,0.5,0.5,1.0
State: w17, Alice: ['e1', 'zero'], Bob: ['e2', 'u'], Long Bob: e1, Transform: f14;0.5,0.5,0.0,0.0,0.0,0.0,0.0,0.0,0.0,0.5,0.5,1.0,0.5,0.0,0.5,0.0,0.5,0.0,0.0,0.0,0.0,0.5,0.0,0.0,0.0,0.0,0.5,0.0,0.5,0.5,0.5,1.0
State: w17, Alice: ['zero', 'e1'], Bob: ['u', 'e2'], Long Bob: e1, Transform: f15;0.0,0.0,0.5,0.5,0.0,0.0,0.0,0.0,1.0,0.5,0.5,0.0,0.0,0.5,0.0,0.5,0.0,0.0,0.0,0.5,0.0,0.0,0.5,0.0,0.0,0.5,0.0,0.0,1.0,0.5,0.5,0.5
State: w17, Alice: ['zero', 'e1'], Bob: ['e2', 'u'], Long Bob: e1, Transform: f15;0.0,0.0,0.5,0.5,0.0,0.0,0.0,0.0,0.5,1.0,0.0,0.5,0.5,0.0,0.5,0.0,0.0,0.0,0.0,0.5,0.0,0.0,0.5,0.0,0.0,0.5,0.0,0.0,1.0,0.5,0.5,0.5
State: w17, Alice: ['e1', 'zero'], Bob: ['u', 'e2'], Long Bob: e1, Transform: f15;0.5,0.5,0.0,0.0,0.0,0.0,0.0,0.0,0.5,0.0,1.0,0.5,0.0,0.5,0.0,0.5,0.0,0.5,0.0,0.0,0.5,0.0,0.0,0.0,0.0,0.0,0.0,0.5,0.5,0.5,1.0,0.5
State: w17, Alice: ['e1', 'zero'], Bob: ['e2', 'u'], Long Bob: e1, Transform: f15;0.5,0.5,0.0,0.0,0.0,0.0,0.0,0.0,0.0,0.5,0.5,1.0,0.5,0.0,0.5,0.0,0.0,0.5,0.0,0.0,0.5,0.0,0.0,0.0,0.0,0.0,0.0,0.5,0.5,0.5,1.0,0.5
State: w17, Alice: ['zero', 'e1'], Bob: ['zero', 'zero'], Long Bob: u, Transform: f1;0.0,0.0,0.0,0.0,0.0,0.0,0.5,0.5,0.0,0.0,0.0,0.0,1.0,1.0,0.5,0.5,0.0,0.0,0.5,0.5,0.0,0.0,0.0,0.0,1.0,1.0,0.5,0.5,0.0,0.0,0.0,0.0
State: w17, Alice: ['e1', 'zero'], Bob: ['zero', 'zero'], Long Bob: u, Transform: f1;0.0,0.0,0.0,0.0,0.5,0.5,0.0,0.0,0.0,0.0,0.0,0.0,0.5,0.5,1.0,1.0,0.5,0.5,0.0,0.0,0.0,0.0,0.0,0.0,0.5,0.5,1.0,1.0,0.0,0.0,0.0,0.0
State: w17, Alice: ['zero', 'e1'], Bob: ['zero', 'zero'], Long Bob: u, Transform: f5;0.0,0.0,0.0,0.0,0.0,0.0,0.5,0.5,0.0,0.0,0.0,0.0,1.0,1.0,0.5,0.5,0.0,0.0,0.5,0.0,0.0,0.0,0.0,0.5,1.0,0.0,0.5,0.0,0.0,1.0,0.0,0.5
State: w17, Alice: ['e1', 'zero'], Bob: ['zero', 'zero'], Long Bob: u, Transform: f5;0.0,0.0,0.0,0.0,0.5,0.5,0.0,0.0,0.0,0.0,0.0,0.0,0.5,0.5,1.0,1.0,0.5,0.0,0.0,0.0,0.0,0.5,0.0,0.0,0.5,0.0,1.0,0.0,0.0,0.5,0.0,1.0
State: w17, Alice: ['zero', 'e1'], Bob: ['zero', 'zero'], Long Bob: u, Transform: f9;0.0,0.0,0.0,0.0,0.0,0.0,0.5,0.5,0.0,0.0,0.0,0.0,1.0,1.0,0.5,0.5,0.0,0.0,0.0,0.5,0.0,0.0,0.5,0.0,0.0,1.0,0.0,0.5,1.0,0.0,0.5,0.0
State: w17, Alice: ['e1', 'zero'], Bob: ['zero', 'zero'], Long Bob: u, Transform: f9;0.0,0.0,0.0,0.0,0.5,0.5,0.0,0.0,0.0,0.0,0.0,0.0,0.5,0.5,1.0,1.0,0.0,0.5,0.0,0.0,0.5,0.0,0.0,0.0,0.0,0.5,0.0,1.0,0.5,0.0,1.0,0.0
State: w17, Alice: ['zero', 'e1'], Bob: ['zero', 'zero'], Long Bob: u, Transform: f13;0.0,0.0,0.0,0.0,0.0,0.0,0.5,0.5,0.0,0.0,0.0,0.0,1.0,1.0,0.5,0.5,0.0,0.0,0.0,0.0,0.0,0.0,0.5,0.5,0.0,0.0,0.0,0.0,1.0,1.0,0.5,0.5
State: w17, Alice: ['e1', 'zero'], Bob: ['zero', 'zero'], Long Bob: u, Transform: f13;0.0,0.0,0.0,0.0,0.5,0.5,0.0,0.0,0.0,0.0,0.0,0.0,0.5,0.5,1.0,1.0,0.0,0.0,0.0,0.0,0.5,0.5,0.0,0.0,0.0,0.0,0.0,0.0,0.5,0.5,1.0,1.0
State: w17, Alice: ['zero', 'e1'], Bob: ['zero', 'zero'], Long Bob: e1, Transform: f2;0.0,0.0,0.0,0.0,0.0,0.0,0.5,0.5,0.0,0.0,0.0,0.0,1.0,1.0,0.5,0.5,0.0,0.0,0.5,0.0,0.0,0.0,0.0,0.5,1.0,0.5,0.5,0.5,0.0,0.5,0.0,0.0
State: w17, Alice: ['e1', 'zero'], Bob: ['zero', 'zero'], Long Bob: e1, Transform: f2;0.0,0.0,0.0,0.0,0.5,0.5,0.0,0.0,0.0,0.0,0.0,0.0,0.5,0.5,1.0,1.0,0.5,0.0,0.0,0.0,0.0,0.5,0.0,0.0,0.5,0.5,1.0,0.5,0.0,0.0,0.0,0.5
State: w17, Alice: ['zero', 'e1'], Bob: ['zero', 'zero'], Long Bob: e1, Transform: f3;0.0,0.0,0.0,0.0,0.0,0.0,0.5,0.5,0.0,0.0,0.0,0.0,1.0,1.0,0.5,0.5,0.0,0.0,0.0,0.5,0.0,0.0,0.5,0.0,0.5,1.0,0.5,0.5,0.5,0.0,0.0,0.0
State: w17, Alice: ['e1', 'zero'], Bob: ['zero', 'zero'], Long Bob: e1, Transform: f3;0.0,0.0,0.0,0.0,0.5,0.5,0.0,0.0,0.0,0.0,0.0,0.0,0.5,0.5,1.0,1.0,0.0,0.5,0.0,0.0,0.5,0.0,0.0,0.0,0.5,0.5,0.5,1.0,0.0,0.0,0.5,0.0
State: w17, Alice: ['zero', 'e1'], Bob: ['zero', 'zero'], Long Bob: e1, Transform: f4;0.0,0.0,0.0,0.0,0.0,0.0,0.5,0.5,0.0,0.0,0.0,0.0,1.0,1.0,0.5,0.5,0.0,0.0,0.0,0.0,0.0,0.0,0.5,0.5,0.5,0.5,0.5,0.5,0.5,0.5,0.0,0.0
State: w17, Alice: ['e1', 'zero'], Bob: ['zero', 'zero'], Long Bob: e1, Transform: f4;0.0,0.0,0.0,0.0,0.5,0.5,0.0,0.0,0.0,0.0,0.0,0.0,0.5,0.5,1.0,1.0,0.0,0.0,0.0,0.0,0.5,0.5,0.0,0.0,0.5,0.5,0.5,0.5,0.0,0.0,0.5,0.5
State: w17, Alice: ['zero', 'e1'], Bob: ['zero', 'zero'], Long Bob: e1, Transform: f5;0.0,0.0,0.0,0.0,0.0,0.0,0.5,0.5,0.0,0.0,0.0,0.0,1.0,1.0,0.5,0.5,0.0,0.0,0.5,0.5,0.0,0.0,0.0,0.0,1.0,0.5,0.5,0.0,0.0,0.5,0.0,0.5
State: w17, Alice: ['e1', 'zero'], Bob: ['zero', 'zero'], Long Bob: e1, Transform: f5;0.0,0.0,0.0,0.0,0.5,0.5,0.0,0.0,0.0,0.0,0.0,0.0,0.5,0.5,1.0,1.0,0.5,0.5,0.0,0.0,0.0,0.0,0.0,0.0,0.5,0.0,1.0,0.5,0.0,0.5,0.0,0.5
State: w17, Alice: ['zero', 'e1'], Bob: ['zero', 'zero'], Long Bob: e1, Transform: f7;0.0,0.0,0.0,0.0,0.0,0.0,0.5,0.5,0.0,0.0,0.0,0.0,1.0,1.0,0.5,0.5,0.0,0.0,0.0,0.5,0.0,0.0,0.5,0.0,0.5,0.5,0.5,0.0,0.5,0.5,0.0,0.5
State: w17, Alice: ['e1', 'zero'], Bob: ['zero', 'zero'], Long Bob: e1, Transform: f7;0.0,0.0,0.0,0.0,0.5,0.5,0.0,0.0,0.0,0.0,0.0,0.0,0.5,0.5,1.0,1.0,0.0,0.5,0.0,0.0,0.5,0.0,0.0,0.0,0.5,0.0,0.5,0.5,0.0,0.5,0.5,0.5
State: w17, Alice: ['zero', 'e1'], Bob: ['zero', 'zero'], Long Bob: e1, Transform: f8;0.0,0.0,0.0,0.0,0.0,0.0,0.5,0.5,0.0,0.0,0.0,0.0,1.0,1.0,0.5,0.5,0.0,0.0,0.0,0.0,0.0,0.0,0.5,0.5,0.5,0.0,0.5,0.0,0.5,1.0,0.0,0.5
State: w17, Alice: ['e1', 'zero'], Bob: ['zero', 'zero'], Long Bob: e1, Transform: f8;0.0,0.0,0.0,0.0,0.5,0.5,0.0,0.0,0.0,0.0,0.0,0.0,0.5,0.5,1.0,1.0,0.0,0.0,0.0,0.0,0.5,0.5,0.0,0.0,0.5,0.0,0.5,0.0,0.0,0.5,0.5,1.0
State: w17, Alice: ['zero', 'e1'], Bob: ['zero', 'zero'], Long Bob: e1, Transform: f9;0.0,0.0,0.0,0.0,0.0,0.0,0.5,0.5,0.0,0.0,0.0,0.0,1.0,1.0,0.5,0.5,0.0,0.0,0.5,0.5,0.0,0.0,0.0,0.0,0.5,1.0,0.0,0.5,0.5,0.0,0.5,0.0
State: w17, Alice: ['e1', 'zero'], Bob: ['zero', 'zero'], Long Bob: e1, Transform: f9;0.0,0.0,0.0,0.0,0.5,0.5,0.0,0.0,0.0,0.0,0.0,0.0,0.5,0.5,1.0,1.0,0.5,0.5,0.0,0.0,0.0,0.0,0.0,0.0,0.0,0.5,0.5,1.0,0.5,0.0,0.5,0.0
State: w17, Alice: ['zero', 'e1'], Bob: ['zero', 'zero'], Long Bob: e1, Transform: f10;0.0,0.0,0.0,0.0,0.0,0.0,0.5,0.5,0.0,0.0,0.0,0.0,1.0,1.0,0.5,0.5,0.0,0.0,0.5,0.0,0.0,0.0,0.0,0.5,0.5,0.5,0.0,0.5,0.5,0.5,0.5,0.0
State: w17, Alice: ['e1', 'zero'], Bob: ['zero', 'zero'], Long Bob: e1, Transform: f10;0.0,0.0,0.0,0.0,0.5,0.5,0.0,0.0,0.0,0.0,0.0,0.0,0.5,0.5,1.0,1.0,0.5,0.0,0.0,0.0,0.0,0.5,0.0,0.0,0.0,0.5,0.5,0.5,0.5,0.0,0.5,0.5
State: w17, Alice: ['zero', 'e1'], Bob: ['zero', 'zero'], Long Bob: e1, Transform: f12;0.0,0.0,0.0,0.0,0.0,0.0,0.5,0.5,0.0,0.0,0.0,0.0,1.0,1.0,0.5,0.5,0.0,0.0,0.0,0.0,0.0,0.0,0.5,0.5,0.0,0.5,0.0,0.5,1.0,0.5,0.5,0.0
State: w17, Alice: ['e1', 'zero'], Bob: ['zero', 'zero'], Long Bob: e1, Transform: f12;0.0,0.0,0.0,0.0,0.5,0.5,0.0,0.0,0.0,0.0,0.0,0.0,0.5,0.5,1.0,1.0,0.0,0.0,0.0,0.0,0.5,0.5,0.0,0.0,0.0,0.5,0.0,0.5,0.5,0.0,1.0,0.5
State: w17, Alice: ['zero', 'e1'], Bob: ['zero', 'zero'], Long Bob: e1, Transform: f13;0.0,0.0,0.0,0.0,0.0,0.0,0.5,0.5,0.0,0.0,0.0,0.0,1.0,1.0,0.5,0.5,0.0,0.0,0.5,0.5,0.0,0.0,0.0,0.0,0.5,0.5,0.0,0.0,0.5,0.5,0.5,0.5
State: w17, Alice: ['e1', 'zero'], Bob: ['zero', 'zero'], Long Bob: e1, Transform: f13;0.0,0.0,0.0,0.0,0.5,0.5,0.0,0.0,0.0,0.0,0.0,0.0,0.5,0.5,1.0,1.0,0.5,0.5,0.0,0.0,0.0,0.0,0.0,0.0,0.0,0.0,0.5,0.5,0.5,0.5,0.5,0.5
State: w17, Alice: ['zero', 'e1'], Bob: ['zero', 'zero'], Long Bob: e1, Transform: f14;0.0,0.0,0.0,0.0,0.0,0.0,0.5,0.5,0.0,0.0,0.0,0.0,1.0,1.0,0.5,0.5,0.0,0.0,0.5,0.0,0.0,0.0,0.0,0.5,0.5,0.0,0.0,0.0,0.5,1.0,0.5,0.5
State: w17, Alice: ['e1', 'zero'], Bob: ['zero', 'zero'], Long Bob: e1, Transform: f14;0.0,0.0,0.0,0.0,0.5,0.5,0.0,0.0,0.0,0.0,0.0,0.0,0.5,0.5,1.0,1.0,0.5,0.0,0.0,0.0,0.0,0.5,0.0,0.0,0.0,0.0,0.5,0.0,0.5,0.5,0.5,1.0
State: w17, Alice: ['zero', 'e1'], Bob: ['zero', 'zero'], Long Bob: e1, Transform: f15;0.0,0.0,0.0,0.0,0.0,0.0,0.5,0.5,0.0,0.0,0.0,0.0,1.0,1.0,0.5,0.5,0.0,0.0,0.0,0.5,0.0,0.0,0.5,0.0,0.0,0.5,0.0,0.0,1.0,0.5,0.5,0.5
State: w17, Alice: ['e1', 'zero'], Bob: ['zero', 'zero'], Long Bob: e1, Transform: f15;0.0,0.0,0.0,0.0,0.5,0.5,0.0,0.0,0.0,0.0,0.0,0.0,0.5,0.5,1.0,1.0,0.0,0.5,0.0,0.0,0.5,0.0,0.0,0.0,0.0,0.0,0.0,0.5,0.5,0.5,1.0,0.5
State: w17, Alice: ['zero', 'e1'], Bob: ['zero', 'e1'], Long Bob: u, Transform: f1;0.0,0.0,0.0,0.0,0.0,0.0,0.5,0.5,0.0,0.5,0.0,0.5,1.0,0.5,0.5,0.0,0.0,0.0,0.5,0.5,0.0,0.0,0.0,0.0,1.0,1.0,0.5,0.5,0.0,0.0,0.0,0.0
State: w17, Alice: ['zero', 'e1'], Bob: ['e1', 'zero'], Long Bob: u, Transform: f1;0.0,0.0,0.0,0.0,0.0,0.0,0.5,0.5,0.5,0.0,0.5,0.0,0.5,1.0,0.0,0.5,0.0,0.0,0.5,0.5,0.0,0.0,0.0,0.0,1.0,1.0,0.5,0.5,0.0,0.0,0.0,0.0
State: w17, Alice: ['e1', 'zero'], Bob: ['zero', 'e1'], Long Bob: u, Transform: f1;0.0,0.0,0.0,0.0,0.5,0.5,0.0,0.0,0.0,0.5,0.0,0.5,0.5,0.0,1.0,0.5,0.5,0.5,0.0,0.0,0.0,0.0,0.0,0.0,0.5,0.5,1.0,1.0,0.0,0.0,0.0,0.0
State: w17, Alice: ['e1', 'zero'], Bob: ['e1', 'zero'], Long Bob: u, Transform: f1;0.0,0.0,0.0,0.0,0.5,0.5,0.0,0.0,0.5,0.0,0.5,0.0,0.0,0.5,0.5,1.0,0.5,0.5,0.0,0.0,0.0,0.0,0.0,0.0,0.5,0.5,1.0,1.0,0.0,0.0,0.0,0.0
State: w17, Alice: ['zero', 'e1'], Bob: ['zero', 'e1'], Long Bob: u, Transform: f5;0.0,0.0,0.0,0.0,0.0,0.0,0.5,0.5,0.0,0.5,0.0,0.5,1.0,0.5,0.5,0.0,0.0,0.0,0.5,0.0,0.0,0.0,0.0,0.5,1.0,0.0,0.5,0.0,0.0,1.0,0.0,0.5
State: w17, Alice: ['zero', 'e1'], Bob: ['e1', 'zero'], Long Bob: u, Transform: f5;0.0,0.0,0.0,0.0,0.0,0.0,0.5,0.5,0.5,0.0,0.5,0.0,0.5,1.0,0.0,0.5,0.0,0.0,0.5,0.0,0.0,0.0,0.0,0.5,1.0,0.0,0.5,0.0,0.0,1.0,0.0,0.5
State: w17, Alice: ['e1', 'zero'], Bob: ['zero', 'e1'], Long Bob: u, Transform: f5;0.0,0.0,0.0,0.0,0.5,0.5,0.0,0.0,0.0,0.5,0.0,0.5,0.5,0.0,1.0,0.5,0.5,0.0,0.0,0.0,0.0,0.5,0.0,0.0,0.5,0.0,1.0,0.0,0.0,0.5,0.0,1.0
State: w17, Alice: ['e1', 'zero'], Bob: ['e1', 'zero'], Long Bob: u, Transform: f5;0.0,0.0,0.0,0.0,0.5,0.5,0.0,0.0,0.5,0.0,0.5,0.0,0.0,0.5,0.5,1.0,0.5,0.0,0.0,0.0,0.0,0.5,0.0,0.0,0.5,0.0,1.0,0.0,0.0,0.5,0.0,1.0
State: w17, Alice: ['zero', 'e1'], Bob: ['zero', 'e1'], Long Bob: u, Transform: f9;0.0,0.0,0.0,0.0,0.0,0.0,0.5,0.5,0.0,0.5,0.0,0.5,1.0,0.5,0.5,0.0,0.0,0.0,0.0,0.5,0.0,0.0,0.5,0.0,0.0,1.0,0.0,0.5,1.0,0.0,0.5,0.0
State: w17, Alice: ['zero', 'e1'], Bob: ['e1', 'zero'], Long Bob: u, Transform: f9;0.0,0.0,0.0,0.0,0.0,0.0,0.5,0.5,0.5,0.0,0.5,0.0,0.5,1.0,0.0,0.5,0.0,0.0,0.0,0.5,0.0,0.0,0.5,0.0,0.0,1.0,0.0,0.5,1.0,0.0,0.5,0.0
State: w17, Alice: ['e1', 'zero'], Bob: ['zero', 'e1'], Long Bob: u, Transform: f9;0.0,0.0,0.0,0.0,0.5,0.5,0.0,0.0,0.0,0.5,0.0,0.5,0.5,0.0,1.0,0.5,0.0,0.5,0.0,0.0,0.5,0.0,0.0,0.0,0.0,0.5,0.0,1.0,0.5,0.0,1.0,0.0
State: w17, Alice: ['e1', 'zero'], Bob: ['e1', 'zero'], Long Bob: u, Transform: f9;0.0,0.0,0.0,0.0,0.5,0.5,0.0,0.0,0.5,0.0,0.5,0.0,0.0,0.5,0.5,1.0,0.0,0.5,0.0,0.0,0.5,0.0,0.0,0.0,0.0,0.5,0.0,1.0,0.5,0.0,1.0,0.0
State: w17, Alice: ['zero', 'e1'], Bob: ['zero', 'e1'], Long Bob: u, Transform: f13;0.0,0.0,0.0,0.0,0.0,0.0,0.5,0.5,0.0,0.5,0.0,0.5,1.0,0.5,0.5,0.0,0.0,0.0,0.0,0.0,0.0,0.0,0.5,0.5,0.0,0.0,0.0,0.0,1.0,1.0,0.5,0.5
State: w17, Alice: ['zero', 'e1'], Bob: ['e1', 'zero'], Long Bob: u, Transform: f13;0.0,0.0,0.0,0.0,0.0,0.0,0.5,0.5,0.5,0.0,0.5,0.0,0.5,1.0,0.0,0.5,0.0,0.0,0.0,0.0,0.0,0.0,0.5,0.5,0.0,0.0,0.0,0.0,1.0,1.0,0.5,0.5
State: w17, Alice: ['e1', 'zero'], Bob: ['zero', 'e1'], Long Bob: u, Transform: f13;0.0,0.0,0.0,0.0,0.5,0.5,0.0,0.0,0.0,0.5,0.0,0.5,0.5,0.0,1.0,0.5,0.0,0.0,0.0,0.0,0.5,0.5,0.0,0.0,0.0,0.0,0.0,0.0,0.5,0.5,1.0,1.0
State: w17, Alice: ['e1', 'zero'], Bob: ['e1', 'zero'], Long Bob: u, Transform: f13;0.0,0.0,0.0,0.0,0.5,0.5,0.0,0.0,0.5,0.0,0.5,0.0,0.0,0.5,0.5,1.0,0.0,0.0,0.0,0.0,0.5,0.5,0.0,0.0,0.0,0.0,0.0,0.0,0.5,0.5,1.0,1.0
State: w17, Alice: ['zero', 'e1'], Bob: ['zero', 'e1'], Long Bob: e1, Transform: f2;0.0,0.0,0.0,0.0,0.0,0.0,0.5,0.5,0.0,0.5,0.0,0.5,1.0,0.5,0.5,0.0,0.0,0.0,0.5,0.0,0.0,0.0,0.0,0.5,1.0,0.5,0.5,0.5,0.0,0.5,0.0,0.0
State: w17, Alice: ['zero', 'e1'], Bob: ['e1', 'zero'], Long Bob: e1, Transform: f2;0.0,0.0,0.0,0.0,0.0,0.0,0.5,0.5,0.5,0.0,0.5,0.0,0.5,1.0,0.0,0.5,0.0,0.0,0.5,0.0,0.0,0.0,0.0,0.5,1.0,0.5,0.5,0.5,0.0,0.5,0.0,0.0
State: w17, Alice: ['e1', 'zero'], Bob: ['zero', 'e1'], Long Bob: e1, Transform: f2;0.0,0.0,0.0,0.0,0.5,0.5,0.0,0.0,0.0,0.5,0.0,0.5,0.5,0.0,1.0,0.5,0.5,0.0,0.0,0.0,0.0,0.5,0.0,0.0,0.5,0.5,1.0,0.5,0.0,0.0,0.0,0.5
State: w17, Alice: ['e1', 'zero'], Bob: ['e1', 'zero'], Long Bob: e1, Transform: f2;0.0,0.0,0.0,0.0,0.5,0.5,0.0,0.0,0.5,0.0,0.5,0.0,0.0,0.5,0.5,1.0,0.5,0.0,0.0,0.0,0.0,0.5,0.0,0.0,0.5,0.5,1.0,0.5,0.0,0.0,0.0,0.5
State: w17, Alice: ['zero', 'e1'], Bob: ['zero', 'e1'], Long Bob: e1, Transform: f3;0.0,0.0,0.0,0.0,0.0,0.0,0.5,0.5,0.0,0.5,0.0,0.5,1.0,0.5,0.5,0.0,0.0,0.0,0.0,0.5,0.0,0.0,0.5,0.0,0.5,1.0,0.5,0.5,0.5,0.0,0.0,0.0
State: w17, Alice: ['zero', 'e1'], Bob: ['e1', 'zero'], Long Bob: e1, Transform: f3;0.0,0.0,0.0,0.0,0.0,0.0,0.5,0.5,0.5,0.0,0.5,0.0,0.5,1.0,0.0,0.5,0.0,0.0,0.0,0.5,0.0,0.0,0.5,0.0,0.5,1.0,0.5,0.5,0.5,0.0,0.0,0.0
State: w17, Alice: ['e1', 'zero'], Bob: ['zero', 'e1'], Long Bob: e1, Transform: f3;0.0,0.0,0.0,0.0,0.5,0.5,0.0,0.0,0.0,0.5,0.0,0.5,0.5,0.0,1.0,0.5,0.0,0.5,0.0,0.0,0.5,0.0,0.0,0.0,0.5,0.5,0.5,1.0,0.0,0.0,0.5,0.0
State: w17, Alice: ['e1', 'zero'], Bob: ['e1', 'zero'], Long Bob: e1, Transform: f3;0.0,0.0,0.0,0.0,0.5,0.5,0.0,0.0,0.5,0.0,0.5,0.0,0.0,0.5,0.5,1.0,0.0,0.5,0.0,0.0,0.5,0.0,0.0,0.0,0.5,0.5,0.5,1.0,0.0,0.0,0.5,0.0
State: w17, Alice: ['zero', 'e1'], Bob: ['zero', 'e1'], Long Bob: e1, Transform: f4;0.0,0.0,0.0,0.0,0.0,0.0,0.5,0.5,0.0,0.5,0.0,0.5,1.0,0.5,0.5,0.0,0.0,0.0,0.0,0.0,0.0,0.0,0.5,0.5,0.5,0.5,0.5,0.5,0.5,0.5,0.0,0.0
State: w17, Alice: ['zero', 'e1'], Bob: ['e1', 'zero'], Long Bob: e1, Transform: f4;0.0,0.0,0.0,0.0,0.0,0.0,0.5,0.5,0.5,0.0,0.5,0.0,0.5,1.0,0.0,0.5,0.0,0.0,0.0,0.0,0.0,0.0,0.5,0.5,0.5,0.5,0.5,0.5,0.5,0.5,0.0,0.0
State: w17, Alice: ['e1', 'zero'], Bob: ['zero', 'e1'], Long Bob: e1, Transform: f4;0.0,0.0,0.0,0.0,0.5,0.5,0.0,0.0,0.0,0.5,0.0,0.5,0.5,0.0,1.0,0.5,0.0,0.0,0.0,0.0,0.5,0.5,0.0,0.0,0.5,0.5,0.5,0.5,0.0,0.0,0.5,0.5
State: w17, Alice: ['e1', 'zero'], Bob: ['e1', 'zero'], Long Bob: e1, Transform: f4;0.0,0.0,0.0,0.0,0.5,0.5,0.0,0.0,0.5,0.0,0.5,0.0,0.0,0.5,0.5,1.0,0.0,0.0,0.0,0.0,0.5,0.5,0.0,0.0,0.5,0.5,0.5,0.5,0.0,0.0,0.5,0.5
State: w17, Alice: ['zero', 'e1'], Bob: ['zero', 'e1'], Long Bob: e1, Transform: f5;0.0,0.0,0.0,0.0,0.0,0.0,0.5,0.5,0.0,0.5,0.0,0.5,1.0,0.5,0.5,0.0,0.0,0.0,0.5,0.5,0.0,0.0,0.0,0.0,1.0,0.5,0.5,0.0,0.0,0.5,0.0,0.5
State: w17, Alice: ['zero', 'e1'], Bob: ['e1', 'zero'], Long Bob: e1, Transform: f5;0.0,0.0,0.0,0.0,0.0,0.0,0.5,0.5,0.5,0.0,0.5,0.0,0.5,1.0,0.0,0.5,0.0,0.0,0.5,0.5,0.0,0.0,0.0,0.0,1.0,0.5,0.5,0.0,0.0,0.5,0.0,0.5
State: w17, Alice: ['e1', 'zero'], Bob: ['zero', 'e1'], Long Bob: e1, Transform: f5;0.0,0.0,0.0,0.0,0.5,0.5,0.0,0.0,0.0,0.5,0.0,0.5,0.5,0.0,1.0,0.5,0.5,0.5,0.0,0.0,0.0,0.0,0.0,0.0,0.5,0.0,1.0,0.5,0.0,0.5,0.0,0.5
State: w17, Alice: ['e1', 'zero'], Bob: ['e1', 'zero'], Long Bob: e1, Transform: f5;0.0,0.0,0.0,0.0,0.5,0.5,0.0,0.0,0.5,0.0,0.5,0.0,0.0,0.5,0.5,1.0,0.5,0.5,0.0,0.0,0.0,0.0,0.0,0.0,0.5,0.0,1.0,0.5,0.0,0.5,0.0,0.5
State: w17, Alice: ['zero', 'e1'], Bob: ['zero', 'e1'], Long Bob: e1, Transform: f7;0.0,0.0,0.0,0.0,0.0,0.0,0.5,0.5,0.0,0.5,0.0,0.5,1.0,0.5,0.5,0.0,0.0,0.0,0.0,0.5,0.0,0.0,0.5,0.0,0.5,0.5,0.5,0.0,0.5,0.5,0.0,0.5
State: w17, Alice: ['zero', 'e1'], Bob: ['e1', 'zero'], Long Bob: e1, Transform: f7;0.0,0.0,0.0,0.0,0.0,0.0,0.5,0.5,0.5,0.0,0.5,0.0,0.5,1.0,0.0,0.5,0.0,0.0,0.0,0.5,0.0,0.0,0.5,0.0,0.5,0.5,0.5,0.0,0.5,0.5,0.0,0.5
State: w17, Alice: ['e1', 'zero'], Bob: ['zero', 'e1'], Long Bob: e1, Transform: f7;0.0,0.0,0.0,0.0,0.5,0.5,0.0,0.0,0.0,0.5,0.0,0.5,0.5,0.0,1.0,0.5,0.0,0.5,0.0,0.0,0.5,0.0,0.0,0.0,0.5,0.0,0.5,0.5,0.0,0.5,0.5,0.5
State: w17, Alice: ['e1', 'zero'], Bob: ['e1', 'zero'], Long Bob: e1, Transform: f7;0.0,0.0,0.0,0.0,0.5,0.5,0.0,0.0,0.5,0.0,0.5,0.0,0.0,0.5,0.5,1.0,0.0,0.5,0.0,0.0,0.5,0.0,0.0,0.0,0.5,0.0,0.5,0.5,0.0,0.5,0.5,0.5
State: w17, Alice: ['zero', 'e1'], Bob: ['zero', 'e1'], Long Bob: e1, Transform: f8;0.0,0.0,0.0,0.0,0.0,0.0,0.5,0.5,0.0,0.5,0.0,0.5,1.0,0.5,0.5,0.0,0.0,0.0,0.0,0.0,0.0,0.0,0.5,0.5,0.5,0.0,0.5,0.0,0.5,1.0,0.0,0.5
State: w17, Alice: ['zero', 'e1'], Bob: ['e1', 'zero'], Long Bob: e1, Transform: f8;0.0,0.0,0.0,0.0,0.0,0.0,0.5,0.5,0.5,0.0,0.5,0.0,0.5,1.0,0.0,0.5,0.0,0.0,0.0,0.0,0.0,0.0,0.5,0.5,0.5,0.0,0.5,0.0,0.5,1.0,0.0,0.5
State: w17, Alice: ['e1', 'zero'], Bob: ['zero', 'e1'], Long Bob: e1, Transform: f8;0.0,0.0,0.0,0.0,0.5,0.5,0.0,0.0,0.0,0.5,0.0,0.5,0.5,0.0,1.0,0.5,0.0,0.0,0.0,0.0,0.5,0.5,0.0,0.0,0.5,0.0,0.5,0.0,0.0,0.5,0.5,1.0
State: w17, Alice: ['e1', 'zero'], Bob: ['e1', 'zero'], Long Bob: e1, Transform: f8;0.0,0.0,0.0,0.0,0.5,0.5,0.0,0.0,0.5,0.0,0.5,0.0,0.0,0.5,0.5,1.0,0.0,0.0,0.0,0.0,0.5,0.5,0.0,0.0,0.5,0.0,0.5,0.0,0.0,0.5,0.5,1.0
State: w17, Alice: ['zero', 'e1'], Bob: ['zero', 'e1'], Long Bob: e1, Transform: f9;0.0,0.0,0.0,0.0,0.0,0.0,0.5,0.5,0.0,0.5,0.0,0.5,1.0,0.5,0.5,0.0,0.0,0.0,0.5,0.5,0.0,0.0,0.0,0.0,0.5,1.0,0.0,0.5,0.5,0.0,0.5,0.0
State: w17, Alice: ['zero', 'e1'], Bob: ['e1', 'zero'], Long Bob: e1, Transform: f9;0.0,0.0,0.0,0.0,0.0,0.0,0.5,0.5,0.5,0.0,0.5,0.0,0.5,1.0,0.0,0.5,0.0,0.0,0.5,0.5,0.0,0.0,0.0,0.0,0.5,1.0,0.0,0.5,0.5,0.0,0.5,0.0
State: w17, Alice: ['e1', 'zero'], Bob: ['zero', 'e1'], Long Bob: e1, Transform: f9;0.0,0.0,0.0,0.0,0.5,0.5,0.0,0.0,0.0,0.5,0.0,0.5,0.5,0.0,1.0,0.5,0.5,0.5,0.0,0.0,0.0,0.0,0.0,0.0,0.0,0.5,0.5,1.0,0.5,0.0,0.5,0.0
State: w17, Alice: ['e1', 'zero'], Bob: ['e1', 'zero'], Long Bob: e1, Transform: f9;0.0,0.0,0.0,0.0,0.5,0.5,0.0,0.0,0.5,0.0,0.5,0.0,0.0,0.5,0.5,1.0,0.5,0.5,0.0,0.0,0.0,0.0,0.0,0.0,0.0,0.5,0.5,1.0,0.5,0.0,0.5,0.0
State: w17, Alice: ['zero', 'e1'], Bob: ['zero', 'e1'], Long Bob: e1, Transform: f10;0.0,0.0,0.0,0.0,0.0,0.0,0.5,0.5,0.0,0.5,0.0,0.5,1.0,0.5,0.5,0.0,0.0,0.0,0.5,0.0,0.0,0.0,0.0,0.5,0.5,0.5,0.0,0.5,0.5,0.5,0.5,0.0
State: w17, Alice: ['zero', 'e1'], Bob: ['e1', 'zero'], Long Bob: e1, Transform: f10;0.0,0.0,0.0,0.0,0.0,0.0,0.5,0.5,0.5,0.0,0.5,0.0,0.5,1.0,0.0,0.5,0.0,0.0,0.5,0.0,0.0,0.0,0.0,0.5,0.5,0.5,0.0,0.5,0.5,0.5,0.5,0.0
State: w17, Alice: ['e1', 'zero'], Bob: ['zero', 'e1'], Long Bob: e1, Transform: f10;0.0,0.0,0.0,0.0,0.5,0.5,0.0,0.0,0.0,0.5,0.0,0.5,0.5,0.0,1.0,0.5,0.5,0.0,0.0,0.0,0.0,0.5,0.0,0.0,0.0,0.5,0.5,0.5,0.5,0.0,0.5,0.5
State: w17, Alice: ['e1', 'zero'], Bob: ['e1', 'zero'], Long Bob: e1, Transform: f10;0.0,0.0,0.0,0.0,0.5,0.5,0.0,0.0,0.5,0.0,0.5,0.0,0.0,0.5,0.5,1.0,0.5,0.0,0.0,0.0,0.0,0.5,0.0,0.0,0.0,0.5,0.5,0.5,0.5,0.0,0.5,0.5
State: w17, Alice: ['zero', 'e1'], Bob: ['zero', 'e1'], Long Bob: e1, Transform: f12;0.0,0.0,0.0,0.0,0.0,0.0,0.5,0.5,0.0,0.5,0.0,0.5,1.0,0.5,0.5,0.0,0.0,0.0,0.0,0.0,0.0,0.0,0.5,0.5,0.0,0.5,0.0,0.5,1.0,0.5,0.5,0.0
State: w17, Alice: ['zero', 'e1'], Bob: ['e1', 'zero'], Long Bob: e1, Transform: f12;0.0,0.0,0.0,0.0,0.0,0.0,0.5,0.5,0.5,0.0,0.5,0.0,0.5,1.0,0.0,0.5,0.0,0.0,0.0,0.0,0.0,0.0,0.5,0.5,0.0,0.5,0.0,0.5,1.0,0.5,0.5,0.0
State: w17, Alice: ['e1', 'zero'], Bob: ['zero', 'e1'], Long Bob: e1, Transform: f12;0.0,0.0,0.0,0.0,0.5,0.5,0.0,0.0,0.0,0.5,0.0,0.5,0.5,0.0,1.0,0.5,0.0,0.0,0.0,0.0,0.5,0.5,0.0,0.0,0.0,0.5,0.0,0.5,0.5,0.0,1.0,0.5
State: w17, Alice: ['e1', 'zero'], Bob: ['e1', 'zero'], Long Bob: e1, Transform: f12;0.0,0.0,0.0,0.0,0.5,0.5,0.0,0.0,0.5,0.0,0.5,0.0,0.0,0.5,0.5,1.0,0.0,0.0,0.0,0.0,0.5,0.5,0.0,0.0,0.0,0.5,0.0,0.5,0.5,0.0,1.0,0.5
State: w17, Alice: ['zero', 'e1'], Bob: ['zero', 'e1'], Long Bob: e1, Transform: f13;0.0,0.0,0.0,0.0,0.0,0.0,0.5,0.5,0.0,0.5,0.0,0.5,1.0,0.5,0.5,0.0,0.0,0.0,0.5,0.5,0.0,0.0,0.0,0.0,0.5,0.5,0.0,0.0,0.5,0.5,0.5,0.5
State: w17, Alice: ['zero', 'e1'], Bob: ['e1', 'zero'], Long Bob: e1, Transform: f13;0.0,0.0,0.0,0.0,0.0,0.0,0.5,0.5,0.5,0.0,0.5,0.0,0.5,1.0,0.0,0.5,0.0,0.0,0.5,0.5,0.0,0.0,0.0,0.0,0.5,0.5,0.0,0.0,0.5,0.5,0.5,0.5
State: w17, Alice: ['e1', 'zero'], Bob: ['zero', 'e1'], Long Bob: e1, Transform: f13;0.0,0.0,0.0,0.0,0.5,0.5,0.0,0.0,0.0,0.5,0.0,0.5,0.5,0.0,1.0,0.5,0.5,0.5,0.0,0.0,0.0,0.0,0.0,0.0,0.0,0.0,0.5,0.5,0.5,0.5,0.5,0.5
State: w17, Alice: ['e1', 'zero'], Bob: ['e1', 'zero'], Long Bob: e1, Transform: f13;0.0,0.0,0.0,0.0,0.5,0.5,0.0,0.0,0.5,0.0,0.5,0.0,0.0,0.5,0.5,1.0,0.5,0.5,0.0,0.0,0.0,0.0,0.0,0.0,0.0,0.0,0.5,0.5,0.5,0.5,0.5,0.5
State: w17, Alice: ['zero', 'e1'], Bob: ['zero', 'e1'], Long Bob: e1, Transform: f14;0.0,0.0,0.0,0.0,0.0,0.0,0.5,0.5,0.0,0.5,0.0,0.5,1.0,0.5,0.5,0.0,0.0,0.0,0.5,0.0,0.0,0.0,0.0,0.5,0.5,0.0,0.0,0.0,0.5,1.0,0.5,0.5
State: w17, Alice: ['zero', 'e1'], Bob: ['e1', 'zero'], Long Bob: e1, Transform: f14;0.0,0.0,0.0,0.0,0.0,0.0,0.5,0.5,0.5,0.0,0.5,0.0,0.5,1.0,0.0,0.5,0.0,0.0,0.5,0.0,0.0,0.0,0.0,0.5,0.5,0.0,0.0,0.0,0.5,1.0,0.5,0.5
State: w17, Alice: ['e1', 'zero'], Bob: ['zero', 'e1'], Long Bob: e1, Transform: f14;0.0,0.0,0.0,0.0,0.5,0.5,0.0,0.0,0.0,0.5,0.0,0.5,0.5,0.0,1.0,0.5,0.5,0.0,0.0,0.0,0.0,0.5,0.0,0.0,0.0,0.0,0.5,0.0,0.5,0.5,0.5,1.0
State: w17, Alice: ['e1', 'zero'], Bob: ['e1', 'zero'], Long Bob: e1, Transform: f14;0.0,0.0,0.0,0.0,0.5,0.5,0.0,0.0,0.5,0.0,0.5,0.0,0.0,0.5,0.5,1.0,0.5,0.0,0.0,0.0,0.0,0.5,0.0,0.0,0.0,0.0,0.5,0.0,0.5,0.5,0.5,1.0
State: w17, Alice: ['zero', 'e1'], Bob: ['zero', 'e1'], Long Bob: e1, Transform: f15;0.0,0.0,0.0,0.0,0.0,0.0,0.5,0.5,0.0,0.5,0.0,0.5,1.0,0.5,0.5,0.0,0.0,0.0,0.0,0.5,0.0,0.0,0.5,0.0,0.0,0.5,0.0,0.0,1.0,0.5,0.5,0.5
State: w17, Alice: ['zero', 'e1'], Bob: ['e1', 'zero'], Long Bob: e1, Transform: f15;0.0,0.0,0.0,0.0,0.0,0.0,0.5,0.5,0.5,0.0,0.5,0.0,0.5,1.0,0.0,0.5,0.0,0.0,0.0,0.5,0.0,0.0,0.5,0.0,0.0,0.5,0.0,0.0,1.0,0.5,0.5,0.5
State: w17, Alice: ['e1', 'zero'], Bob: ['zero', 'e1'], Long Bob: e1, Transform: f15;0.0,0.0,0.0,0.0,0.5,0.5,0.0,0.0,0.0,0.5,0.0,0.5,0.5,0.0,1.0,0.5,0.0,0.5,0.0,0.0,0.5,0.0,0.0,0.0,0.0,0.0,0.0,0.5,0.5,0.5,1.0,0.5
State: w17, Alice: ['e1', 'zero'], Bob: ['e1', 'zero'], Long Bob: e1, Transform: f15;0.0,0.0,0.0,0.0,0.5,0.5,0.0,0.0,0.5,0.0,0.5,0.0,0.0,0.5,0.5,1.0,0.0,0.5,0.0,0.0,0.5,0.0,0.0,0.0,0.0,0.0,0.0,0.5,0.5,0.5,1.0,0.5
State: w17, Alice: ['zero', 'e1'], Bob: ['zero', 'e2'], Long Bob: u, Transform: f1;0.0,0.0,0.0,0.5,0.0,0.0,0.5,0.0,0.0,0.5,0.0,0.0,1.0,0.5,0.5,0.5,0.0,0.0,0.5,0.5,0.0,0.0,0.0,0.0,1.0,1.0,0.5,0.5,0.0,0.0,0.0,0.0
State: w17, Alice: ['zero', 'e1'], Bob: ['e2', 'zero'], Long Bob: u, Transform: f1;0.0,0.0,0.5,0.0,0.0,0.0,0.0,0.5,0.5,0.0,0.0,0.0,0.5,1.0,0.5,0.5,0.0,0.0,0.5,0.5,0.0,0.0,0.0,0.0,1.0,1.0,0.5,0.5,0.0,0.0,0.0,0.0
State: w17, Alice: ['e1', 'zero'], Bob: ['zero', 'e2'], Long Bob: u, Transform: f1;0.0,0.5,0.0,0.0,0.5,0.0,0.0,0.0,0.0,0.0,0.0,0.5,0.5,0.5,1.0,0.5,0.5,0.5,0.0,0.0,0.0,0.0,0.0,0.0,0.5,0.5,1.0,1.0,0.0,0.0,0.0,0.0
State: w17, Alice: ['e1', 'zero'], Bob: ['e2', 'zero'], Long Bob: u, Transform: f1;0.5,0.0,0.0,0.0,0.0,0.5,0.0,0.0,0.0,0.0,0.5,0.0,0.5,0.5,0.5,1.0,0.5,0.5,0.0,0.0,0.0,0.0,0.0,0.0,0.5,0.5,1.0,1.0,0.0,0.0,0.0,0.0
State: w17, Alice: ['zero', 'e1'], Bob: ['zero', 'e2'], Long Bob: u, Transform: f5;0.0,0.0,0.0,0.5,0.0,0.0,0.5,0.0,0.0,0.5,0.0,0.0,1.0,0.5,0.5,0.5,0.0,0.0,0.5,0.0,0.0,0.0,0.0,0.5,1.0,0.0,0.5,0.0,0.0,1.0,0.0,0.5
State: w17, Alice: ['zero', 'e1'], Bob: ['e2', 'zero'], Long Bob: u, Transform: f5;0.0,0.0,0.5,0.0,0.0,0.0,0.0,0.5,0.5,0.0,0.0,0.0,0.5,1.0,0.5,0.5,0.0,0.0,0.5,0.0,0.0,0.0,0.0,0.5,1.0,0.0,0.5,0.0,0.0,1.0,0.0,0.5
State: w17, Alice: ['e1', 'zero'], Bob: ['zero', 'e2'], Long Bob: u, Transform: f5;0.0,0.5,0.0,0.0,0.5,0.0,0.0,0.0,0.0,0.0,0.0,0.5,0.5,0.5,1.0,0.5,0.5,0.0,0.0,0.0,0.0,0.5,0.0,0.0,0.5,0.0,1.0,0.0,0.0,0.5,0.0,1.0
State: w17, Alice: ['e1', 'zero'], Bob: ['e2', 'zero'], Long Bob: u, Transform: f5;0.5,0.0,0.0,0.0,0.0,0.5,0.0,0.0,0.0,0.0,0.5,0.0,0.5,0.5,0.5,1.0,0.5,0.0,0.0,0.0,0.0,0.5,0.0,0.0,0.5,0.0,1.0,0.0,0.0,0.5,0.0,1.0
State: w17, Alice: ['zero', 'e1'], Bob: ['zero', 'e2'], Long Bob: u, Transform: f9;0.0,0.0,0.0,0.5,0.0,0.0,0.5,0.0,0.0,0.5,0.0,0.0,1.0,0.5,0.5,0.5,0.0,0.0,0.0,0.5,0.0,0.0,0.5,0.0,0.0,1.0,0.0,0.5,1.0,0.0,0.5,0.0
State: w17, Alice: ['zero', 'e1'], Bob: ['e2', 'zero'], Long Bob: u, Transform: f9;0.0,0.0,0.5,0.0,0.0,0.0,0.0,0.5,0.5,0.0,0.0,0.0,0.5,1.0,0.5,0.5,0.0,0.0,0.0,0.5,0.0,0.0,0.5,0.0,0.0,1.0,0.0,0.5,1.0,0.0,0.5,0.0
State: w17, Alice: ['e1', 'zero'], Bob: ['zero', 'e2'], Long Bob: u, Transform: f9;0.0,0.5,0.0,0.0,0.5,0.0,0.0,0.0,0.0,0.0,0.0,0.5,0.5,0.5,1.0,0.5,0.0,0.5,0.0,0.0,0.5,0.0,0.0,0.0,0.0,0.5,0.0,1.0,0.5,0.0,1.0,0.0
State: w17, Alice: ['e1', 'zero'], Bob: ['e2', 'zero'], Long Bob: u, Transform: f9;0.5,0.0,0.0,0.0,0.0,0.5,0.0,0.0,0.0,0.0,0.5,0.0,0.5,0.5,0.5,1.0,0.0,0.5,0.0,0.0,0.5,0.0,0.0,0.0,0.0,0.5,0.0,1.0,0.5,0.0,1.0,0.0
State: w17, Alice: ['zero', 'e1'], Bob: ['zero', 'e2'], Long Bob: u, Transform: f13;0.0,0.0,0.0,0.5,0.0,0.0,0.5,0.0,0.0,0.5,0.0,0.0,1.0,0.5,0.5,0.5,0.0,0.0,0.0,0.0,0.0,0.0,0.5,0.5,0.0,0.0,0.0,0.0,1.0,1.0,0.5,0.5
State: w17, Alice: ['zero', 'e1'], Bob: ['e2', 'zero'], Long Bob: u, Transform: f13;0.0,0.0,0.5,0.0,0.0,0.0,0.0,0.5,0.5,0.0,0.0,0.0,0.5,1.0,0.5,0.5,0.0,0.0,0.0,0.0,0.0,0.0,0.5,0.5,0.0,0.0,0.0,0.0,1.0,1.0,0.5,0.5
State: w17, Alice: ['e1', 'zero'], Bob: ['zero', 'e2'], Long Bob: u, Transform: f13;0.0,0.5,0.0,0.0,0.5,0.0,0.0,0.0,0.0,0.0,0.0,0.5,0.5,0.5,1.0,0.5,0.0,0.0,0.0,0.0,0.5,0.5,0.0,0.0,0.0,0.0,0.0,0.0,0.5,0.5,1.0,1.0
State: w17, Alice: ['e1', 'zero'], Bob: ['e2', 'zero'], Long Bob: u, Transform: f13;0.5,0.0,0.0,0.0,0.0,0.5,0.0,0.0,0.0,0.0,0.5,0.0,0.5,0.5,0.5,1.0,0.0,0.0,0.0,0.0,0.5,0.5,0.0,0.0,0.0,0.0,0.0,0.0,0.5,0.5,1.0,1.0
State: w17, Alice: ['zero', 'e1'], Bob: ['zero', 'e2'], Long Bob: e1, Transform: f2;0.0,0.0,0.0,0.5,0.0,0.0,0.5,0.0,0.0,0.5,0.0,0.0,1.0,0.5,0.5,0.5,0.0,0.0,0.5,0.0,0.0,0.0,0.0,0.5,1.0,0.5,0.5,0.5,0.0,0.5,0.0,0.0
State: w17, Alice: ['zero', 'e1'], Bob: ['e2', 'zero'], Long Bob: e1, Transform: f2;0.0,0.0,0.5,0.0,0.0,0.0,0.0,0.5,0.5,0.0,0.0,0.0,0.5,1.0,0.5,0.5,0.0,0.0,0.5,0.0,0.0,0.0,0.0,0.5,1.0,0.5,0.5,0.5,0.0,0.5,0.0,0.0
State: w17, Alice: ['e1', 'zero'], Bob: ['zero', 'e2'], Long Bob: e1, Transform: f2;0.0,0.5,0.0,0.0,0.5,0.0,0.0,0.0,0.0,0.0,0.0,0.5,0.5,0.5,1.0,0.5,0.5,0.0,0.0,0.0,0.0,0.5,0.0,0.0,0.5,0.5,1.0,0.5,0.0,0.0,0.0,0.5
State: w17, Alice: ['e1', 'zero'], Bob: ['e2', 'zero'], Long Bob: e1, Transform: f2;0.5,0.0,0.0,0.0,0.0,0.5,0.0,0.0,0.0,0.0,0.5,0.0,0.5,0.5,0.5,1.0,0.5,0.0,0.0,0.0,0.0,0.5,0.0,0.0,0.5,0.5,1.0,0.5,0.0,0.0,0.0,0.5
State: w17, Alice: ['zero', 'e1'], Bob: ['zero', 'e2'], Long Bob: e1, Transform: f3;0.0,0.0,0.0,0.5,0.0,0.0,0.5,0.0,0.0,0.5,0.0,0.0,1.0,0.5,0.5,0.5,0.0,0.0,0.0,0.5,0.0,0.0,0.5,0.0,0.5,1.0,0.5,0.5,0.5,0.0,0.0,0.0
State: w17, Alice: ['zero', 'e1'], Bob: ['e2', 'zero'], Long Bob: e1, Transform: f3;0.0,0.0,0.5,0.0,0.0,0.0,0.0,0.5,0.5,0.0,0.0,0.0,0.5,1.0,0.5,0.5,0.0,0.0,0.0,0.5,0.0,0.0,0.5,0.0,0.5,1.0,0.5,0.5,0.5,0.0,0.0,0.0
State: w17, Alice: ['e1', 'zero'], Bob: ['zero', 'e2'], Long Bob: e1, Transform: f3;0.0,0.5,0.0,0.0,0.5,0.0,0.0,0.0,0.0,0.0,0.0,0.5,0.5,0.5,1.0,0.5,0.0,0.5,0.0,0.0,0.5,0.0,0.0,0.0,0.5,0.5,0.5,1.0,0.0,0.0,0.5,0.0
State: w17, Alice: ['e1', 'zero'], Bob: ['e2', 'zero'], Long Bob: e1, Transform: f3;0.5,0.0,0.0,0.0,0.0,0.5,0.0,0.0,0.0,0.0,0.5,0.0,0.5,0.5,0.5,1.0,0.0,0.5,0.0,0.0,0.5,0.0,0.0,0.0,0.5,0.5,0.5,1.0,0.0,0.0,0.5,0.0
State: w17, Alice: ['zero', 'e1'], Bob: ['zero', 'e2'], Long Bob: e1, Transform: f4;0.0,0.0,0.0,0.5,0.0,0.0,0.5,0.0,0.0,0.5,0.0,0.0,1.0,0.5,0.5,0.5,0.0,0.0,0.0,0.0,0.0,0.0,0.5,0.5,0.5,0.5,0.5,0.5,0.5,0.5,0.0,0.0
State: w17, Alice: ['zero', 'e1'], Bob: ['e2', 'zero'], Long Bob: e1, Transform: f4;0.0,0.0,0.5,0.0,0.0,0.0,0.0,0.5,0.5,0.0,0.0,0.0,0.5,1.0,0.5,0.5,0.0,0.0,0.0,0.0,0.0,0.0,0.5,0.5,0.5,0.5,0.5,0.5,0.5,0.5,0.0,0.0
State: w17, Alice: ['e1', 'zero'], Bob: ['zero', 'e2'], Long Bob: e1, Transform: f4;0.0,0.5,0.0,0.0,0.5,0.0,0.0,0.0,0.0,0.0,0.0,0.5,0.5,0.5,1.0,0.5,0.0,0.0,0.0,0.0,0.5,0.5,0.0,0.0,0.5,0.5,0.5,0.5,0.0,0.0,0.5,0.5
State: w17, Alice: ['e1', 'zero'], Bob: ['e2', 'zero'], Long Bob: e1, Transform: f4;0.5,0.0,0.0,0.0,0.0,0.5,0.0,0.0,0.0,0.0,0.5,0.0,0.5,0.5,0.5,1.0,0.0,0.0,0.0,0.0,0.5,0.5,0.0,0.0,0.5,0.5,0.5,0.5,0.0,0.0,0.5,0.5
State: w17, Alice: ['zero', 'e1'], Bob: ['zero', 'e2'], Long Bob: e1, Transform: f5;0.0,0.0,0.0,0.5,0.0,0.0,0.5,0.0,0.0,0.5,0.0,0.0,1.0,0.5,0.5,0.5,0.0,0.0,0.5,0.5,0.0,0.0,0.0,0.0,1.0,0.5,0.5,0.0,0.0,0.5,0.0,0.5
State: w17, Alice: ['zero', 'e1'], Bob: ['e2', 'zero'], Long Bob: e1, Transform: f5;0.0,0.0,0.5,0.0,0.0,0.0,0.0,0.5,0.5,0.0,0.0,0.0,0.5,1.0,0.5,0.5,0.0,0.0,0.5,0.5,0.0,0.0,0.0,0.0,1.0,0.5,0.5,0.0,0.0,0.5,0.0,0.5
State: w17, Alice: ['e1', 'zero'], Bob: ['zero', 'e2'], Long Bob: e1, Transform: f5;0.0,0.5,0.0,0.0,0.5,0.0,0.0,0.0,0.0,0.0,0.0,0.5,0.5,0.5,1.0,0.5,0.5,0.5,0.0,0.0,0.0,0.0,0.0,0.0,0.5,0.0,1.0,0.5,0.0,0.5,0.0,0.5
State: w17, Alice: ['e1', 'zero'], Bob: ['e2', 'zero'], Long Bob: e1, Transform: f5;0.5,0.0,0.0,0.0,0.0,0.5,0.0,0.0,0.0,0.0,0.5,0.0,0.5,0.5,0.5,1.0,0.5,0.5,0.0,0.0,0.0,0.0,0.0,0.0,0.5,0.0,1.0,0.5,0.0,0.5,0.0,0.5
State: w17, Alice: ['zero', 'e1'], Bob: ['zero', 'e2'], Long Bob: e1, Transform: f7;0.0,0.0,0.0,0.5,0.0,0.0,0.5,0.0,0.0,0.5,0.0,0.0,1.0,0.5,0.5,0.5,0.0,0.0,0.0,0.5,0.0,0.0,0.5,0.0,0.5,0.5,0.5,0.0,0.5,0.5,0.0,0.5
State: w17, Alice: ['zero', 'e1'], Bob: ['e2', 'zero'], Long Bob: e1, Transform: f7;0.0,0.0,0.5,0.0,0.0,0.0,0.0,0.5,0.5,0.0,0.0,0.0,0.5,1.0,0.5,0.5,0.0,0.0,0.0,0.5,0.0,0.0,0.5,0.0,0.5,0.5,0.5,0.0,0.5,0.5,0.0,0.5
State: w17, Alice: ['e1', 'zero'], Bob: ['zero', 'e2'], Long Bob: e1, Transform: f7;0.0,0.5,0.0,0.0,0.5,0.0,0.0,0.0,0.0,0.0,0.0,0.5,0.5,0.5,1.0,0.5,0.0,0.5,0.0,0.0,0.5,0.0,0.0,0.0,0.5,0.0,0.5,0.5,0.0,0.5,0.5,0.5
State: w17, Alice: ['e1', 'zero'], Bob: ['e2', 'zero'], Long Bob: e1, Transform: f7;0.5,0.0,0.0,0.0,0.0,0.5,0.0,0.0,0.0,0.0,0.5,0.0,0.5,0.5,0.5,1.0,0.0,0.5,0.0,0.0,0.5,0.0,0.0,0.0,0.5,0.0,0.5,0.5,0.0,0.5,0.5,0.5
State: w17, Alice: ['zero', 'e1'], Bob: ['zero', 'e2'], Long Bob: e1, Transform: f8;0.0,0.0,0.0,0.5,0.0,0.0,0.5,0.0,0.0,0.5,0.0,0.0,1.0,0.5,0.5,0.5,0.0,0.0,0.0,0.0,0.0,0.0,0.5,0.5,0.5,0.0,0.5,0.0,0.5,1.0,0.0,0.5
State: w17, Alice: ['zero', 'e1'], Bob: ['e2', 'zero'], Long Bob: e1, Transform: f8;0.0,0.0,0.5,0.0,0.0,0.0,0.0,0.5,0.5,0.0,0.0,0.0,0.5,1.0,0.5,0.5,0.0,0.0,0.0,0.0,0.0,0.0,0.5,0.5,0.5,0.0,0.5,0.0,0.5,1.0,0.0,0.5
State: w17, Alice: ['e1', 'zero'], Bob: ['zero', 'e2'], Long Bob: e1, Transform: f8;0.0,0.5,0.0,0.0,0.5,0.0,0.0,0.0,0.0,0.0,0.0,0.5,0.5,0.5,1.0,0.5,0.0,0.0,0.0,0.0,0.5,0.5,0.0,0.0,0.5,0.0,0.5,0.0,0.0,0.5,0.5,1.0
State: w17, Alice: ['e1', 'zero'], Bob: ['e2', 'zero'], Long Bob: e1, Transform: f8;0.5,0.0,0.0,0.0,0.0,0.5,0.0,0.0,0.0,0.0,0.5,0.0,0.5,0.5,0.5,1.0,0.0,0.0,0.0,0.0,0.5,0.5,0.0,0.0,0.5,0.0,0.5,0.0,0.0,0.5,0.5,1.0
State: w17, Alice: ['zero', 'e1'], Bob: ['zero', 'e2'], Long Bob: e1, Transform: f9;0.0,0.0,0.0,0.5,0.0,0.0,0.5,0.0,0.0,0.5,0.0,0.0,1.0,0.5,0.5,0.5,0.0,0.0,0.5,0.5,0.0,0.0,0.0,0.0,0.5,1.0,0.0,0.5,0.5,0.0,0.5,0.0
State: w17, Alice: ['zero', 'e1'], Bob: ['e2', 'zero'], Long Bob: e1, Transform: f9;0.0,0.0,0.5,0.0,0.0,0.0,0.0,0.5,0.5,0.0,0.0,0.0,0.5,1.0,0.5,0.5,0.0,0.0,0.5,0.5,0.0,0.0,0.0,0.0,0.5,1.0,0.0,0.5,0.5,0.0,0.5,0.0
State: w17, Alice: ['e1', 'zero'], Bob: ['zero', 'e2'], Long Bob: e1, Transform: f9;0.0,0.5,0.0,0.0,0.5,0.0,0.0,0.0,0.0,0.0,0.0,0.5,0.5,0.5,1.0,0.5,0.5,0.5,0.0,0.0,0.0,0.0,0.0,0.0,0.0,0.5,0.5,1.0,0.5,0.0,0.5,0.0
State: w17, Alice: ['e1', 'zero'], Bob: ['e2', 'zero'], Long Bob: e1, Transform: f9;0.5,0.0,0.0,0.0,0.0,0.5,0.0,0.0,0.0,0.0,0.5,0.0,0.5,0.5,0.5,1.0,0.5,0.5,0.0,0.0,0.0,0.0,0.0,0.0,0.0,0.5,0.5,1.0,0.5,0.0,0.5,0.0
State: w17, Alice: ['zero', 'e1'], Bob: ['zero', 'e2'], Long Bob: e1, Transform: f10;0.0,0.0,0.0,0.5,0.0,0.0,0.5,0.0,0.0,0.5,0.0,0.0,1.0,0.5,0.5,0.5,0.0,0.0,0.5,0.0,0.0,0.0,0.0,0.5,0.5,0.5,0.0,0.5,0.5,0.5,0.5,0.0
State: w17, Alice: ['zero', 'e1'], Bob: ['e2', 'zero'], Long Bob: e1, Transform: f10;0.0,0.0,0.5,0.0,0.0,0.0,0.0,0.5,0.5,0.0,0.0,0.0,0.5,1.0,0.5,0.5,0.0,0.0,0.5,0.0,0.0,0.0,0.0,0.5,0.5,0.5,0.0,0.5,0.5,0.5,0.5,0.0
State: w17, Alice: ['e1', 'zero'], Bob: ['zero', 'e2'], Long Bob: e1, Transform: f10;0.0,0.5,0.0,0.0,0.5,0.0,0.0,0.0,0.0,0.0,0.0,0.5,0.5,0.5,1.0,0.5,0.5,0.0,0.0,0.0,0.0,0.5,0.0,0.0,0.0,0.5,0.5,0.5,0.5,0.0,0.5,0.5
State: w17, Alice: ['e1', 'zero'], Bob: ['e2', 'zero'], Long Bob: e1, Transform: f10;0.5,0.0,0.0,0.0,0.0,0.5,0.0,0.0,0.0,0.0,0.5,0.0,0.5,0.5,0.5,1.0,0.5,0.0,0.0,0.0,0.0,0.5,0.0,0.0,0.0,0.5,0.5,0.5,0.5,0.0,0.5,0.5
State: w17, Alice: ['zero', 'e1'], Bob: ['zero', 'e2'], Long Bob: e1, Transform: f12;0.0,0.0,0.0,0.5,0.0,0.0,0.5,0.0,0.0,0.5,0.0,0.0,1.0,0.5,0.5,0.5,0.0,0.0,0.0,0.0,0.0,0.0,0.5,0.5,0.0,0.5,0.0,0.5,1.0,0.5,0.5,0.0
State: w17, Alice: ['zero', 'e1'], Bob: ['e2', 'zero'], Long Bob: e1, Transform: f12;0.0,0.0,0.5,0.0,0.0,0.0,0.0,0.5,0.5,0.0,0.0,0.0,0.5,1.0,0.5,0.5,0.0,0.0,0.0,0.0,0.0,0.0,0.5,0.5,0.0,0.5,0.0,0.5,1.0,0.5,0.5,0.0
State: w17, Alice: ['e1', 'zero'], Bob: ['zero', 'e2'], Long Bob: e1, Transform: f12;0.0,0.5,0.0,0.0,0.5,0.0,0.0,0.0,0.0,0.0,0.0,0.5,0.5,0.5,1.0,0.5,0.0,0.0,0.0,0.0,0.5,0.5,0.0,0.0,0.0,0.5,0.0,0.5,0.5,0.0,1.0,0.5
State: w17, Alice: ['e1', 'zero'], Bob: ['e2', 'zero'], Long Bob: e1, Transform: f12;0.5,0.0,0.0,0.0,0.0,0.5,0.0,0.0,0.0,0.0,0.5,0.0,0.5,0.5,0.5,1.0,0.0,0.0,0.0,0.0,0.5,0.5,0.0,0.0,0.0,0.5,0.0,0.5,0.5,0.0,1.0,0.5
State: w17, Alice: ['zero', 'e1'], Bob: ['zero', 'e2'], Long Bob: e1, Transform: f13;0.0,0.0,0.0,0.5,0.0,0.0,0.5,0.0,0.0,0.5,0.0,0.0,1.0,0.5,0.5,0.5,0.0,0.0,0.5,0.5,0.0,0.0,0.0,0.0,0.5,0.5,0.0,0.0,0.5,0.5,0.5,0.5
State: w17, Alice: ['zero', 'e1'], Bob: ['e2', 'zero'], Long Bob: e1, Transform: f13;0.0,0.0,0.5,0.0,0.0,0.0,0.0,0.5,0.5,0.0,0.0,0.0,0.5,1.0,0.5,0.5,0.0,0.0,0.5,0.5,0.0,0.0,0.0,0.0,0.5,0.5,0.0,0.0,0.5,0.5,0.5,0.5
State: w17, Alice: ['e1', 'zero'], Bob: ['zero', 'e2'], Long Bob: e1, Transform: f13;0.0,0.5,0.0,0.0,0.5,0.0,0.0,0.0,0.0,0.0,0.0,0.5,0.5,0.5,1.0,0.5,0.5,0.5,0.0,0.0,0.0,0.0,0.0,0.0,0.0,0.0,0.5,0.5,0.5,0.5,0.5,0.5
State: w17, Alice: ['e1', 'zero'], Bob: ['e2', 'zero'], Long Bob: e1, Transform: f13;0.5,0.0,0.0,0.0,0.0,0.5,0.0,0.0,0.0,0.0,0.5,0.0,0.5,0.5,0.5,1.0,0.5,0.5,0.0,0.0,0.0,0.0,0.0,0.0,0.0,0.0,0.5,0.5,0.5,0.5,0.5,0.5
State: w17, Alice: ['zero', 'e1'], Bob: ['zero', 'e2'], Long Bob: e1, Transform: f14;0.0,0.0,0.0,0.5,0.0,0.0,0.5,0.0,0.0,0.5,0.0,0.0,1.0,0.5,0.5,0.5,0.0,0.0,0.5,0.0,0.0,0.0,0.0,0.5,0.5,0.0,0.0,0.0,0.5,1.0,0.5,0.5
State: w17, Alice: ['zero', 'e1'], Bob: ['e2', 'zero'], Long Bob: e1, Transform: f14;0.0,0.0,0.5,0.0,0.0,0.0,0.0,0.5,0.5,0.0,0.0,0.0,0.5,1.0,0.5,0.5,0.0,0.0,0.5,0.0,0.0,0.0,0.0,0.5,0.5,0.0,0.0,0.0,0.5,1.0,0.5,0.5
State: w17, Alice: ['e1', 'zero'], Bob: ['zero', 'e2'], Long Bob: e1, Transform: f14;0.0,0.5,0.0,0.0,0.5,0.0,0.0,0.0,0.0,0.0,0.0,0.5,0.5,0.5,1.0,0.5,0.5,0.0,0.0,0.0,0.0,0.5,0.0,0.0,0.0,0.0,0.5,0.0,0.5,0.5,0.5,1.0
State: w17, Alice: ['e1', 'zero'], Bob: ['e2', 'zero'], Long Bob: e1, Transform: f14;0.5,0.0,0.0,0.0,0.0,0.5,0.0,0.0,0.0,0.0,0.5,0.0,0.5,0.5,0.5,1.0,0.5,0.0,0.0,0.0,0.0,0.5,0.0,0.0,0.0,0.0,0.5,0.0,0.5,0.5,0.5,1.0
State: w17, Alice: ['zero', 'e1'], Bob: ['zero', 'e2'], Long Bob: e1, Transform: f15;0.0,0.0,0.0,0.5,0.0,0.0,0.5,0.0,0.0,0.5,0.0,0.0,1.0,0.5,0.5,0.5,0.0,0.0,0.0,0.5,0.0,0.0,0.5,0.0,0.0,0.5,0.0,0.0,1.0,0.5,0.5,0.5
State: w17, Alice: ['zero', 'e1'], Bob: ['e2', 'zero'], Long Bob: e1, Transform: f15;0.0,0.0,0.5,0.0,0.0,0.0,0.0,0.5,0.5,0.0,0.0,0.0,0.5,1.0,0.5,0.5,0.0,0.0,0.0,0.5,0.0,0.0,0.5,0.0,0.0,0.5,0.0,0.0,1.0,0.5,0.5,0.5
State: w17, Alice: ['e1', 'zero'], Bob: ['zero', 'e2'], Long Bob: e1, Transform: f15;0.0,0.5,0.0,0.0,0.5,0.0,0.0,0.0,0.0,0.0,0.0,0.5,0.5,0.5,1.0,0.5,0.0,0.5,0.0,0.0,0.5,0.0,0.0,0.0,0.0,0.0,0.0,0.5,0.5,0.5,1.0,0.5
State: w17, Alice: ['e1', 'zero'], Bob: ['e2', 'zero'], Long Bob: e1, Transform: f15;0.5,0.0,0.0,0.0,0.0,0.5,0.0,0.0,0.0,0.0,0.5,0.0,0.5,0.5,0.5,1.0,0.0,0.5,0.0,0.0,0.5,0.0,0.0,0.0,0.0,0.0,0.0,0.5,0.5,0.5,1.0,0.5
State: w17, Alice: ['zero', 'e1'], Bob: ['e1', 'e1'], Long Bob: u, Transform: f1;0.0,0.0,0.0,0.0,0.0,0.0,0.5,0.5,0.5,0.5,0.5,0.5,0.5,0.5,0.0,0.0,0.0,0.0,0.5,0.5,0.0,0.0,0.0,0.0,1.0,1.0,0.5,0.5,0.0,0.0,0.0,0.0
State: w17, Alice: ['e1', 'zero'], Bob: ['e1', 'e1'], Long Bob: u, Transform: f1;0.0,0.0,0.0,0.0,0.5,0.5,0.0,0.0,0.5,0.5,0.5,0.5,0.0,0.0,0.5,0.5,0.5,0.5,0.0,0.0,0.0,0.0,0.0,0.0,0.5,0.5,1.0,1.0,0.0,0.0,0.0,0.0
State: w17, Alice: ['zero', 'e1'], Bob: ['e1', 'e1'], Long Bob: u, Transform: f5;0.0,0.0,0.0,0.0,0.0,0.0,0.5,0.5,0.5,0.5,0.5,0.5,0.5,0.5,0.0,0.0,0.0,0.0,0.5,0.0,0.0,0.0,0.0,0.5,1.0,0.0,0.5,0.0,0.0,1.0,0.0,0.5
State: w17, Alice: ['e1', 'zero'], Bob: ['e1', 'e1'], Long Bob: u, Transform: f5;0.0,0.0,0.0,0.0,0.5,0.5,0.0,0.0,0.5,0.5,0.5,0.5,0.0,0.0,0.5,0.5,0.5,0.0,0.0,0.0,0.0,0.5,0.0,0.0,0.5,0.0,1.0,0.0,0.0,0.5,0.0,1.0
State: w17, Alice: ['zero', 'e1'], Bob: ['e1', 'e1'], Long Bob: u, Transform: f9;0.0,0.0,0.0,0.0,0.0,0.0,0.5,0.5,0.5,0.5,0.5,0.5,0.5,0.5,0.0,0.0,0.0,0.0,0.0,0.5,0.0,0.0,0.5,0.0,0.0,1.0,0.0,0.5,1.0,0.0,0.5,0.0
State: w17, Alice: ['e1', 'zero'], Bob: ['e1', 'e1'], Long Bob: u, Transform: f9;0.0,0.0,0.0,0.0,0.5,0.5,0.0,0.0,0.5,0.5,0.5,0.5,0.0,0.0,0.5,0.5,0.0,0.5,0.0,0.0,0.5,0.0,0.0,0.0,0.0,0.5,0.0,1.0,0.5,0.0,1.0,0.0
State: w17, Alice: ['zero', 'e1'], Bob: ['e1', 'e1'], Long Bob: u, Transform: f13;0.0,0.0,0.0,0.0,0.0,0.0,0.5,0.5,0.5,0.5,0.5,0.5,0.5,0.5,0.0,0.0,0.0,0.0,0.0,0.0,0.0,0.0,0.5,0.5,0.0,0.0,0.0,0.0,1.0,1.0,0.5,0.5
State: w17, Alice: ['e1', 'zero'], Bob: ['e1', 'e1'], Long Bob: u, Transform: f13;0.0,0.0,0.0,0.0,0.5,0.5,0.0,0.0,0.5,0.5,0.5,0.5,0.0,0.0,0.5,0.5,0.0,0.0,0.0,0.0,0.5,0.5,0.0,0.0,0.0,0.0,0.0,0.0,0.5,0.5,1.0,1.0
State: w17, Alice: ['zero', 'e1'], Bob: ['e1', 'e1'], Long Bob: e1, Transform: f2;0.0,0.0,0.0,0.0,0.0,0.0,0.5,0.5,0.5,0.5,0.5,0.5,0.5,0.5,0.0,0.0,0.0,0.0,0.5,0.0,0.0,0.0,0.0,0.5,1.0,0.5,0.5,0.5,0.0,0.5,0.0,0.0
State: w17, Alice: ['e1', 'zero'], Bob: ['e1', 'e1'], Long Bob: e1, Transform: f2;0.0,0.0,0.0,0.0,0.5,0.5,0.0,0.0,0.5,0.5,0.5,0.5,0.0,0.0,0.5,0.5,0.5,0.0,0.0,0.0,0.0,0.5,0.0,0.0,0.5,0.5,1.0,0.5,0.0,0.0,0.0,0.5
State: w17, Alice: ['zero', 'e1'], Bob: ['e1', 'e1'], Long Bob: e1, Transform: f3;0.0,0.0,0.0,0.0,0.0,0.0,0.5,0.5,0.5,0.5,0.5,0.5,0.5,0.5,0.0,0.0,0.0,0.0,0.0,0.5,0.0,0.0,0.5,0.0,0.5,1.0,0.5,0.5,0.5,0.0,0.0,0.0
State: w17, Alice: ['e1', 'zero'], Bob: ['e1', 'e1'], Long Bob: e1, Transform: f3;0.0,0.0,0.0,0.0,0.5,0.5,0.0,0.0,0.5,0.5,0.5,0.5,0.0,0.0,0.5,0.5,0.0,0.5,0.0,0.0,0.5,0.0,0.0,0.0,0.5,0.5,0.5,1.0,0.0,0.0,0.5,0.0
State: w17, Alice: ['zero', 'e1'], Bob: ['e1', 'e1'], Long Bob: e1, Transform: f4;0.0,0.0,0.0,0.0,0.0,0.0,0.5,0.5,0.5,0.5,0.5,0.5,0.5,0.5,0.0,0.0,0.0,0.0,0.0,0.0,0.0,0.0,0.5,0.5,0.5,0.5,0.5,0.5,0.5,0.5,0.0,0.0
State: w17, Alice: ['e1', 'zero'], Bob: ['e1', 'e1'], Long Bob: e1, Transform: f4;0.0,0.0,0.0,0.0,0.5,0.5,0.0,0.0,0.5,0.5,0.5,0.5,0.0,0.0,0.5,0.5,0.0,0.0,0.0,0.0,0.5,0.5,0.0,0.0,0.5,0.5,0.5,0.5,0.0,0.0,0.5,0.5
State: w17, Alice: ['zero', 'e1'], Bob: ['e1', 'e1'], Long Bob: e1, Transform: f5;0.0,0.0,0.0,0.0,0.0,0.0,0.5,0.5,0.5,0.5,0.5,0.5,0.5,0.5,0.0,0.0,0.0,0.0,0.5,0.5,0.0,0.0,0.0,0.0,1.0,0.5,0.5,0.0,0.0,0.5,0.0,0.5
State: w17, Alice: ['e1', 'zero'], Bob: ['e1', 'e1'], Long Bob: e1, Transform: f5;0.0,0.0,0.0,0.0,0.5,0.5,0.0,0.0,0.5,0.5,0.5,0.5,0.0,0.0,0.5,0.5,0.5,0.5,0.0,0.0,0.0,0.0,0.0,0.0,0.5,0.0,1.0,0.5,0.0,0.5,0.0,0.5
State: w17, Alice: ['zero', 'e1'], Bob: ['e1', 'e1'], Long Bob: e1, Transform: f7;0.0,0.0,0.0,0.0,0.0,0.0,0.5,0.5,0.5,0.5,0.5,0.5,0.5,0.5,0.0,0.0,0.0,0.0,0.0,0.5,0.0,0.0,0.5,0.0,0.5,0.5,0.5,0.0,0.5,0.5,0.0,0.5
State: w17, Alice: ['e1', 'zero'], Bob: ['e1', 'e1'], Long Bob: e1, Transform: f7;0.0,0.0,0.0,0.0,0.5,0.5,0.0,0.0,0.5,0.5,0.5,0.5,0.0,0.0,0.5,0.5,0.0,0.5,0.0,0.0,0.5,0.0,0.0,0.0,0.5,0.0,0.5,0.5,0.0,0.5,0.5,0.5
State: w17, Alice: ['zero', 'e1'], Bob: ['e1', 'e1'], Long Bob: e1, Transform: f8;0.0,0.0,0.0,0.0,0.0,0.0,0.5,0.5,0.5,0.5,0.5,0.5,0.5,0.5,0.0,0.0,0.0,0.0,0.0,0.0,0.0,0.0,0.5,0.5,0.5,0.0,0.5,0.0,0.5,1.0,0.0,0.5
State: w17, Alice: ['e1', 'zero'], Bob: ['e1', 'e1'], Long Bob: e1, Transform: f8;0.0,0.0,0.0,0.0,0.5,0.5,0.0,0.0,0.5,0.5,0.5,0.5,0.0,0.0,0.5,0.5,0.0,0.0,0.0,0.0,0.5,0.5,0.0,0.0,0.5,0.0,0.5,0.0,0.0,0.5,0.5,1.0
State: w17, Alice: ['zero', 'e1'], Bob: ['e1', 'e1'], Long Bob: e1, Transform: f9;0.0,0.0,0.0,0.0,0.0,0.0,0.5,0.5,0.5,0.5,0.5,0.5,0.5,0.5,0.0,0.0,0.0,0.0,0.5,0.5,0.0,0.0,0.0,0.0,0.5,1.0,0.0,0.5,0.5,0.0,0.5,0.0
State: w17, Alice: ['e1', 'zero'], Bob: ['e1', 'e1'], Long Bob: e1, Transform: f9;0.0,0.0,0.0,0.0,0.5,0.5,0.0,0.0,0.5,0.5,0.5,0.5,0.0,0.0,0.5,0.5,0.5,0.5,0.0,0.0,0.0,0.0,0.0,0.0,0.0,0.5,0.5,1.0,0.5,0.0,0.5,0.0
State: w17, Alice: ['zero', 'e1'], Bob: ['e1', 'e1'], Long Bob: e1, Transform: f10;0.0,0.0,0.0,0.0,0.0,0.0,0.5,0.5,0.5,0.5,0.5,0.5,0.5,0.5,0.0,0.0,0.0,0.0,0.5,0.0,0.0,0.0,0.0,0.5,0.5,0.5,0.0,0.5,0.5,0.5,0.5,0.0
State: w17, Alice: ['e1', 'zero'], Bob: ['e1', 'e1'], Long Bob: e1, Transform: f10;0.0,0.0,0.0,0.0,0.5,0.5,0.0,0.0,0.5,0.5,0.5,0.5,0.0,0.0,0.5,0.5,0.5,0.0,0.0,0.0,0.0,0.5,0.0,0.0,0.0,0.5,0.5,0.5,0.5,0.0,0.5,0.5
State: w17, Alice: ['zero', 'e1'], Bob: ['e1', 'e1'], Long Bob: e1, Transform: f12;0.0,0.0,0.0,0.0,0.0,0.0,0.5,0.5,0.5,0.5,0.5,0.5,0.5,0.5,0.0,0.0,0.0,0.0,0.0,0.0,0.0,0.0,0.5,0.5,0.0,0.5,0.0,0.5,1.0,0.5,0.5,0.0
State: w17, Alice: ['e1', 'zero'], Bob: ['e1', 'e1'], Long Bob: e1, Transform: f12;0.0,0.0,0.0,0.0,0.5,0.5,0.0,0.0,0.5,0.5,0.5,0.5,0.0,0.0,0.5,0.5,0.0,0.0,0.0,0.0,0.5,0.5,0.0,0.0,0.0,0.5,0.0,0.5,0.5,0.0,1.0,0.5
State: w17, Alice: ['zero', 'e1'], Bob: ['e1', 'e1'], Long Bob: e1, Transform: f13;0.0,0.0,0.0,0.0,0.0,0.0,0.5,0.5,0.5,0.5,0.5,0.5,0.5,0.5,0.0,0.0,0.0,0.0,0.5,0.5,0.0,0.0,0.0,0.0,0.5,0.5,0.0,0.0,0.5,0.5,0.5,0.5
State: w17, Alice: ['e1', 'zero'], Bob: ['e1', 'e1'], Long Bob: e1, Transform: f13;0.0,0.0,0.0,0.0,0.5,0.5,0.0,0.0,0.5,0.5,0.5,0.5,0.0,0.0,0.5,0.5,0.5,0.5,0.0,0.0,0.0,0.0,0.0,0.0,0.0,0.0,0.5,0.5,0.5,0.5,0.5,0.5
State: w17, Alice: ['zero', 'e1'], Bob: ['e1', 'e1'], Long Bob: e1, Transform: f14;0.0,0.0,0.0,0.0,0.0,0.0,0.5,0.5,0.5,0.5,0.5,0.5,0.5,0.5,0.0,0.0,0.0,0.0,0.5,0.0,0.0,0.0,0.0,0.5,0.5,0.0,0.0,0.0,0.5,1.0,0.5,0.5
State: w17, Alice: ['e1', 'zero'], Bob: ['e1', 'e1'], Long Bob: e1, Transform: f14;0.0,0.0,0.0,0.0,0.5,0.5,0.0,0.0,0.5,0.5,0.5,0.5,0.0,0.0,0.5,0.5,0.5,0.0,0.0,0.0,0.0,0.5,0.0,0.0,0.0,0.0,0.5,0.0,0.5,0.5,0.5,1.0
State: w17, Alice: ['zero', 'e1'], Bob: ['e1', 'e1'], Long Bob: e1, Transform: f15;0.0,0.0,0.0,0.0,0.0,0.0,0.5,0.5,0.5,0.5,0.5,0.5,0.5,0.5,0.0,0.0,0.0,0.0,0.0,0.5,0.0,0.0,0.5,0.0,0.0,0.5,0.0,0.0,1.0,0.5,0.5,0.5
State: w17, Alice: ['e1', 'zero'], Bob: ['e1', 'e1'], Long Bob: e1, Transform: f15;0.0,0.0,0.0,0.0,0.5,0.5,0.0,0.0,0.5,0.5,0.5,0.5,0.0,0.0,0.5,0.5,0.0,0.5,0.0,0.0,0.5,0.0,0.0,0.0,0.0,0.0,0.0,0.5,0.5,0.5,1.0,0.5
State: w17, Alice: ['zero', 'e1'], Bob: ['e1', 'e2'], Long Bob: u, Transform: f1;0.0,0.0,0.0,0.5,0.0,0.0,0.5,0.0,0.5,0.5,0.5,0.0,0.5,0.5,0.0,0.5,0.0,0.0,0.5,0.5,0.0,0.0,0.0,0.0,1.0,1.0,0.5,0.5,0.0,0.0,0.0,0.0
State: w17, Alice: ['zero', 'e1'], Bob: ['e2', 'e1'], Long Bob: u, Transform: f1;0.0,0.0,0.5,0.0,0.0,0.0,0.0,0.5,0.5,0.5,0.0,0.5,0.5,0.5,0.5,0.0,0.0,0.0,0.5,0.5,0.0,0.0,0.0,0.0,1.0,1.0,0.5,0.5,0.0,0.0,0.0,0.0
State: w17, Alice: ['e1', 'zero'], Bob: ['e1', 'e2'], Long Bob: u, Transform: f1;0.0,0.5,0.0,0.0,0.5,0.0,0.0,0.0,0.5,0.0,0.5,0.5,0.0,0.5,0.5,0.5,0.5,0.5,0.0,0.0,0.0,0.0,0.0,0.0,0.5,0.5,1.0,1.0,0.0,0.0,0.0,0.0
State: w17, Alice: ['e1', 'zero'], Bob: ['e2', 'e1'], Long Bob: u, Transform: f1;0.5,0.0,0.0,0.0,0.0,0.5,0.0,0.0,0.0,0.5,0.5,0.5,0.5,0.0,0.5,0.5,0.5,0.5,0.0,0.0,0.0,0.0,0.0,0.0,0.5,0.5,1.0,1.0,0.0,0.0,0.0,0.0
State: w17, Alice: ['zero', 'e1'], Bob: ['e1', 'e2'], Long Bob: u, Transform: f5;0.0,0.0,0.0,0.5,0.0,0.0,0.5,0.0,0.5,0.5,0.5,0.0,0.5,0.5,0.0,0.5,0.0,0.0,0.5,0.0,0.0,0.0,0.0,0.5,1.0,0.0,0.5,0.0,0.0,1.0,0.0,0.5
State: w17, Alice: ['zero', 'e1'], Bob: ['e2', 'e1'], Long Bob: u, Transform: f5;0.0,0.0,0.5,0.0,0.0,0.0,0.0,0.5,0.5,0.5,0.0,0.5,0.5,0.5,0.5,0.0,0.0,0.0,0.5,0.0,0.0,0.0,0.0,0.5,1.0,0.0,0.5,0.0,0.0,1.0,0.0,0.5
State: w17, Alice: ['e1', 'zero'], Bob: ['e1', 'e2'], Long Bob: u, Transform: f5;0.0,0.5,0.0,0.0,0.5,0.0,0.0,0.0,0.5,0.0,0.5,0.5,0.0,0.5,0.5,0.5,0.5,0.0,0.0,0.0,0.0,0.5,0.0,0.0,0.5,0.0,1.0,0.0,0.0,0.5,0.0,1.0
State: w17, Alice: ['e1', 'zero'], Bob: ['e2', 'e1'], Long Bob: u, Transform: f5;0.5,0.0,0.0,0.0,0.0,0.5,0.0,0.0,0.0,0.5,0.5,0.5,0.5,0.0,0.5,0.5,0.5,0.0,0.0,0.0,0.0,0.5,0.0,0.0,0.5,0.0,1.0,0.0,0.0,0.5,0.0,1.0
State: w17, Alice: ['zero', 'e1'], Bob: ['e1', 'e2'], Long Bob: u, Transform: f9;0.0,0.0,0.0,0.5,0.0,0.0,0.5,0.0,0.5,0.5,0.5,0.0,0.5,0.5,0.0,0.5,0.0,0.0,0.0,0.5,0.0,0.0,0.5,0.0,0.0,1.0,0.0,0.5,1.0,0.0,0.5,0.0
State: w17, Alice: ['zero', 'e1'], Bob: ['e2', 'e1'], Long Bob: u, Transform: f9;0.0,0.0,0.5,0.0,0.0,0.0,0.0,0.5,0.5,0.5,0.0,0.5,0.5,0.5,0.5,0.0,0.0,0.0,0.0,0.5,0.0,0.0,0.5,0.0,0.0,1.0,0.0,0.5,1.0,0.0,0.5,0.0
State: w17, Alice: ['e1', 'zero'], Bob: ['e1', 'e2'], Long Bob: u, Transform: f9;0.0,0.5,0.0,0.0,0.5,0.0,0.0,0.0,0.5,0.0,0.5,0.5,0.0,0.5,0.5,0.5,0.0,0.5,0.0,0.0,0.5,0.0,0.0,0.0,0.0,0.5,0.0,1.0,0.5,0.0,1.0,0.0
State: w17, Alice: ['e1', 'zero'], Bob: ['e2', 'e1'], Long Bob: u, Transform: f9;0.5,0.0,0.0,0.0,0.0,0.5,0.0,0.0,0.0,0.5,0.5,0.5,0.5,0.0,0.5,0.5,0.0,0.5,0.0,0.0,0.5,0.0,0.0,0.0,0.0,0.5,0.0,1.0,0.5,0.0,1.0,0.0
State: w17, Alice: ['zero', 'e1'], Bob: ['e1', 'e2'], Long Bob: u, Transform: f13;0.0,0.0,0.0,0.5,0.0,0.0,0.5,0.0,0.5,0.5,0.5,0.0,0.5,0.5,0.0,0.5,0.0,0.0,0.0,0.0,0.0,0.0,0.5,0.5,0.0,0.0,0.0,0.0,1.0,1.0,0.5,0.5
State: w17, Alice: ['zero', 'e1'], Bob: ['e2', 'e1'], Long Bob: u, Transform: f13;0.0,0.0,0.5,0.0,0.0,0.0,0.0,0.5,0.5,0.5,0.0,0.5,0.5,0.5,0.5,0.0,0.0,0.0,0.0,0.0,0.0,0.0,0.5,0.5,0.0,0.0,0.0,0.0,1.0,1.0,0.5,0.5
State: w17, Alice: ['e1', 'zero'], Bob: ['e1', 'e2'], Long Bob: u, Transform: f13;0.0,0.5,0.0,0.0,0.5,0.0,0.0,0.0,0.5,0.0,0.5,0.5,0.0,0.5,0.5,0.5,0.0,0.0,0.0,0.0,0.5,0.5,0.0,0.0,0.0,0.0,0.0,0.0,0.5,0.5,1.0,1.0
State: w17, Alice: ['e1', 'zero'], Bob: ['e2', 'e1'], Long Bob: u, Transform: f13;0.5,0.0,0.0,0.0,0.0,0.5,0.0,0.0,0.0,0.5,0.5,0.5,0.5,0.0,0.5,0.5,0.0,0.0,0.0,0.0,0.5,0.5,0.0,0.0,0.0,0.0,0.0,0.0,0.5,0.5,1.0,1.0
State: w17, Alice: ['zero', 'e1'], Bob: ['e1', 'e2'], Long Bob: e1, Transform: f2;0.0,0.0,0.0,0.5,0.0,0.0,0.5,0.0,0.5,0.5,0.5,0.0,0.5,0.5,0.0,0.5,0.0,0.0,0.5,0.0,0.0,0.0,0.0,0.5,1.0,0.5,0.5,0.5,0.0,0.5,0.0,0.0
State: w17, Alice: ['zero', 'e1'], Bob: ['e2', 'e1'], Long Bob: e1, Transform: f2;0.0,0.0,0.5,0.0,0.0,0.0,0.0,0.5,0.5,0.5,0.0,0.5,0.5,0.5,0.5,0.0,0.0,0.0,0.5,0.0,0.0,0.0,0.0,0.5,1.0,0.5,0.5,0.5,0.0,0.5,0.0,0.0
State: w17, Alice: ['e1', 'zero'], Bob: ['e1', 'e2'], Long Bob: e1, Transform: f2;0.0,0.5,0.0,0.0,0.5,0.0,0.0,0.0,0.5,0.0,0.5,0.5,0.0,0.5,0.5,0.5,0.5,0.0,0.0,0.0,0.0,0.5,0.0,0.0,0.5,0.5,1.0,0.5,0.0,0.0,0.0,0.5
State: w17, Alice: ['e1', 'zero'], Bob: ['e2', 'e1'], Long Bob: e1, Transform: f2;0.5,0.0,0.0,0.0,0.0,0.5,0.0,0.0,0.0,0.5,0.5,0.5,0.5,0.0,0.5,0.5,0.5,0.0,0.0,0.0,0.0,0.5,0.0,0.0,0.5,0.5,1.0,0.5,0.0,0.0,0.0,0.5
State: w17, Alice: ['zero', 'e1'], Bob: ['e1', 'e2'], Long Bob: e1, Transform: f3;0.0,0.0,0.0,0.5,0.0,0.0,0.5,0.0,0.5,0.5,0.5,0.0,0.5,0.5,0.0,0.5,0.0,0.0,0.0,0.5,0.0,0.0,0.5,0.0,0.5,1.0,0.5,0.5,0.5,0.0,0.0,0.0
State: w17, Alice: ['zero', 'e1'], Bob: ['e2', 'e1'], Long Bob: e1, Transform: f3;0.0,0.0,0.5,0.0,0.0,0.0,0.0,0.5,0.5,0.5,0.0,0.5,0.5,0.5,0.5,0.0,0.0,0.0,0.0,0.5,0.0,0.0,0.5,0.0,0.5,1.0,0.5,0.5,0.5,0.0,0.0,0.0
State: w17, Alice: ['e1', 'zero'], Bob: ['e1', 'e2'], Long Bob: e1, Transform: f3;0.0,0.5,0.0,0.0,0.5,0.0,0.0,0.0,0.5,0.0,0.5,0.5,0.0,0.5,0.5,0.5,0.0,0.5,0.0,0.0,0.5,0.0,0.0,0.0,0.5,0.5,0.5,1.0,0.0,0.0,0.5,0.0
State: w17, Alice: ['e1', 'zero'], Bob: ['e2', 'e1'], Long Bob: e1, Transform: f3;0.5,0.0,0.0,0.0,0.0,0.5,0.0,0.0,0.0,0.5,0.5,0.5,0.5,0.0,0.5,0.5,0.0,0.5,0.0,0.0,0.5,0.0,0.0,0.0,0.5,0.5,0.5,1.0,0.0,0.0,0.5,0.0
State: w17, Alice: ['zero', 'e1'], Bob: ['e1', 'e2'], Long Bob: e1, Transform: f4;0.0,0.0,0.0,0.5,0.0,0.0,0.5,0.0,0.5,0.5,0.5,0.0,0.5,0.5,0.0,0.5,0.0,0.0,0.0,0.0,0.0,0.0,0.5,0.5,0.5,0.5,0.5,0.5,0.5,0.5,0.0,0.0
State: w17, Alice: ['zero', 'e1'], Bob: ['e2', 'e1'], Long Bob: e1, Transform: f4;0.0,0.0,0.5,0.0,0.0,0.0,0.0,0.5,0.5,0.5,0.0,0.5,0.5,0.5,0.5,0.0,0.0,0.0,0.0,0.0,0.0,0.0,0.5,0.5,0.5,0.5,0.5,0.5,0.5,0.5,0.0,0.0
State: w17, Alice: ['e1', 'zero'], Bob: ['e1', 'e2'], Long Bob: e1, Transform: f4;0.0,0.5,0.0,0.0,0.5,0.0,0.0,0.0,0.5,0.0,0.5,0.5,0.0,0.5,0.5,0.5,0.0,0.0,0.0,0.0,0.5,0.5,0.0,0.0,0.5,0.5,0.5,0.5,0.0,0.0,0.5,0.5
State: w17, Alice: ['e1', 'zero'], Bob: ['e2', 'e1'], Long Bob: e1, Transform: f4;0.5,0.0,0.0,0.0,0.0,0.5,0.0,0.0,0.0,0.5,0.5,0.5,0.5,0.0,0.5,0.5,0.0,0.0,0.0,0.0,0.5,0.5,0.0,0.0,0.5,0.5,0.5,0.5,0.0,0.0,0.5,0.5
State: w17, Alice: ['zero', 'e1'], Bob: ['e1', 'e2'], Long Bob: e1, Transform: f5;0.0,0.0,0.0,0.5,0.0,0.0,0.5,0.0,0.5,0.5,0.5,0.0,0.5,0.5,0.0,0.5,0.0,0.0,0.5,0.5,0.0,0.0,0.0,0.0,1.0,0.5,0.5,0.0,0.0,0.5,0.0,0.5
State: w17, Alice: ['zero', 'e1'], Bob: ['e2', 'e1'], Long Bob: e1, Transform: f5;0.0,0.0,0.5,0.0,0.0,0.0,0.0,0.5,0.5,0.5,0.0,0.5,0.5,0.5,0.5,0.0,0.0,0.0,0.5,0.5,0.0,0.0,0.0,0.0,1.0,0.5,0.5,0.0,0.0,0.5,0.0,0.5
State: w17, Alice: ['e1', 'zero'], Bob: ['e1', 'e2'], Long Bob: e1, Transform: f5;0.0,0.5,0.0,0.0,0.5,0.0,0.0,0.0,0.5,0.0,0.5,0.5,0.0,0.5,0.5,0.5,0.5,0.5,0.0,0.0,0.0,0.0,0.0,0.0,0.5,0.0,1.0,0.5,0.0,0.5,0.0,0.5
State: w17, Alice: ['e1', 'zero'], Bob: ['e2', 'e1'], Long Bob: e1, Transform: f5;0.5,0.0,0.0,0.0,0.0,0.5,0.0,0.0,0.0,0.5,0.5,0.5,0.5,0.0,0.5,0.5,0.5,0.5,0.0,0.0,0.0,0.0,0.0,0.0,0.5,0.0,1.0,0.5,0.0,0.5,0.0,0.5
State: w17, Alice: ['zero', 'e1'], Bob: ['e1', 'e2'], Long Bob: e1, Transform: f7;0.0,0.0,0.0,0.5,0.0,0.0,0.5,0.0,0.5,0.5,0.5,0.0,0.5,0.5,0.0,0.5,0.0,0.0,0.0,0.5,0.0,0.0,0.5,0.0,0.5,0.5,0.5,0.0,0.5,0.5,0.0,0.5
State: w17, Alice: ['zero', 'e1'], Bob: ['e2', 'e1'], Long Bob: e1, Transform: f7;0.0,0.0,0.5,0.0,0.0,0.0,0.0,0.5,0.5,0.5,0.0,0.5,0.5,0.5,0.5,0.0,0.0,0.0,0.0,0.5,0.0,0.0,0.5,0.0,0.5,0.5,0.5,0.0,0.5,0.5,0.0,0.5
State: w17, Alice: ['e1', 'zero'], Bob: ['e1', 'e2'], Long Bob: e1, Transform: f7;0.0,0.5,0.0,0.0,0.5,0.0,0.0,0.0,0.5,0.0,0.5,0.5,0.0,0.5,0.5,0.5,0.0,0.5,0.0,0.0,0.5,0.0,0.0,0.0,0.5,0.0,0.5,0.5,0.0,0.5,0.5,0.5
State: w17, Alice: ['e1', 'zero'], Bob: ['e2', 'e1'], Long Bob: e1, Transform: f7;0.5,0.0,0.0,0.0,0.0,0.5,0.0,0.0,0.0,0.5,0.5,0.5,0.5,0.0,0.5,0.5,0.0,0.5,0.0,0.0,0.5,0.0,0.0,0.0,0.5,0.0,0.5,0.5,0.0,0.5,0.5,0.5
State: w17, Alice: ['zero', 'e1'], Bob: ['e1', 'e2'], Long Bob: e1, Transform: f8;0.0,0.0,0.0,0.5,0.0,0.0,0.5,0.0,0.5,0.5,0.5,0.0,0.5,0.5,0.0,0.5,0.0,0.0,0.0,0.0,0.0,0.0,0.5,0.5,0.5,0.0,0.5,0.0,0.5,1.0,0.0,0.5
State: w17, Alice: ['zero', 'e1'], Bob: ['e2', 'e1'], Long Bob: e1, Transform: f8;0.0,0.0,0.5,0.0,0.0,0.0,0.0,0.5,0.5,0.5,0.0,0.5,0.5,0.5,0.5,0.0,0.0,0.0,0.0,0.0,0.0,0.0,0.5,0.5,0.5,0.0,0.5,0.0,0.5,1.0,0.0,0.5
State: w17, Alice: ['e1', 'zero'], Bob: ['e1', 'e2'], Long Bob: e1, Transform: f8;0.0,0.5,0.0,0.0,0.5,0.0,0.0,0.0,0.5,0.0,0.5,0.5,0.0,0.5,0.5,0.5,0.0,0.0,0.0,0.0,0.5,0.5,0.0,0.0,0.5,0.0,0.5,0.0,0.0,0.5,0.5,1.0
State: w17, Alice: ['e1', 'zero'], Bob: ['e2', 'e1'], Long Bob: e1, Transform: f8;0.5,0.0,0.0,0.0,0.0,0.5,0.0,0.0,0.0,0.5,0.5,0.5,0.5,0.0,0.5,0.5,0.0,0.0,0.0,0.0,0.5,0.5,0.0,0.0,0.5,0.0,0.5,0.0,0.0,0.5,0.5,1.0
State: w17, Alice: ['zero', 'e1'], Bob: ['e1', 'e2'], Long Bob: e1, Transform: f9;0.0,0.0,0.0,0.5,0.0,0.0,0.5,0.0,0.5,0.5,0.5,0.0,0.5,0.5,0.0,0.5,0.0,0.0,0.5,0.5,0.0,0.0,0.0,0.0,0.5,1.0,0.0,0.5,0.5,0.0,0.5,0.0
State: w17, Alice: ['zero', 'e1'], Bob: ['e2', 'e1'], Long Bob: e1, Transform: f9;0.0,0.0,0.5,0.0,0.0,0.0,0.0,0.5,0.5,0.5,0.0,0.5,0.5,0.5,0.5,0.0,0.0,0.0,0.5,0.5,0.0,0.0,0.0,0.0,0.5,1.0,0.0,0.5,0.5,0.0,0.5,0.0
State: w17, Alice: ['e1', 'zero'], Bob: ['e1', 'e2'], Long Bob: e1, Transform: f9;0.0,0.5,0.0,0.0,0.5,0.0,0.0,0.0,0.5,0.0,0.5,0.5,0.0,0.5,0.5,0.5,0.5,0.5,0.0,0.0,0.0,0.0,0.0,0.0,0.0,0.5,0.5,1.0,0.5,0.0,0.5,0.0
State: w17, Alice: ['e1', 'zero'], Bob: ['e2', 'e1'], Long Bob: e1, Transform: f9;0.5,0.0,0.0,0.0,0.0,0.5,0.0,0.0,0.0,0.5,0.5,0.5,0.5,0.0,0.5,0.5,0.5,0.5,0.0,0.0,0.0,0.0,0.0,0.0,0.0,0.5,0.5,1.0,0.5,0.0,0.5,0.0
State: w17, Alice: ['zero', 'e1'], Bob: ['e1', 'e2'], Long Bob: e1, Transform: f10;0.0,0.0,0.0,0.5,0.0,0.0,0.5,0.0,0.5,0.5,0.5,0.0,0.5,0.5,0.0,0.5,0.0,0.0,0.5,0.0,0.0,0.0,0.0,0.5,0.5,0.5,0.0,0.5,0.5,0.5,0.5,0.0
State: w17, Alice: ['zero', 'e1'], Bob: ['e2', 'e1'], Long Bob: e1, Transform: f10;0.0,0.0,0.5,0.0,0.0,0.0,0.0,0.5,0.5,0.5,0.0,0.5,0.5,0.5,0.5,0.0,0.0,0.0,0.5,0.0,0.0,0.0,0.0,0.5,0.5,0.5,0.0,0.5,0.5,0.5,0.5,0.0
State: w17, Alice: ['e1', 'zero'], Bob: ['e1', 'e2'], Long Bob: e1, Transform: f10;0.0,0.5,0.0,0.0,0.5,0.0,0.0,0.0,0.5,0.0,0.5,0.5,0.0,0.5,0.5,0.5,0.5,0.0,0.0,0.0,0.0,0.5,0.0,0.0,0.0,0.5,0.5,0.5,0.5,0.0,0.5,0.5
State: w17, Alice: ['e1', 'zero'], Bob: ['e2', 'e1'], Long Bob: e1, Transform: f10;0.5,0.0,0.0,0.0,0.0,0.5,0.0,0.0,0.0,0.5,0.5,0.5,0.5,0.0,0.5,0.5,0.5,0.0,0.0,0.0,0.0,0.5,0.0,0.0,0.0,0.5,0.5,0.5,0.5,0.0,0.5,0.5
State: w17, Alice: ['zero', 'e1'], Bob: ['e1', 'e2'], Long Bob: e1, Transform: f12;0.0,0.0,0.0,0.5,0.0,0.0,0.5,0.0,0.5,0.5,0.5,0.0,0.5,0.5,0.0,0.5,0.0,0.0,0.0,0.0,0.0,0.0,0.5,0.5,0.0,0.5,0.0,0.5,1.0,0.5,0.5,0.0
State: w17, Alice: ['zero', 'e1'], Bob: ['e2', 'e1'], Long Bob: e1, Transform: f12;0.0,0.0,0.5,0.0,0.0,0.0,0.0,0.5,0.5,0.5,0.0,0.5,0.5,0.5,0.5,0.0,0.0,0.0,0.0,0.0,0.0,0.0,0.5,0.5,0.0,0.5,0.0,0.5,1.0,0.5,0.5,0.0
State: w17, Alice: ['e1', 'zero'], Bob: ['e1', 'e2'], Long Bob: e1, Transform: f12;0.0,0.5,0.0,0.0,0.5,0.0,0.0,0.0,0.5,0.0,0.5,0.5,0.0,0.5,0.5,0.5,0.0,0.0,0.0,0.0,0.5,0.5,0.0,0.0,0.0,0.5,0.0,0.5,0.5,0.0,1.0,0.5
State: w17, Alice: ['e1', 'zero'], Bob: ['e2', 'e1'], Long Bob: e1, Transform: f12;0.5,0.0,0.0,0.0,0.0,0.5,0.0,0.0,0.0,0.5,0.5,0.5,0.5,0.0,0.5,0.5,0.0,0.0,0.0,0.0,0.5,0.5,0.0,0.0,0.0,0.5,0.0,0.5,0.5,0.0,1.0,0.5
State: w17, Alice: ['zero', 'e1'], Bob: ['e1', 'e2'], Long Bob: e1, Transform: f13;0.0,0.0,0.0,0.5,0.0,0.0,0.5,0.0,0.5,0.5,0.5,0.0,0.5,0.5,0.0,0.5,0.0,0.0,0.5,0.5,0.0,0.0,0.0,0.0,0.5,0.5,0.0,0.0,0.5,0.5,0.5,0.5
State: w17, Alice: ['zero', 'e1'], Bob: ['e2', 'e1'], Long Bob: e1, Transform: f13;0.0,0.0,0.5,0.0,0.0,0.0,0.0,0.5,0.5,0.5,0.0,0.5,0.5,0.5,0.5,0.0,0.0,0.0,0.5,0.5,0.0,0.0,0.0,0.0,0.5,0.5,0.0,0.0,0.5,0.5,0.5,0.5
State: w17, Alice: ['e1', 'zero'], Bob: ['e1', 'e2'], Long Bob: e1, Transform: f13;0.0,0.5,0.0,0.0,0.5,0.0,0.0,0.0,0.5,0.0,0.5,0.5,0.0,0.5,0.5,0.5,0.5,0.5,0.0,0.0,0.0,0.0,0.0,0.0,0.0,0.0,0.5,0.5,0.5,0.5,0.5,0.5
State: w17, Alice: ['e1', 'zero'], Bob: ['e2', 'e1'], Long Bob: e1, Transform: f13;0.5,0.0,0.0,0.0,0.0,0.5,0.0,0.0,0.0,0.5,0.5,0.5,0.5,0.0,0.5,0.5,0.5,0.5,0.0,0.0,0.0,0.0,0.0,0.0,0.0,0.0,0.5,0.5,0.5,0.5,0.5,0.5
State: w17, Alice: ['zero', 'e1'], Bob: ['e1', 'e2'], Long Bob: e1, Transform: f14;0.0,0.0,0.0,0.5,0.0,0.0,0.5,0.0,0.5,0.5,0.5,0.0,0.5,0.5,0.0,0.5,0.0,0.0,0.5,0.0,0.0,0.0,0.0,0.5,0.5,0.0,0.0,0.0,0.5,1.0,0.5,0.5
State: w17, Alice: ['zero', 'e1'], Bob: ['e2', 'e1'], Long Bob: e1, Transform: f14;0.0,0.0,0.5,0.0,0.0,0.0,0.0,0.5,0.5,0.5,0.0,0.5,0.5,0.5,0.5,0.0,0.0,0.0,0.5,0.0,0.0,0.0,0.0,0.5,0.5,0.0,0.0,0.0,0.5,1.0,0.5,0.5
State: w17, Alice: ['e1', 'zero'], Bob: ['e1', 'e2'], Long Bob: e1, Transform: f14;0.0,0.5,0.0,0.0,0.5,0.0,0.0,0.0,0.5,0.0,0.5,0.5,0.0,0.5,0.5,0.5,0.5,0.0,0.0,0.0,0.0,0.5,0.0,0.0,0.0,0.0,0.5,0.0,0.5,0.5,0.5,1.0
State: w17, Alice: ['e1', 'zero'], Bob: ['e2', 'e1'], Long Bob: e1, Transform: f14;0.5,0.0,0.0,0.0,0.0,0.5,0.0,0.0,0.0,0.5,0.5,0.5,0.5,0.0,0.5,0.5,0.5,0.0,0.0,0.0,0.0,0.5,0.0,0.0,0.0,0.0,0.5,0.0,0.5,0.5,0.5,1.0
State: w17, Alice: ['zero', 'e1'], Bob: ['e1', 'e2'], Long Bob: e1, Transform: f15;0.0,0.0,0.0,0.5,0.0,0.0,0.5,0.0,0.5,0.5,0.5,0.0,0.5,0.5,0.0,0.5,0.0,0.0,0.0,0.5,0.0,0.0,0.5,0.0,0.0,0.5,0.0,0.0,1.0,0.5,0.5,0.5
State: w17, Alice: ['zero', 'e1'], Bob: ['e2', 'e1'], Long Bob: e1, Transform: f15;0.0,0.0,0.5,0.0,0.0,0.0,0.0,0.5,0.5,0.5,0.0,0.5,0.5,0.5,0.5,0.0,0.0,0.0,0.0,0.5,0.0,0.0,0.5,0.0,0.0,0.5,0.0,0.0,1.0,0.5,0.5,0.5
State: w17, Alice: ['e1', 'zero'], Bob: ['e1', 'e2'], Long Bob: e1, Transform: f15;0.0,0.5,0.0,0.0,0.5,0.0,0.0,0.0,0.5,0.0,0.5,0.5,0.0,0.5,0.5,0.5,0.0,0.5,0.0,0.0,0.5,0.0,0.0,0.0,0.0,0.0,0.0,0.5,0.5,0.5,1.0,0.5
State: w17, Alice: ['e1', 'zero'], Bob: ['e2', 'e1'], Long Bob: e1, Transform: f15;0.5,0.0,0.0,0.0,0.0,0.5,0.0,0.0,0.0,0.5,0.5,0.5,0.5,0.0,0.5,0.5,0.0,0.5,0.0,0.0,0.5,0.0,0.0,0.0,0.0,0.0,0.0,0.5,0.5,0.5,1.0,0.5
State: w17, Alice: ['zero', 'e1'], Bob: ['e2', 'e2'], Long Bob: u, Transform: f1;0.0,0.0,0.5,0.5,0.0,0.0,0.0,0.0,0.5,0.5,0.0,0.0,0.5,0.5,0.5,0.5,0.0,0.0,0.5,0.5,0.0,0.0,0.0,0.0,1.0,1.0,0.5,0.5,0.0,0.0,0.0,0.0
State: w17, Alice: ['e1', 'zero'], Bob: ['e2', 'e2'], Long Bob: u, Transform: f1;0.5,0.5,0.0,0.0,0.0,0.0,0.0,0.0,0.0,0.0,0.5,0.5,0.5,0.5,0.5,0.5,0.5,0.5,0.0,0.0,0.0,0.0,0.0,0.0,0.5,0.5,1.0,1.0,0.0,0.0,0.0,0.0
State: w17, Alice: ['zero', 'e1'], Bob: ['e2', 'e2'], Long Bob: u, Transform: f5;0.0,0.0,0.5,0.5,0.0,0.0,0.0,0.0,0.5,0.5,0.0,0.0,0.5,0.5,0.5,0.5,0.0,0.0,0.5,0.0,0.0,0.0,0.0,0.5,1.0,0.0,0.5,0.0,0.0,1.0,0.0,0.5
State: w17, Alice: ['e1', 'zero'], Bob: ['e2', 'e2'], Long Bob: u, Transform: f5;0.5,0.5,0.0,0.0,0.0,0.0,0.0,0.0,0.0,0.0,0.5,0.5,0.5,0.5,0.5,0.5,0.5,0.0,0.0,0.0,0.0,0.5,0.0,0.0,0.5,0.0,1.0,0.0,0.0,0.5,0.0,1.0
State: w17, Alice: ['zero', 'e1'], Bob: ['e2', 'e2'], Long Bob: u, Transform: f9;0.0,0.0,0.5,0.5,0.0,0.0,0.0,0.0,0.5,0.5,0.0,0.0,0.5,0.5,0.5,0.5,0.0,0.0,0.0,0.5,0.0,0.0,0.5,0.0,0.0,1.0,0.0,0.5,1.0,0.0,0.5,0.0
State: w17, Alice: ['e1', 'zero'], Bob: ['e2', 'e2'], Long Bob: u, Transform: f9;0.5,0.5,0.0,0.0,0.0,0.0,0.0,0.0,0.0,0.0,0.5,0.5,0.5,0.5,0.5,0.5,0.0,0.5,0.0,0.0,0.5,0.0,0.0,0.0,0.0,0.5,0.0,1.0,0.5,0.0,1.0,0.0
State: w17, Alice: ['zero', 'e1'], Bob: ['e2', 'e2'], Long Bob: u, Transform: f13;0.0,0.0,0.5,0.5,0.0,0.0,0.0,0.0,0.5,0.5,0.0,0.0,0.5,0.5,0.5,0.5,0.0,0.0,0.0,0.0,0.0,0.0,0.5,0.5,0.0,0.0,0.0,0.0,1.0,1.0,0.5,0.5
State: w17, Alice: ['e1', 'zero'], Bob: ['e2', 'e2'], Long Bob: u, Transform: f13;0.5,0.5,0.0,0.0,0.0,0.0,0.0,0.0,0.0,0.0,0.5,0.5,0.5,0.5,0.5,0.5,0.0,0.0,0.0,0.0,0.5,0.5,0.0,0.0,0.0,0.0,0.0,0.0,0.5,0.5,1.0,1.0
State: w17, Alice: ['zero', 'e1'], Bob: ['e2', 'e2'], Long Bob: e1, Transform: f2;0.0,0.0,0.5,0.5,0.0,0.0,0.0,0.0,0.5,0.5,0.0,0.0,0.5,0.5,0.5,0.5,0.0,0.0,0.5,0.0,0.0,0.0,0.0,0.5,1.0,0.5,0.5,0.5,0.0,0.5,0.0,0.0
State: w17, Alice: ['e1', 'zero'], Bob: ['e2', 'e2'], Long Bob: e1, Transform: f2;0.5,0.5,0.0,0.0,0.0,0.0,0.0,0.0,0.0,0.0,0.5,0.5,0.5,0.5,0.5,0.5,0.5,0.0,0.0,0.0,0.0,0.5,0.0,0.0,0.5,0.5,1.0,0.5,0.0,0.0,0.0,0.5
State: w17, Alice: ['zero', 'e1'], Bob: ['e2', 'e2'], Long Bob: e1, Transform: f3;0.0,0.0,0.5,0.5,0.0,0.0,0.0,0.0,0.5,0.5,0.0,0.0,0.5,0.5,0.5,0.5,0.0,0.0,0.0,0.5,0.0,0.0,0.5,0.0,0.5,1.0,0.5,0.5,0.5,0.0,0.0,0.0
State: w17, Alice: ['e1', 'zero'], Bob: ['e2', 'e2'], Long Bob: e1, Transform: f3;0.5,0.5,0.0,0.0,0.0,0.0,0.0,0.0,0.0,0.0,0.5,0.5,0.5,0.5,0.5,0.5,0.0,0.5,0.0,0.0,0.5,0.0,0.0,0.0,0.5,0.5,0.5,1.0,0.0,0.0,0.5,0.0
State: w17, Alice: ['zero', 'e1'], Bob: ['e2', 'e2'], Long Bob: e1, Transform: f4;0.0,0.0,0.5,0.5,0.0,0.0,0.0,0.0,0.5,0.5,0.0,0.0,0.5,0.5,0.5,0.5,0.0,0.0,0.0,0.0,0.0,0.0,0.5,0.5,0.5,0.5,0.5,0.5,0.5,0.5,0.0,0.0
State: w17, Alice: ['e1', 'zero'], Bob: ['e2', 'e2'], Long Bob: e1, Transform: f4;0.5,0.5,0.0,0.0,0.0,0.0,0.0,0.0,0.0,0.0,0.5,0.5,0.5,0.5,0.5,0.5,0.0,0.0,0.0,0.0,0.5,0.5,0.0,0.0,0.5,0.5,0.5,0.5,0.0,0.0,0.5,0.5
State: w17, Alice: ['zero', 'e1'], Bob: ['e2', 'e2'], Long Bob: e1, Transform: f5;0.0,0.0,0.5,0.5,0.0,0.0,0.0,0.0,0.5,0.5,0.0,0.0,0.5,0.5,0.5,0.5,0.0,0.0,0.5,0.5,0.0,0.0,0.0,0.0,1.0,0.5,0.5,0.0,0.0,0.5,0.0,0.5
State: w17, Alice: ['e1', 'zero'], Bob: ['e2', 'e2'], Long Bob: e1, Transform: f5;0.5,0.5,0.0,0.0,0.0,0.0,0.0,0.0,0.0,0.0,0.5,0.5,0.5,0.5,0.5,0.5,0.5,0.5,0.0,0.0,0.0,0.0,0.0,0.0,0.5,0.0,1.0,0.5,0.0,0.5,0.0,0.5
State: w17, Alice: ['zero', 'e1'], Bob: ['e2', 'e2'], Long Bob: e1, Transform: f7;0.0,0.0,0.5,0.5,0.0,0.0,0.0,0.0,0.5,0.5,0.0,0.0,0.5,0.5,0.5,0.5,0.0,0.0,0.0,0.5,0.0,0.0,0.5,0.0,0.5,0.5,0.5,0.0,0.5,0.5,0.0,0.5
State: w17, Alice: ['e1', 'zero'], Bob: ['e2', 'e2'], Long Bob: e1, Transform: f7;0.5,0.5,0.0,0.0,0.0,0.0,0.0,0.0,0.0,0.0,0.5,0.5,0.5,0.5,0.5,0.5,0.0,0.5,0.0,0.0,0.5,0.0,0.0,0.0,0.5,0.0,0.5,0.5,0.0,0.5,0.5,0.5
State: w17, Alice: ['zero', 'e1'], Bob: ['e2', 'e2'], Long Bob: e1, Transform: f8;0.0,0.0,0.5,0.5,0.0,0.0,0.0,0.0,0.5,0.5,0.0,0.0,0.5,0.5,0.5,0.5,0.0,0.0,0.0,0.0,0.0,0.0,0.5,0.5,0.5,0.0,0.5,0.0,0.5,1.0,0.0,0.5
State: w17, Alice: ['e1', 'zero'], Bob: ['e2', 'e2'], Long Bob: e1, Transform: f8;0.5,0.5,0.0,0.0,0.0,0.0,0.0,0.0,0.0,0.0,0.5,0.5,0.5,0.5,0.5,0.5,0.0,0.0,0.0,0.0,0.5,0.5,0.0,0.0,0.5,0.0,0.5,0.0,0.0,0.5,0.5,1.0
State: w17, Alice: ['zero', 'e1'], Bob: ['e2', 'e2'], Long Bob: e1, Transform: f9;0.0,0.0,0.5,0.5,0.0,0.0,0.0,0.0,0.5,0.5,0.0,0.0,0.5,0.5,0.5,0.5,0.0,0.0,0.5,0.5,0.0,0.0,0.0,0.0,0.5,1.0,0.0,0.5,0.5,0.0,0.5,0.0
State: w17, Alice: ['e1', 'zero'], Bob: ['e2', 'e2'], Long Bob: e1, Transform: f9;0.5,0.5,0.0,0.0,0.0,0.0,0.0,0.0,0.0,0.0,0.5,0.5,0.5,0.5,0.5,0.5,0.5,0.5,0.0,0.0,0.0,0.0,0.0,0.0,0.0,0.5,0.5,1.0,0.5,0.0,0.5,0.0
State: w17, Alice: ['zero', 'e1'], Bob: ['e2', 'e2'], Long Bob: e1, Transform: f10;0.0,0.0,0.5,0.5,0.0,0.0,0.0,0.0,0.5,0.5,0.0,0.0,0.5,0.5,0.5,0.5,0.0,0.0,0.5,0.0,0.0,0.0,0.0,0.5,0.5,0.5,0.0,0.5,0.5,0.5,0.5,0.0
State: w17, Alice: ['e1', 'zero'], Bob: ['e2', 'e2'], Long Bob: e1, Transform: f10;0.5,0.5,0.0,0.0,0.0,0.0,0.0,0.0,0.0,0.0,0.5,0.5,0.5,0.5,0.5,0.5,0.5,0.0,0.0,0.0,0.0,0.5,0.0,0.0,0.0,0.5,0.5,0.5,0.5,0.0,0.5,0.5
State: w17, Alice: ['zero', 'e1'], Bob: ['e2', 'e2'], Long Bob: e1, Transform: f12;0.0,0.0,0.5,0.5,0.0,0.0,0.0,0.0,0.5,0.5,0.0,0.0,0.5,0.5,0.5,0.5,0.0,0.0,0.0,0.0,0.0,0.0,0.5,0.5,0.0,0.5,0.0,0.5,1.0,0.5,0.5,0.0
State: w17, Alice: ['e1', 'zero'], Bob: ['e2', 'e2'], Long Bob: e1, Transform: f12;0.5,0.5,0.0,0.0,0.0,0.0,0.0,0.0,0.0,0.0,0.5,0.5,0.5,0.5,0.5,0.5,0.0,0.0,0.0,0.0,0.5,0.5,0.0,0.0,0.0,0.5,0.0,0.5,0.5,0.0,1.0,0.5
State: w17, Alice: ['zero', 'e1'], Bob: ['e2', 'e2'], Long Bob: e1, Transform: f13;0.0,0.0,0.5,0.5,0.0,0.0,0.0,0.0,0.5,0.5,0.0,0.0,0.5,0.5,0.5,0.5,0.0,0.0,0.5,0.5,0.0,0.0,0.0,0.0,0.5,0.5,0.0,0.0,0.5,0.5,0.5,0.5
State: w17, Alice: ['e1', 'zero'], Bob: ['e2', 'e2'], Long Bob: e1, Transform: f13;0.5,0.5,0.0,0.0,0.0,0.0,0.0,0.0,0.0,0.0,0.5,0.5,0.5,0.5,0.5,0.5,0.5,0.5,0.0,0.0,0.0,0.0,0.0,0.0,0.0,0.0,0.5,0.5,0.5,0.5,0.5,0.5
State: w17, Alice: ['zero', 'e1'], Bob: ['e2', 'e2'], Long Bob: e1, Transform: f14;0.0,0.0,0.5,0.5,0.0,0.0,0.0,0.0,0.5,0.5,0.0,0.0,0.5,0.5,0.5,0.5,0.0,0.0,0.5,0.0,0.0,0.0,0.0,0.5,0.5,0.0,0.0,0.0,0.5,1.0,0.5,0.5
State: w17, Alice: ['e1', 'zero'], Bob: ['e2', 'e2'], Long Bob: e1, Transform: f14;0.5,0.5,0.0,0.0,0.0,0.0,0.0,0.0,0.0,0.0,0.5,0.5,0.5,0.5,0.5,0.5,0.5,0.0,0.0,0.0,0.0,0.5,0.0,0.0,0.0,0.0,0.5,0.0,0.5,0.5,0.5,1.0
State: w17, Alice: ['zero', 'e1'], Bob: ['e2', 'e2'], Long Bob: e1, Transform: f15;0.0,0.0,0.5,0.5,0.0,0.0,0.0,0.0,0.5,0.5,0.0,0.0,0.5,0.5,0.5,0.5,0.0,0.0,0.0,0.5,0.0,0.0,0.5,0.0,0.0,0.5,0.0,0.0,1.0,0.5,0.5,0.5
State: w17, Alice: ['e1', 'zero'], Bob: ['e2', 'e2'], Long Bob: e1, Transform: f15;0.5,0.5,0.0,0.0,0.0,0.0,0.0,0.0,0.0,0.0,0.5,0.5,0.5,0.5,0.5,0.5,0.0,0.5,0.0,0.0,0.5,0.0,0.0,0.0,0.0,0.0,0.0,0.5,0.5,0.5,1.0,0.5
State: w17, Alice: ['e1', 'e1'], Bob: ['u', 'u'], Long Bob: u, Transform: f1;0.5,0.5,0.5,0.5,0.0,0.0,0.0,0.0,0.5,0.5,0.5,0.5,0.0,0.0,0.0,0.0,0.5,0.5,0.5,0.5,0.0,0.0,0.0,0.0,0.5,0.5,0.5,0.5,0.0,0.0,0.0,0.0
State: w17, Alice: ['e1', 'e1'], Bob: ['u', 'u'], Long Bob: u, Transform: f5;0.5,0.5,0.5,0.5,0.0,0.0,0.0,0.0,0.5,0.5,0.5,0.5,0.0,0.0,0.0,0.0,0.5,0.0,0.5,0.0,0.0,0.5,0.0,0.5,0.5,0.0,0.5,0.0,0.0,0.5,0.0,0.5
State: w17, Alice: ['e1', 'e1'], Bob: ['u', 'u'], Long Bob: u, Transform: f9;0.5,0.5,0.5,0.5,0.0,0.0,0.0,0.0,0.5,0.5,0.5,0.5,0.0,0.0,0.0,0.0,0.0,0.5,0.0,0.5,0.5,0.0,0.5,0.0,0.0,0.5,0.0,0.5,0.5,0.0,0.5,0.0
State: w17, Alice: ['e1', 'e1'], Bob: ['u', 'u'], Long Bob: u, Transform: f13;0.5,0.5,0.5,0.5,0.0,0.0,0.0,0.0,0.5,0.5,0.5,0.5,0.0,0.0,0.0,0.0,0.0,0.0,0.0,0.0,0.5,0.5,0.5,0.5,0.0,0.0,0.0,0.0,0.5,0.5,0.5,0.5
State: w17, Alice: ['e1', 'e1'], Bob: ['u', 'u'], Long Bob: e1, Transform: f2;0.5,0.5,0.5,0.5,0.0,0.0,0.0,0.0,0.5,0.5,0.5,0.5,0.0,0.0,0.0,0.0,0.5,0.0,0.5,0.0,0.0,0.5,0.0,0.5,0.5,0.5,0.5,0.5,0.0,0.0,0.0,0.0
State: w17, Alice: ['e1', 'e1'], Bob: ['u', 'u'], Long Bob: e1, Transform: f3;0.5,0.5,0.5,0.5,0.0,0.0,0.0,0.0,0.5,0.5,0.5,0.5,0.0,0.0,0.0,0.0,0.0,0.5,0.0,0.5,0.5,0.0,0.5,0.0,0.5,0.5,0.5,0.5,0.0,0.0,0.0,0.0
State: w17, Alice: ['e1', 'e1'], Bob: ['u', 'u'], Long Bob: e1, Transform: f4;0.5,0.5,0.5,0.5,0.0,0.0,0.0,0.0,0.5,0.5,0.5,0.5,0.0,0.0,0.0,0.0,0.0,0.0,0.0,0.0,0.5,0.5,0.5,0.5,0.5,0.5,0.5,0.5,0.0,0.0,0.0,0.0
State: w17, Alice: ['e1', 'e1'], Bob: ['u', 'u'], Long Bob: e1, Transform: f5;0.5,0.5,0.5,0.5,0.0,0.0,0.0,0.0,0.5,0.5,0.5,0.5,0.0,0.0,0.0,0.0,0.5,0.5,0.5,0.5,0.0,0.0,0.0,0.0,0.5,0.0,0.5,0.0,0.0,0.5,0.0,0.5
State: w17, Alice: ['e1', 'e1'], Bob: ['u', 'u'], Long Bob: e1, Transform: f7;0.5,0.5,0.5,0.5,0.0,0.0,0.0,0.0,0.5,0.5,0.5,0.5,0.0,0.0,0.0,0.0,0.0,0.5,0.0,0.5,0.5,0.0,0.5,0.0,0.5,0.0,0.5,0.0,0.0,0.5,0.0,0.5
State: w17, Alice: ['e1', 'e1'], Bob: ['u', 'u'], Long Bob: e1, Transform: f8;0.5,0.5,0.5,0.5,0.0,0.0,0.0,0.0,0.5,0.5,0.5,0.5,0.0,0.0,0.0,0.0,0.0,0.0,0.0,0.0,0.5,0.5,0.5,0.5,0.5,0.0,0.5,0.0,0.0,0.5,0.0,0.5
State: w17, Alice: ['e1', 'e1'], Bob: ['u', 'u'], Long Bob: e1, Transform: f9;0.5,0.5,0.5,0.5,0.0,0.0,0.0,0.0,0.5,0.5,0.5,0.5,0.0,0.0,0.0,0.0,0.5,0.5,0.5,0.5,0.0,0.0,0.0,0.0,0.0,0.5,0.0,0.5,0.5,0.0,0.5,0.0
State: w17, Alice: ['e1', 'e1'], Bob: ['u', 'u'], Long Bob: e1, Transform: f10;0.5,0.5,0.5,0.5,0.0,0.0,0.0,0.0,0.5,0.5,0.5,0.5,0.0,0.0,0.0,0.0,0.5,0.0,0.5,0.0,0.0,0.5,0.0,0.5,0.0,0.5,0.0,0.5,0.5,0.0,0.5,0.0
State: w17, Alice: ['e1', 'e1'], Bob: ['u', 'u'], Long Bob: e1, Transform: f12;0.5,0.5,0.5,0.5,0.0,0.0,0.0,0.0,0.5,0.5,0.5,0.5,0.0,0.0,0.0,0.0,0.0,0.0,0.0,0.0,0.5,0.5,0.5,0.5,0.0,0.5,0.0,0.5,0.5,0.0,0.5,0.0
State: w17, Alice: ['e1', 'e1'], Bob: ['u', 'u'], Long Bob: e1, Transform: f13;0.5,0.5,0.5,0.5,0.0,0.0,0.0,0.0,0.5,0.5,0.5,0.5,0.0,0.0,0.0,0.0,0.5,0.5,0.5,0.5,0.0,0.0,0.0,0.0,0.0,0.0,0.0,0.0,0.5,0.5,0.5,0.5
State: w17, Alice: ['e1', 'e1'], Bob: ['u', 'u'], Long Bob: e1, Transform: f14;0.5,0.5,0.5,0.5,0.0,0.0,0.0,0.0,0.5,0.5,0.5,0.5,0.0,0.0,0.0,0.0,0.5,0.0,0.5,0.0,0.0,0.5,0.0,0.5,0.0,0.0,0.0,0.0,0.5,0.5,0.5,0.5
State: w17, Alice: ['e1', 'e1'], Bob: ['u', 'u'], Long Bob: e1, Transform: f15;0.5,0.5,0.5,0.5,0.0,0.0,0.0,0.0,0.5,0.5,0.5,0.5,0.0,0.0,0.0,0.0,0.0,0.5,0.0,0.5,0.5,0.0,0.5,0.0,0.0,0.0,0.0,0.0,0.5,0.5,0.5,0.5
State: w17, Alice: ['e1', 'e1'], Bob: ['u', 'zero'], Long Bob: u, Transform: f1;0.5,0.0,0.5,0.0,0.0,0.5,0.0,0.5,0.5,0.0,0.5,0.0,0.0,0.5,0.0,0.5,0.5,0.5,0.5,0.5,0.0,0.0,0.0,0.0,0.5,0.5,0.5,0.5,0.0,0.0,0.0,0.0
State: w17, Alice: ['e1', 'e1'], Bob: ['zero', 'u'], Long Bob: u, Transform: f1;0.0,0.5,0.0,0.5,0.5,0.0,0.5,0.0,0.0,0.5,0.0,0.5,0.5,0.0,0.5,0.0,0.5,0.5,0.5,0.5,0.0,0.0,0.0,0.0,0.5,0.5,0.5,0.5,0.0,0.0,0.0,0.0
State: w17, Alice: ['e1', 'e1'], Bob: ['u', 'zero'], Long Bob: u, Transform: f5;0.5,0.0,0.5,0.0,0.0,0.5,0.0,0.5,0.5,0.0,0.5,0.0,0.0,0.5,0.0,0.5,0.5,0.0,0.5,0.0,0.0,0.5,0.0,0.5,0.5,0.0,0.5,0.0,0.0,0.5,0.0,0.5
State: w17, Alice: ['e1', 'e1'], Bob: ['zero', 'u'], Long Bob: u, Transform: f5;0.0,0.5,0.0,0.5,0.5,0.0,0.5,0.0,0.0,0.5,0.0,0.5,0.5,0.0,0.5,0.0,0.5,0.0,0.5,0.0,0.0,0.5,0.0,0.5,0.5,0.0,0.5,0.0,0.0,0.5,0.0,0.5
State: w17, Alice: ['e1', 'e1'], Bob: ['u', 'zero'], Long Bob: u, Transform: f9;0.5,0.0,0.5,0.0,0.0,0.5,0.0,0.5,0.5,0.0,0.5,0.0,0.0,0.5,0.0,0.5,0.0,0.5,0.0,0.5,0.5,0.0,0.5,0.0,0.0,0.5,0.0,0.5,0.5,0.0,0.5,0.0
State: w17, Alice: ['e1', 'e1'], Bob: ['zero', 'u'], Long Bob: u, Transform: f9;0.0,0.5,0.0,0.5,0.5,0.0,0.5,0.0,0.0,0.5,0.0,0.5,0.5,0.0,0.5,0.0,0.0,0.5,0.0,0.5,0.5,0.0,0.5,0.0,0.0,0.5,0.0,0.5,0.5,0.0,0.5,0.0
State: w17, Alice: ['e1', 'e1'], Bob: ['u', 'zero'], Long Bob: u, Transform: f13;0.5,0.0,0.5,0.0,0.0,0.5,0.0,0.5,0.5,0.0,0.5,0.0,0.0,0.5,0.0,0.5,0.0,0.0,0.0,0.0,0.5,0.5,0.5,0.5,0.0,0.0,0.0,0.0,0.5,0.5,0.5,0.5
State: w17, Alice: ['e1', 'e1'], Bob: ['zero', 'u'], Long Bob: u, Transform: f13;0.0,0.5,0.0,0.5,0.5,0.0,0.5,0.0,0.0,0.5,0.0,0.5,0.5,0.0,0.5,0.0,0.0,0.0,0.0,0.0,0.5,0.5,0.5,0.5,0.0,0.0,0.0,0.0,0.5,0.5,0.5,0.5
State: w17, Alice: ['e1', 'e1'], Bob: ['u', 'zero'], Long Bob: e1, Transform: f2;0.5,0.0,0.5,0.0,0.0,0.5,0.0,0.5,0.5,0.0,0.5,0.0,0.0,0.5,0.0,0.5,0.5,0.0,0.5,0.0,0.0,0.5,0.0,0.5,0.5,0.5,0.5,0.5,0.0,0.0,0.0,0.0
State: w17, Alice: ['e1', 'e1'], Bob: ['zero', 'u'], Long Bob: e1, Transform: f2;0.0,0.5,0.0,0.5,0.5,0.0,0.5,0.0,0.0,0.5,0.0,0.5,0.5,0.0,0.5,0.0,0.5,0.0,0.5,0.0,0.0,0.5,0.0,0.5,0.5,0.5,0.5,0.5,0.0,0.0,0.0,0.0
State: w17, Alice: ['e1', 'e1'], Bob: ['u', 'zero'], Long Bob: e1, Transform: f3;0.5,0.0,0.5,0.0,0.0,0.5,0.0,0.5,0.5,0.0,0.5,0.0,0.0,0.5,0.0,0.5,0.0,0.5,0.0,0.5,0.5,0.0,0.5,0.0,0.5,0.5,0.5,0.5,0.0,0.0,0.0,0.0
State: w17, Alice: ['e1', 'e1'], Bob: ['zero', 'u'], Long Bob: e1, Transform: f3;0.0,0.5,0.0,0.5,0.5,0.0,0.5,0.0,0.0,0.5,0.0,0.5,0.5,0.0,0.5,0.0,0.0,0.5,0.0,0.5,0.5,0.0,0.5,0.0,0.5,0.5,0.5,0.5,0.0,0.0,0.0,0.0
State: w17, Alice: ['e1', 'e1'], Bob: ['u', 'zero'], Long Bob: e1, Transform: f4;0.5,0.0,0.5,0.0,0.0,0.5,0.0,0.5,0.5,0.0,0.5,0.0,0.0,0.5,0.0,0.5,0.0,0.0,0.0,0.0,0.5,0.5,0.5,0.5,0.5,0.5,0.5,0.5,0.0,0.0,0.0,0.0
State: w17, Alice: ['e1', 'e1'], Bob: ['zero', 'u'], Long Bob: e1, Transform: f4;0.0,0.5,0.0,0.5,0.5,0.0,0.5,0.0,0.0,0.5,0.0,0.5,0.5,0.0,0.5,0.0,0.0,0.0,0.0,0.0,0.5,0.5,0.5,0.5,0.5,0.5,0.5,0.5,0.0,0.0,0.0,0.0
State: w17, Alice: ['e1', 'e1'], Bob: ['u', 'zero'], Long Bob: e1, Transform: f5;0.5,0.0,0.5,0.0,0.0,0.5,0.0,0.5,0.5,0.0,0.5,0.0,0.0,0.5,0.0,0.5,0.5,0.5,0.5,0.5,0.0,0.0,0.0,0.0,0.5,0.0,0.5,0.0,0.0,0.5,0.0,0.5
State: w17, Alice: ['e1', 'e1'], Bob: ['zero', 'u'], Long Bob: e1, Transform: f5;0.0,0.5,0.0,0.5,0.5,0.0,0.5,0.0,0.0,0.5,0.0,0.5,0.5,0.0,0.5,0.0,0.5,0.5,0.5,0.5,0.0,0.0,0.0,0.0,0.5,0.0,0.5,0.0,0.0,0.5,0.0,0.5
State: w17, Alice: ['e1', 'e1'], Bob: ['u', 'zero'], Long Bob: e1, Transform: f7;0.5,0.0,0.5,0.0,0.0,0.5,0.0,0.5,0.5,0.0,0.5,0.0,0.0,0.5,0.0,0.5,0.0,0.5,0.0,0.5,0.5,0.0,0.5,0.0,0.5,0.0,0.5,0.0,0.0,0.5,0.0,0.5
State: w17, Alice: ['e1', 'e1'], Bob: ['zero', 'u'], Long Bob: e1, Transform: f7;0.0,0.5,0.0,0.5,0.5,0.0,0.5,0.0,0.0,0.5,0.0,0.5,0.5,0.0,0.5,0.0,0.0,0.5,0.0,0.5,0.5,0.0,0.5,0.0,0.5,0.0,0.5,0.0,0.0,0.5,0.0,0.5
State: w17, Alice: ['e1', 'e1'], Bob: ['u', 'zero'], Long Bob: e1, Transform: f8;0.5,0.0,0.5,0.0,0.0,0.5,0.0,0.5,0.5,0.0,0.5,0.0,0.0,0.5,0.0,0.5,0.0,0.0,0.0,0.0,0.5,0.5,0.5,0.5,0.5,0.0,0.5,0.0,0.0,0.5,0.0,0.5
State: w17, Alice: ['e1', 'e1'], Bob: ['zero', 'u'], Long Bob: e1, Transform: f8;0.0,0.5,0.0,0.5,0.5,0.0,0.5,0.0,0.0,0.5,0.0,0.5,0.5,0.0,0.5,0.0,0.0,0.0,0.0,0.0,0.5,0.5,0.5,0.5,0.5,0.0,0.5,0.0,0.0,0.5,0.0,0.5
State: w17, Alice: ['e1', 'e1'], Bob: ['u', 'zero'], Long Bob: e1, Transform: f9;0.5,0.0,0.5,0.0,0.0,0.5,0.0,0.5,0.5,0.0,0.5,0.0,0.0,0.5,0.0,0.5,0.5,0.5,0.5,0.5,0.0,0.0,0.0,0.0,0.0,0.5,0.0,0.5,0.5,0.0,0.5,0.0
State: w17, Alice: ['e1', 'e1'], Bob: ['zero', 'u'], Long Bob: e1, Transform: f9;0.0,0.5,0.0,0.5,0.5,0.0,0.5,0.0,0.0,0.5,0.0,0.5,0.5,0.0,0.5,0.0,0.5,0.5,0.5,0.5,0.0,0.0,0.0,0.0,0.0,0.5,0.0,0.5,0.5,0.0,0.5,0.0
State: w17, Alice: ['e1', 'e1'], Bob: ['u', 'zero'], Long Bob: e1, Transform: f10;0.5,0.0,0.5,0.0,0.0,0.5,0.0,0.5,0.5,0.0,0.5,0.0,0.0,0.5,0.0,0.5,0.5,0.0,0.5,0.0,0.0,0.5,0.0,0.5,0.0,0.5,0.0,0.5,0.5,0.0,0.5,0.0
State: w17, Alice: ['e1', 'e1'], Bob: ['zero', 'u'], Long Bob: e1, Transform: f10;0.0,0.5,0.0,0.5,0.5,0.0,0.5,0.0,0.0,0.5,0.0,0.5,0.5,0.0,0.5,0.0,0.5,0.0,0.5,0.0,0.0,0.5,0.0,0.5,0.0,0.5,0.0,0.5,0.5,0.0,0.5,0.0
State: w17, Alice: ['e1', 'e1'], Bob: ['u', 'zero'], Long Bob: e1, Transform: f12;0.5,0.0,0.5,0.0,0.0,0.5,0.0,0.5,0.5,0.0,0.5,0.0,0.0,0.5,0.0,0.5,0.0,0.0,0.0,0.0,0.5,0.5,0.5,0.5,0.0,0.5,0.0,0.5,0.5,0.0,0.5,0.0
State: w17, Alice: ['e1', 'e1'], Bob: ['zero', 'u'], Long Bob: e1, Transform: f12;0.0,0.5,0.0,0.5,0.5,0.0,0.5,0.0,0.0,0.5,0.0,0.5,0.5,0.0,0.5,0.0,0.0,0.0,0.0,0.0,0.5,0.5,0.5,0.5,0.0,0.5,0.0,0.5,0.5,0.0,0.5,0.0
State: w17, Alice: ['e1', 'e1'], Bob: ['u', 'zero'], Long Bob: e1, Transform: f13;0.5,0.0,0.5,0.0,0.0,0.5,0.0,0.5,0.5,0.0,0.5,0.0,0.0,0.5,0.0,0.5,0.5,0.5,0.5,0.5,0.0,0.0,0.0,0.0,0.0,0.0,0.0,0.0,0.5,0.5,0.5,0.5
State: w17, Alice: ['e1', 'e1'], Bob: ['zero', 'u'], Long Bob: e1, Transform: f13;0.0,0.5,0.0,0.5,0.5,0.0,0.5,0.0,0.0,0.5,0.0,0.5,0.5,0.0,0.5,0.0,0.5,0.5,0.5,0.5,0.0,0.0,0.0,0.0,0.0,0.0,0.0,0.0,0.5,0.5,0.5,0.5
State: w17, Alice: ['e1', 'e1'], Bob: ['u', 'zero'], Long Bob: e1, Transform: f14;0.5,0.0,0.5,0.0,0.0,0.5,0.0,0.5,0.5,0.0,0.5,0.0,0.0,0.5,0.0,0.5,0.5,0.0,0.5,0.0,0.0,0.5,0.0,0.5,0.0,0.0,0.0,0.0,0.5,0.5,0.5,0.5
State: w17, Alice: ['e1', 'e1'], Bob: ['zero', 'u'], Long Bob: e1, Transform: f14;0.0,0.5,0.0,0.5,0.5,0.0,0.5,0.0,0.0,0.5,0.0,0.5,0.5,0.0,0.5,0.0,0.5,0.0,0.5,0.0,0.0,0.5,0.0,0.5,0.0,0.0,0.0,0.0,0.5,0.5,0.5,0.5
State: w17, Alice: ['e1', 'e1'], Bob: ['u', 'zero'], Long Bob: e1, Transform: f15;0.5,0.0,0.5,0.0,0.0,0.5,0.0,0.5,0.5,0.0,0.5,0.0,0.0,0.5,0.0,0.5,0.0,0.5,0.0,0.5,0.5,0.0,0.5,0.0,0.0,0.0,0.0,0.0,0.5,0.5,0.5,0.5
State: w17, Alice: ['e1', 'e1'], Bob: ['zero', 'u'], Long Bob: e1, Transform: f15;0.0,0.5,0.0,0.5,0.5,0.0,0.5,0.0,0.0,0.5,0.0,0.5,0.5,0.0,0.5,0.0,0.0,0.5,0.0,0.5,0.5,0.0,0.5,0.0,0.0,0.0,0.0,0.0,0.5,0.5,0.5,0.5
State: w17, Alice: ['e1', 'e1'], Bob: ['u', 'e1'], Long Bob: u, Transform: f1;0.5,0.0,0.5,0.0,0.0,0.5,0.0,0.5,0.5,0.5,0.5,0.5,0.0,0.0,0.0,0.0,0.5,0.5,0.5,0.5,0.0,0.0,0.0,0.0,0.5,0.5,0.5,0.5,0.0,0.0,0.0,0.0
State: w17, Alice: ['e1', 'e1'], Bob: ['e1', 'u'], Long Bob: u, Transform: f1;0.0,0.5,0.0,0.5,0.5,0.0,0.5,0.0,0.5,0.5,0.5,0.5,0.0,0.0,0.0,0.0,0.5,0.5,0.5,0.5,0.0,0.0,0.0,0.0,0.5,0.5,0.5,0.5,0.0,0.0,0.0,0.0
State: w17, Alice: ['e1', 'e1'], Bob: ['u', 'e1'], Long Bob: u, Transform: f5;0.5,0.0,0.5,0.0,0.0,0.5,0.0,0.5,0.5,0.5,0.5,0.5,0.0,0.0,0.0,0.0,0.5,0.0,0.5,0.0,0.0,0.5,0.0,0.5,0.5,0.0,0.5,0.0,0.0,0.5,0.0,0.5
State: w17, Alice: ['e1', 'e1'], Bob: ['e1', 'u'], Long Bob: u, Transform: f5;0.0,0.5,0.0,0.5,0.5,0.0,0.5,0.0,0.5,0.5,0.5,0.5,0.0,0.0,0.0,0.0,0.5,0.0,0.5,0.0,0.0,0.5,0.0,0.5,0.5,0.0,0.5,0.0,0.0,0.5,0.0,0.5
State: w17, Alice: ['e1', 'e1'], Bob: ['u', 'e1'], Long Bob: u, Transform: f9;0.5,0.0,0.5,0.0,0.0,0.5,0.0,0.5,0.5,0.5,0.5,0.5,0.0,0.0,0.0,0.0,0.0,0.5,0.0,0.5,0.5,0.0,0.5,0.0,0.0,0.5,0.0,0.5,0.5,0.0,0.5,0.0
State: w17, Alice: ['e1', 'e1'], Bob: ['e1', 'u'], Long Bob: u, Transform: f9;0.0,0.5,0.0,0.5,0.5,0.0,0.5,0.0,0.5,0.5,0.5,0.5,0.0,0.0,0.0,0.0,0.0,0.5,0.0,0.5,0.5,0.0,0.5,0.0,0.0,0.5,0.0,0.5,0.5,0.0,0.5,0.0
State: w17, Alice: ['e1', 'e1'], Bob: ['u', 'e1'], Long Bob: u, Transform: f13;0.5,0.0,0.5,0.0,0.0,0.5,0.0,0.5,0.5,0.5,0.5,0.5,0.0,0.0,0.0,0.0,0.0,0.0,0.0,0.0,0.5,0.5,0.5,0.5,0.0,0.0,0.0,0.0,0.5,0.5,0.5,0.5
State: w17, Alice: ['e1', 'e1'], Bob: ['e1', 'u'], Long Bob: u, Transform: f13;0.0,0.5,0.0,0.5,0.5,0.0,0.5,0.0,0.5,0.5,0.5,0.5,0.0,0.0,0.0,0.0,0.0,0.0,0.0,0.0,0.5,0.5,0.5,0.5,0.0,0.0,0.0,0.0,0.5,0.5,0.5,0.5
State: w17, Alice: ['e1', 'e1'], Bob: ['u', 'e1'], Long Bob: e1, Transform: f2;0.5,0.0,0.5,0.0,0.0,0.5,0.0,0.5,0.5,0.5,0.5,0.5,0.0,0.0,0.0,0.0,0.5,0.0,0.5,0.0,0.0,0.5,0.0,0.5,0.5,0.5,0.5,0.5,0.0,0.0,0.0,0.0
State: w17, Alice: ['e1', 'e1'], Bob: ['e1', 'u'], Long Bob: e1, Transform: f2;0.0,0.5,0.0,0.5,0.5,0.0,0.5,0.0,0.5,0.5,0.5,0.5,0.0,0.0,0.0,0.0,0.5,0.0,0.5,0.0,0.0,0.5,0.0,0.5,0.5,0.5,0.5,0.5,0.0,0.0,0.0,0.0
State: w17, Alice: ['e1', 'e1'], Bob: ['u', 'e1'], Long Bob: e1, Transform: f3;0.5,0.0,0.5,0.0,0.0,0.5,0.0,0.5,0.5,0.5,0.5,0.5,0.0,0.0,0.0,0.0,0.0,0.5,0.0,0.5,0.5,0.0,0.5,0.0,0.5,0.5,0.5,0.5,0.0,0.0,0.0,0.0
State: w17, Alice: ['e1', 'e1'], Bob: ['e1', 'u'], Long Bob: e1, Transform: f3;0.0,0.5,0.0,0.5,0.5,0.0,0.5,0.0,0.5,0.5,0.5,0.5,0.0,0.0,0.0,0.0,0.0,0.5,0.0,0.5,0.5,0.0,0.5,0.0,0.5,0.5,0.5,0.5,0.0,0.0,0.0,0.0
State: w17, Alice: ['e1', 'e1'], Bob: ['u', 'e1'], Long Bob: e1, Transform: f4;0.5,0.0,0.5,0.0,0.0,0.5,0.0,0.5,0.5,0.5,0.5,0.5,0.0,0.0,0.0,0.0,0.0,0.0,0.0,0.0,0.5,0.5,0.5,0.5,0.5,0.5,0.5,0.5,0.0,0.0,0.0,0.0
State: w17, Alice: ['e1', 'e1'], Bob: ['e1', 'u'], Long Bob: e1, Transform: f4;0.0,0.5,0.0,0.5,0.5,0.0,0.5,0.0,0.5,0.5,0.5,0.5,0.0,0.0,0.0,0.0,0.0,0.0,0.0,0.0,0.5,0.5,0.5,0.5,0.5,0.5,0.5,0.5,0.0,0.0,0.0,0.0
State: w17, Alice: ['e1', 'e1'], Bob: ['u', 'e1'], Long Bob: e1, Transform: f5;0.5,0.0,0.5,0.0,0.0,0.5,0.0,0.5,0.5,0.5,0.5,0.5,0.0,0.0,0.0,0.0,0.5,0.5,0.5,0.5,0.0,0.0,0.0,0.0,0.5,0.0,0.5,0.0,0.0,0.5,0.0,0.5
State: w17, Alice: ['e1', 'e1'], Bob: ['e1', 'u'], Long Bob: e1, Transform: f5;0.0,0.5,0.0,0.5,0.5,0.0,0.5,0.0,0.5,0.5,0.5,0.5,0.0,0.0,0.0,0.0,0.5,0.5,0.5,0.5,0.0,0.0,0.0,0.0,0.5,0.0,0.5,0.0,0.0,0.5,0.0,0.5
State: w17, Alice: ['e1', 'e1'], Bob: ['u', 'e1'], Long Bob: e1, Transform: f7;0.5,0.0,0.5,0.0,0.0,0.5,0.0,0.5,0.5,0.5,0.5,0.5,0.0,0.0,0.0,0.0,0.0,0.5,0.0,0.5,0.5,0.0,0.5,0.0,0.5,0.0,0.5,0.0,0.0,0.5,0.0,0.5
State: w17, Alice: ['e1', 'e1'], Bob: ['e1', 'u'], Long Bob: e1, Transform: f7;0.0,0.5,0.0,0.5,0.5,0.0,0.5,0.0,0.5,0.5,0.5,0.5,0.0,0.0,0.0,0.0,0.0,0.5,0.0,0.5,0.5,0.0,0.5,0.0,0.5,0.0,0.5,0.0,0.0,0.5,0.0,0.5
State: w17, Alice: ['e1', 'e1'], Bob: ['u', 'e1'], Long Bob: e1, Transform: f8;0.5,0.0,0.5,0.0,0.0,0.5,0.0,0.5,0.5,0.5,0.5,0.5,0.0,0.0,0.0,0.0,0.0,0.0,0.0,0.0,0.5,0.5,0.5,0.5,0.5,0.0,0.5,0.0,0.0,0.5,0.0,0.5
State: w17, Alice: ['e1', 'e1'], Bob: ['e1', 'u'], Long Bob: e1, Transform: f8;0.0,0.5,0.0,0.5,0.5,0.0,0.5,0.0,0.5,0.5,0.5,0.5,0.0,0.0,0.0,0.0,0.0,0.0,0.0,0.0,0.5,0.5,0.5,0.5,0.5,0.0,0.5,0.0,0.0,0.5,0.0,0.5
State: w17, Alice: ['e1', 'e1'], Bob: ['u', 'e1'], Long Bob: e1, Transform: f9;0.5,0.0,0.5,0.0,0.0,0.5,0.0,0.5,0.5,0.5,0.5,0.5,0.0,0.0,0.0,0.0,0.5,0.5,0.5,0.5,0.0,0.0,0.0,0.0,0.0,0.5,0.0,0.5,0.5,0.0,0.5,0.0
State: w17, Alice: ['e1', 'e1'], Bob: ['e1', 'u'], Long Bob: e1, Transform: f9;0.0,0.5,0.0,0.5,0.5,0.0,0.5,0.0,0.5,0.5,0.5,0.5,0.0,0.0,0.0,0.0,0.5,0.5,0.5,0.5,0.0,0.0,0.0,0.0,0.0,0.5,0.0,0.5,0.5,0.0,0.5,0.0
State: w17, Alice: ['e1', 'e1'], Bob: ['u', 'e1'], Long Bob: e1, Transform: f10;0.5,0.0,0.5,0.0,0.0,0.5,0.0,0.5,0.5,0.5,0.5,0.5,0.0,0.0,0.0,0.0,0.5,0.0,0.5,0.0,0.0,0.5,0.0,0.5,0.0,0.5,0.0,0.5,0.5,0.0,0.5,0.0
State: w17, Alice: ['e1', 'e1'], Bob: ['e1', 'u'], Long Bob: e1, Transform: f10;0.0,0.5,0.0,0.5,0.5,0.0,0.5,0.0,0.5,0.5,0.5,0.5,0.0,0.0,0.0,0.0,0.5,0.0,0.5,0.0,0.0,0.5,0.0,0.5,0.0,0.5,0.0,0.5,0.5,0.0,0.5,0.0
State: w17, Alice: ['e1', 'e1'], Bob: ['u', 'e1'], Long Bob: e1, Transform: f12;0.5,0.0,0.5,0.0,0.0,0.5,0.0,0.5,0.5,0.5,0.5,0.5,0.0,0.0,0.0,0.0,0.0,0.0,0.0,0.0,0.5,0.5,0.5,0.5,0.0,0.5,0.0,0.5,0.5,0.0,0.5,0.0
State: w17, Alice: ['e1', 'e1'], Bob: ['e1', 'u'], Long Bob: e1, Transform: f12;0.0,0.5,0.0,0.5,0.5,0.0,0.5,0.0,0.5,0.5,0.5,0.5,0.0,0.0,0.0,0.0,0.0,0.0,0.0,0.0,0.5,0.5,0.5,0.5,0.0,0.5,0.0,0.5,0.5,0.0,0.5,0.0
State: w17, Alice: ['e1', 'e1'], Bob: ['u', 'e1'], Long Bob: e1, Transform: f13;0.5,0.0,0.5,0.0,0.0,0.5,0.0,0.5,0.5,0.5,0.5,0.5,0.0,0.0,0.0,0.0,0.5,0.5,0.5,0.5,0.0,0.0,0.0,0.0,0.0,0.0,0.0,0.0,0.5,0.5,0.5,0.5
State: w17, Alice: ['e1', 'e1'], Bob: ['e1', 'u'], Long Bob: e1, Transform: f13;0.0,0.5,0.0,0.5,0.5,0.0,0.5,0.0,0.5,0.5,0.5,0.5,0.0,0.0,0.0,0.0,0.5,0.5,0.5,0.5,0.0,0.0,0.0,0.0,0.0,0.0,0.0,0.0,0.5,0.5,0.5,0.5
State: w17, Alice: ['e1', 'e1'], Bob: ['u', 'e1'], Long Bob: e1, Transform: f14;0.5,0.0,0.5,0.0,0.0,0.5,0.0,0.5,0.5,0.5,0.5,0.5,0.0,0.0,0.0,0.0,0.5,0.0,0.5,0.0,0.0,0.5,0.0,0.5,0.0,0.0,0.0,0.0,0.5,0.5,0.5,0.5
State: w17, Alice: ['e1', 'e1'], Bob: ['e1', 'u'], Long Bob: e1, Transform: f14;0.0,0.5,0.0,0.5,0.5,0.0,0.5,0.0,0.5,0.5,0.5,0.5,0.0,0.0,0.0,0.0,0.5,0.0,0.5,0.0,0.0,0.5,0.0,0.5,0.0,0.0,0.0,0.0,0.5,0.5,0.5,0.5
State: w17, Alice: ['e1', 'e1'], Bob: ['u', 'e1'], Long Bob: e1, Transform: f15;0.5,0.0,0.5,0.0,0.0,0.5,0.0,0.5,0.5,0.5,0.5,0.5,0.0,0.0,0.0,0.0,0.0,0.5,0.0,0.5,0.5,0.0,0.5,0.0,0.0,0.0,0.0,0.0,0.5,0.5,0.5,0.5
State: w17, Alice: ['e1', 'e1'], Bob: ['e1', 'u'], Long Bob: e1, Transform: f15;0.0,0.5,0.0,0.5,0.5,0.0,0.5,0.0,0.5,0.5,0.5,0.5,0.0,0.0,0.0,0.0,0.0,0.5,0.0,0.5,0.5,0.0,0.5,0.0,0.0,0.0,0.0,0.0,0.5,0.5,0.5,0.5
State: w17, Alice: ['e1', 'e1'], Bob: ['u', 'e2'], Long Bob: u, Transform: f1;0.5,0.5,0.5,0.5,0.0,0.0,0.0,0.0,0.5,0.0,0.5,0.0,0.0,0.5,0.0,0.5,0.5,0.5,0.5,0.5,0.0,0.0,0.0,0.0,0.5,0.5,0.5,0.5,0.0,0.0,0.0,0.0
State: w17, Alice: ['e1', 'e1'], Bob: ['e2', 'u'], Long Bob: u, Transform: f1;0.5,0.5,0.5,0.5,0.0,0.0,0.0,0.0,0.0,0.5,0.0,0.5,0.5,0.0,0.5,0.0,0.5,0.5,0.5,0.5,0.0,0.0,0.0,0.0,0.5,0.5,0.5,0.5,0.0,0.0,0.0,0.0
State: w17, Alice: ['e1', 'e1'], Bob: ['u', 'e2'], Long Bob: u, Transform: f5;0.5,0.5,0.5,0.5,0.0,0.0,0.0,0.0,0.5,0.0,0.5,0.0,0.0,0.5,0.0,0.5,0.5,0.0,0.5,0.0,0.0,0.5,0.0,0.5,0.5,0.0,0.5,0.0,0.0,0.5,0.0,0.5
State: w17, Alice: ['e1', 'e1'], Bob: ['e2', 'u'], Long Bob: u, Transform: f5;0.5,0.5,0.5,0.5,0.0,0.0,0.0,0.0,0.0,0.5,0.0,0.5,0.5,0.0,0.5,0.0,0.5,0.0,0.5,0.0,0.0,0.5,0.0,0.5,0.5,0.0,0.5,0.0,0.0,0.5,0.0,0.5
State: w17, Alice: ['e1', 'e1'], Bob: ['u', 'e2'], Long Bob: u, Transform: f9;0.5,0.5,0.5,0.5,0.0,0.0,0.0,0.0,0.5,0.0,0.5,0.0,0.0,0.5,0.0,0.5,0.0,0.5,0.0,0.5,0.5,0.0,0.5,0.0,0.0,0.5,0.0,0.5,0.5,0.0,0.5,0.0
State: w17, Alice: ['e1', 'e1'], Bob: ['e2', 'u'], Long Bob: u, Transform: f9;0.5,0.5,0.5,0.5,0.0,0.0,0.0,0.0,0.0,0.5,0.0,0.5,0.5,0.0,0.5,0.0,0.0,0.5,0.0,0.5,0.5,0.0,0.5,0.0,0.0,0.5,0.0,0.5,0.5,0.0,0.5,0.0
State: w17, Alice: ['e1', 'e1'], Bob: ['u', 'e2'], Long Bob: u, Transform: f13;0.5,0.5,0.5,0.5,0.0,0.0,0.0,0.0,0.5,0.0,0.5,0.0,0.0,0.5,0.0,0.5,0.0,0.0,0.0,0.0,0.5,0.5,0.5,0.5,0.0,0.0,0.0,0.0,0.5,0.5,0.5,0.5
State: w17, Alice: ['e1', 'e1'], Bob: ['e2', 'u'], Long Bob: u, Transform: f13;0.5,0.5,0.5,0.5,0.0,0.0,0.0,0.0,0.0,0.5,0.0,0.5,0.5,0.0,0.5,0.0,0.0,0.0,0.0,0.0,0.5,0.5,0.5,0.5,0.0,0.0,0.0,0.0,0.5,0.5,0.5,0.5
State: w17, Alice: ['e1', 'e1'], Bob: ['u', 'e2'], Long Bob: e1, Transform: f2;0.5,0.5,0.5,0.5,0.0,0.0,0.0,0.0,0.5,0.0,0.5,0.0,0.0,0.5,0.0,0.5,0.5,0.0,0.5,0.0,0.0,0.5,0.0,0.5,0.5,0.5,0.5,0.5,0.0,0.0,0.0,0.0
State: w17, Alice: ['e1', 'e1'], Bob: ['e2', 'u'], Long Bob: e1, Transform: f2;0.5,0.5,0.5,0.5,0.0,0.0,0.0,0.0,0.0,0.5,0.0,0.5,0.5,0.0,0.5,0.0,0.5,0.0,0.5,0.0,0.0,0.5,0.0,0.5,0.5,0.5,0.5,0.5,0.0,0.0,0.0,0.0
State: w17, Alice: ['e1', 'e1'], Bob: ['u', 'e2'], Long Bob: e1, Transform: f3;0.5,0.5,0.5,0.5,0.0,0.0,0.0,0.0,0.5,0.0,0.5,0.0,0.0,0.5,0.0,0.5,0.0,0.5,0.0,0.5,0.5,0.0,0.5,0.0,0.5,0.5,0.5,0.5,0.0,0.0,0.0,0.0
State: w17, Alice: ['e1', 'e1'], Bob: ['e2', 'u'], Long Bob: e1, Transform: f3;0.5,0.5,0.5,0.5,0.0,0.0,0.0,0.0,0.0,0.5,0.0,0.5,0.5,0.0,0.5,0.0,0.0,0.5,0.0,0.5,0.5,0.0,0.5,0.0,0.5,0.5,0.5,0.5,0.0,0.0,0.0,0.0
State: w17, Alice: ['e1', 'e1'], Bob: ['u', 'e2'], Long Bob: e1, Transform: f4;0.5,0.5,0.5,0.5,0.0,0.0,0.0,0.0,0.5,0.0,0.5,0.0,0.0,0.5,0.0,0.5,0.0,0.0,0.0,0.0,0.5,0.5,0.5,0.5,0.5,0.5,0.5,0.5,0.0,0.0,0.0,0.0
State: w17, Alice: ['e1', 'e1'], Bob: ['e2', 'u'], Long Bob: e1, Transform: f4;0.5,0.5,0.5,0.5,0.0,0.0,0.0,0.0,0.0,0.5,0.0,0.5,0.5,0.0,0.5,0.0,0.0,0.0,0.0,0.0,0.5,0.5,0.5,0.5,0.5,0.5,0.5,0.5,0.0,0.0,0.0,0.0
State: w17, Alice: ['e1', 'e1'], Bob: ['u', 'e2'], Long Bob: e1, Transform: f5;0.5,0.5,0.5,0.5,0.0,0.0,0.0,0.0,0.5,0.0,0.5,0.0,0.0,0.5,0.0,0.5,0.5,0.5,0.5,0.5,0.0,0.0,0.0,0.0,0.5,0.0,0.5,0.0,0.0,0.5,0.0,0.5
State: w17, Alice: ['e1', 'e1'], Bob: ['e2', 'u'], Long Bob: e1, Transform: f5;0.5,0.5,0.5,0.5,0.0,0.0,0.0,0.0,0.0,0.5,0.0,0.5,0.5,0.0,0.5,0.0,0.5,0.5,0.5,0.5,0.0,0.0,0.0,0.0,0.5,0.0,0.5,0.0,0.0,0.5,0.0,0.5
State: w17, Alice: ['e1', 'e1'], Bob: ['u', 'e2'], Long Bob: e1, Transform: f7;0.5,0.5,0.5,0.5,0.0,0.0,0.0,0.0,0.5,0.0,0.5,0.0,0.0,0.5,0.0,0.5,0.0,0.5,0.0,0.5,0.5,0.0,0.5,0.0,0.5,0.0,0.5,0.0,0.0,0.5,0.0,0.5
State: w17, Alice: ['e1', 'e1'], Bob: ['e2', 'u'], Long Bob: e1, Transform: f7;0.5,0.5,0.5,0.5,0.0,0.0,0.0,0.0,0.0,0.5,0.0,0.5,0.5,0.0,0.5,0.0,0.0,0.5,0.0,0.5,0.5,0.0,0.5,0.0,0.5,0.0,0.5,0.0,0.0,0.5,0.0,0.5
State: w17, Alice: ['e1', 'e1'], Bob: ['u', 'e2'], Long Bob: e1, Transform: f8;0.5,0.5,0.5,0.5,0.0,0.0,0.0,0.0,0.5,0.0,0.5,0.0,0.0,0.5,0.0,0.5,0.0,0.0,0.0,0.0,0.5,0.5,0.5,0.5,0.5,0.0,0.5,0.0,0.0,0.5,0.0,0.5
State: w17, Alice: ['e1', 'e1'], Bob: ['e2', 'u'], Long Bob: e1, Transform: f8;0.5,0.5,0.5,0.5,0.0,0.0,0.0,0.0,0.0,0.5,0.0,0.5,0.5,0.0,0.5,0.0,0.0,0.0,0.0,0.0,0.5,0.5,0.5,0.5,0.5,0.0,0.5,0.0,0.0,0.5,0.0,0.5
State: w17, Alice: ['e1', 'e1'], Bob: ['u', 'e2'], Long Bob: e1, Transform: f9;0.5,0.5,0.5,0.5,0.0,0.0,0.0,0.0,0.5,0.0,0.5,0.0,0.0,0.5,0.0,0.5,0.5,0.5,0.5,0.5,0.0,0.0,0.0,0.0,0.0,0.5,0.0,0.5,0.5,0.0,0.5,0.0
State: w17, Alice: ['e1', 'e1'], Bob: ['e2', 'u'], Long Bob: e1, Transform: f9;0.5,0.5,0.5,0.5,0.0,0.0,0.0,0.0,0.0,0.5,0.0,0.5,0.5,0.0,0.5,0.0,0.5,0.5,0.5,0.5,0.0,0.0,0.0,0.0,0.0,0.5,0.0,0.5,0.5,0.0,0.5,0.0
State: w17, Alice: ['e1', 'e1'], Bob: ['u', 'e2'], Long Bob: e1, Transform: f10;0.5,0.5,0.5,0.5,0.0,0.0,0.0,0.0,0.5,0.0,0.5,0.0,0.0,0.5,0.0,0.5,0.5,0.0,0.5,0.0,0.0,0.5,0.0,0.5,0.0,0.5,0.0,0.5,0.5,0.0,0.5,0.0
State: w17, Alice: ['e1', 'e1'], Bob: ['e2', 'u'], Long Bob: e1, Transform: f10;0.5,0.5,0.5,0.5,0.0,0.0,0.0,0.0,0.0,0.5,0.0,0.5,0.5,0.0,0.5,0.0,0.5,0.0,0.5,0.0,0.0,0.5,0.0,0.5,0.0,0.5,0.0,0.5,0.5,0.0,0.5,0.0
State: w17, Alice: ['e1', 'e1'], Bob: ['u', 'e2'], Long Bob: e1, Transform: f12;0.5,0.5,0.5,0.5,0.0,0.0,0.0,0.0,0.5,0.0,0.5,0.0,0.0,0.5,0.0,0.5,0.0,0.0,0.0,0.0,0.5,0.5,0.5,0.5,0.0,0.5,0.0,0.5,0.5,0.0,0.5,0.0
State: w17, Alice: ['e1', 'e1'], Bob: ['e2', 'u'], Long Bob: e1, Transform: f12;0.5,0.5,0.5,0.5,0.0,0.0,0.0,0.0,0.0,0.5,0.0,0.5,0.5,0.0,0.5,0.0,0.0,0.0,0.0,0.0,0.5,0.5,0.5,0.5,0.0,0.5,0.0,0.5,0.5,0.0,0.5,0.0
State: w17, Alice: ['e1', 'e1'], Bob: ['u', 'e2'], Long Bob: e1, Transform: f13;0.5,0.5,0.5,0.5,0.0,0.0,0.0,0.0,0.5,0.0,0.5,0.0,0.0,0.5,0.0,0.5,0.5,0.5,0.5,0.5,0.0,0.0,0.0,0.0,0.0,0.0,0.0,0.0,0.5,0.5,0.5,0.5
State: w17, Alice: ['e1', 'e1'], Bob: ['e2', 'u'], Long Bob: e1, Transform: f13;0.5,0.5,0.5,0.5,0.0,0.0,0.0,0.0,0.0,0.5,0.0,0.5,0.5,0.0,0.5,0.0,0.5,0.5,0.5,0.5,0.0,0.0,0.0,0.0,0.0,0.0,0.0,0.0,0.5,0.5,0.5,0.5
State: w17, Alice: ['e1', 'e1'], Bob: ['u', 'e2'], Long Bob: e1, Transform: f14;0.5,0.5,0.5,0.5,0.0,0.0,0.0,0.0,0.5,0.0,0.5,0.0,0.0,0.5,0.0,0.5,0.5,0.0,0.5,0.0,0.0,0.5,0.0,0.5,0.0,0.0,0.0,0.0,0.5,0.5,0.5,0.5
State: w17, Alice: ['e1', 'e1'], Bob: ['e2', 'u'], Long Bob: e1, Transform: f14;0.5,0.5,0.5,0.5,0.0,0.0,0.0,0.0,0.0,0.5,0.0,0.5,0.5,0.0,0.5,0.0,0.5,0.0,0.5,0.0,0.0,0.5,0.0,0.5,0.0,0.0,0.0,0.0,0.5,0.5,0.5,0.5
State: w17, Alice: ['e1', 'e1'], Bob: ['u', 'e2'], Long Bob: e1, Transform: f15;0.5,0.5,0.5,0.5,0.0,0.0,0.0,0.0,0.5,0.0,0.5,0.0,0.0,0.5,0.0,0.5,0.0,0.5,0.0,0.5,0.5,0.0,0.5,0.0,0.0,0.0,0.0,0.0,0.5,0.5,0.5,0.5
State: w17, Alice: ['e1', 'e1'], Bob: ['e2', 'u'], Long Bob: e1, Transform: f15;0.5,0.5,0.5,0.5,0.0,0.0,0.0,0.0,0.0,0.5,0.0,0.5,0.5,0.0,0.5,0.0,0.0,0.5,0.0,0.5,0.5,0.0,0.5,0.0,0.0,0.0,0.0,0.0,0.5,0.5,0.5,0.5
State: w17, Alice: ['e1', 'e1'], Bob: ['zero', 'zero'], Long Bob: u, Transform: f1;0.0,0.0,0.0,0.0,0.5,0.5,0.5,0.5,0.0,0.0,0.0,0.0,0.5,0.5,0.5,0.5,0.5,0.5,0.5,0.5,0.0,0.0,0.0,0.0,0.5,0.5,0.5,0.5,0.0,0.0,0.0,0.0
State: w17, Alice: ['e1', 'e1'], Bob: ['zero', 'zero'], Long Bob: u, Transform: f5;0.0,0.0,0.0,0.0,0.5,0.5,0.5,0.5,0.0,0.0,0.0,0.0,0.5,0.5,0.5,0.5,0.5,0.0,0.5,0.0,0.0,0.5,0.0,0.5,0.5,0.0,0.5,0.0,0.0,0.5,0.0,0.5
State: w17, Alice: ['e1', 'e1'], Bob: ['zero', 'zero'], Long Bob: u, Transform: f9;0.0,0.0,0.0,0.0,0.5,0.5,0.5,0.5,0.0,0.0,0.0,0.0,0.5,0.5,0.5,0.5,0.0,0.5,0.0,0.5,0.5,0.0,0.5,0.0,0.0,0.5,0.0,0.5,0.5,0.0,0.5,0.0
State: w17, Alice: ['e1', 'e1'], Bob: ['zero', 'zero'], Long Bob: u, Transform: f13;0.0,0.0,0.0,0.0,0.5,0.5,0.5,0.5,0.0,0.0,0.0,0.0,0.5,0.5,0.5,0.5,0.0,0.0,0.0,0.0,0.5,0.5,0.5,0.5,0.0,0.0,0.0,0.0,0.5,0.5,0.5,0.5
State: w17, Alice: ['e1', 'e1'], Bob: ['zero', 'zero'], Long Bob: e1, Transform: f2;0.0,0.0,0.0,0.0,0.5,0.5,0.5,0.5,0.0,0.0,0.0,0.0,0.5,0.5,0.5,0.5,0.5,0.0,0.5,0.0,0.0,0.5,0.0,0.5,0.5,0.5,0.5,0.5,0.0,0.0,0.0,0.0
State: w17, Alice: ['e1', 'e1'], Bob: ['zero', 'zero'], Long Bob: e1, Transform: f3;0.0,0.0,0.0,0.0,0.5,0.5,0.5,0.5,0.0,0.0,0.0,0.0,0.5,0.5,0.5,0.5,0.0,0.5,0.0,0.5,0.5,0.0,0.5,0.0,0.5,0.5,0.5,0.5,0.0,0.0,0.0,0.0
State: w17, Alice: ['e1', 'e1'], Bob: ['zero', 'zero'], Long Bob: e1, Transform: f4;0.0,0.0,0.0,0.0,0.5,0.5,0.5,0.5,0.0,0.0,0.0,0.0,0.5,0.5,0.5,0.5,0.0,0.0,0.0,0.0,0.5,0.5,0.5,0.5,0.5,0.5,0.5,0.5,0.0,0.0,0.0,0.0
State: w17, Alice: ['e1', 'e1'], Bob: ['zero', 'zero'], Long Bob: e1, Transform: f5;0.0,0.0,0.0,0.0,0.5,0.5,0.5,0.5,0.0,0.0,0.0,0.0,0.5,0.5,0.5,0.5,0.5,0.5,0.5,0.5,0.0,0.0,0.0,0.0,0.5,0.0,0.5,0.0,0.0,0.5,0.0,0.5
State: w17, Alice: ['e1', 'e1'], Bob: ['zero', 'zero'], Long Bob: e1, Transform: f7;0.0,0.0,0.0,0.0,0.5,0.5,0.5,0.5,0.0,0.0,0.0,0.0,0.5,0.5,0.5,0.5,0.0,0.5,0.0,0.5,0.5,0.0,0.5,0.0,0.5,0.0,0.5,0.0,0.0,0.5,0.0,0.5
State: w17, Alice: ['e1', 'e1'], Bob: ['zero', 'zero'], Long Bob: e1, Transform: f8;0.0,0.0,0.0,0.0,0.5,0.5,0.5,0.5,0.0,0.0,0.0,0.0,0.5,0.5,0.5,0.5,0.0,0.0,0.0,0.0,0.5,0.5,0.5,0.5,0.5,0.0,0.5,0.0,0.0,0.5,0.0,0.5
State: w17, Alice: ['e1', 'e1'], Bob: ['zero', 'zero'], Long Bob: e1, Transform: f9;0.0,0.0,0.0,0.0,0.5,0.5,0.5,0.5,0.0,0.0,0.0,0.0,0.5,0.5,0.5,0.5,0.5,0.5,0.5,0.5,0.0,0.0,0.0,0.0,0.0,0.5,0.0,0.5,0.5,0.0,0.5,0.0
State: w17, Alice: ['e1', 'e1'], Bob: ['zero', 'zero'], Long Bob: e1, Transform: f10;0.0,0.0,0.0,0.0,0.5,0.5,0.5,0.5,0.0,0.0,0.0,0.0,0.5,0.5,0.5,0.5,0.5,0.0,0.5,0.0,0.0,0.5,0.0,0.5,0.0,0.5,0.0,0.5,0.5,0.0,0.5,0.0
State: w17, Alice: ['e1', 'e1'], Bob: ['zero', 'zero'], Long Bob: e1, Transform: f12;0.0,0.0,0.0,0.0,0.5,0.5,0.5,0.5,0.0,0.0,0.0,0.0,0.5,0.5,0.5,0.5,0.0,0.0,0.0,0.0,0.5,0.5,0.5,0.5,0.0,0.5,0.0,0.5,0.5,0.0,0.5,0.0
State: w17, Alice: ['e1', 'e1'], Bob: ['zero', 'zero'], Long Bob: e1, Transform: f13;0.0,0.0,0.0,0.0,0.5,0.5,0.5,0.5,0.0,0.0,0.0,0.0,0.5,0.5,0.5,0.5,0.5,0.5,0.5,0.5,0.0,0.0,0.0,0.0,0.0,0.0,0.0,0.0,0.5,0.5,0.5,0.5
State: w17, Alice: ['e1', 'e1'], Bob: ['zero', 'zero'], Long Bob: e1, Transform: f14;0.0,0.0,0.0,0.0,0.5,0.5,0.5,0.5,0.0,0.0,0.0,0.0,0.5,0.5,0.5,0.5,0.5,0.0,0.5,0.0,0.0,0.5,0.0,0.5,0.0,0.0,0.0,0.0,0.5,0.5,0.5,0.5
State: w17, Alice: ['e1', 'e1'], Bob: ['zero', 'zero'], Long Bob: e1, Transform: f15;0.0,0.0,0.0,0.0,0.5,0.5,0.5,0.5,0.0,0.0,0.0,0.0,0.5,0.5,0.5,0.5,0.0,0.5,0.0,0.5,0.5,0.0,0.5,0.0,0.0,0.0,0.0,0.0,0.5,0.5,0.5,0.5
State: w17, Alice: ['e1', 'e1'], Bob: ['zero', 'e1'], Long Bob: u, Transform: f1;0.0,0.0,0.0,0.0,0.5,0.5,0.5,0.5,0.0,0.5,0.0,0.5,0.5,0.0,0.5,0.0,0.5,0.5,0.5,0.5,0.0,0.0,0.0,0.0,0.5,0.5,0.5,0.5,0.0,0.0,0.0,0.0
State: w17, Alice: ['e1', 'e1'], Bob: ['e1', 'zero'], Long Bob: u, Transform: f1;0.0,0.0,0.0,0.0,0.5,0.5,0.5,0.5,0.5,0.0,0.5,0.0,0.0,0.5,0.0,0.5,0.5,0.5,0.5,0.5,0.0,0.0,0.0,0.0,0.5,0.5,0.5,0.5,0.0,0.0,0.0,0.0
State: w17, Alice: ['e1', 'e1'], Bob: ['zero', 'e1'], Long Bob: u, Transform: f5;0.0,0.0,0.0,0.0,0.5,0.5,0.5,0.5,0.0,0.5,0.0,0.5,0.5,0.0,0.5,0.0,0.5,0.0,0.5,0.0,0.0,0.5,0.0,0.5,0.5,0.0,0.5,0.0,0.0,0.5,0.0,0.5
State: w17, Alice: ['e1', 'e1'], Bob: ['e1', 'zero'], Long Bob: u, Transform: f5;0.0,0.0,0.0,0.0,0.5,0.5,0.5,0.5,0.5,0.0,0.5,0.0,0.0,0.5,0.0,0.5,0.5,0.0,0.5,0.0,0.0,0.5,0.0,0.5,0.5,0.0,0.5,0.0,0.0,0.5,0.0,0.5
State: w17, Alice: ['e1', 'e1'], Bob: ['zero', 'e1'], Long Bob: u, Transform: f9;0.0,0.0,0.0,0.0,0.5,0.5,0.5,0.5,0.0,0.5,0.0,0.5,0.5,0.0,0.5,0.0,0.0,0.5,0.0,0.5,0.5,0.0,0.5,0.0,0.0,0.5,0.0,0.5,0.5,0.0,0.5,0.0
State: w17, Alice: ['e1', 'e1'], Bob: ['e1', 'zero'], Long Bob: u, Transform: f9;0.0,0.0,0.0,0.0,0.5,0.5,0.5,0.5,0.5,0.0,0.5,0.0,0.0,0.5,0.0,0.5,0.0,0.5,0.0,0.5,0.5,0.0,0.5,0.0,0.0,0.5,0.0,0.5,0.5,0.0,0.5,0.0
State: w17, Alice: ['e1', 'e1'], Bob: ['zero', 'e1'], Long Bob: u, Transform: f13;0.0,0.0,0.0,0.0,0.5,0.5,0.5,0.5,0.0,0.5,0.0,0.5,0.5,0.0,0.5,0.0,0.0,0.0,0.0,0.0,0.5,0.5,0.5,0.5,0.0,0.0,0.0,0.0,0.5,0.5,0.5,0.5
State: w17, Alice: ['e1', 'e1'], Bob: ['e1', 'zero'], Long Bob: u, Transform: f13;0.0,0.0,0.0,0.0,0.5,0.5,0.5,0.5,0.5,0.0,0.5,0.0,0.0,0.5,0.0,0.5,0.0,0.0,0.0,0.0,0.5,0.5,0.5,0.5,0.0,0.0,0.0,0.0,0.5,0.5,0.5,0.5
State: w17, Alice: ['e1', 'e1'], Bob: ['zero', 'e1'], Long Bob: e1, Transform: f2;0.0,0.0,0.0,0.0,0.5,0.5,0.5,0.5,0.0,0.5,0.0,0.5,0.5,0.0,0.5,0.0,0.5,0.0,0.5,0.0,0.0,0.5,0.0,0.5,0.5,0.5,0.5,0.5,0.0,0.0,0.0,0.0
State: w17, Alice: ['e1', 'e1'], Bob: ['e1', 'zero'], Long Bob: e1, Transform: f2;0.0,0.0,0.0,0.0,0.5,0.5,0.5,0.5,0.5,0.0,0.5,0.0,0.0,0.5,0.0,0.5,0.5,0.0,0.5,0.0,0.0,0.5,0.0,0.5,0.5,0.5,0.5,0.5,0.0,0.0,0.0,0.0
State: w17, Alice: ['e1', 'e1'], Bob: ['zero', 'e1'], Long Bob: e1, Transform: f3;0.0,0.0,0.0,0.0,0.5,0.5,0.5,0.5,0.0,0.5,0.0,0.5,0.5,0.0,0.5,0.0,0.0,0.5,0.0,0.5,0.5,0.0,0.5,0.0,0.5,0.5,0.5,0.5,0.0,0.0,0.0,0.0
State: w17, Alice: ['e1', 'e1'], Bob: ['e1', 'zero'], Long Bob: e1, Transform: f3;0.0,0.0,0.0,0.0,0.5,0.5,0.5,0.5,0.5,0.0,0.5,0.0,0.0,0.5,0.0,0.5,0.0,0.5,0.0,0.5,0.5,0.0,0.5,0.0,0.5,0.5,0.5,0.5,0.0,0.0,0.0,0.0
State: w17, Alice: ['e1', 'e1'], Bob: ['zero', 'e1'], Long Bob: e1, Transform: f4;0.0,0.0,0.0,0.0,0.5,0.5,0.5,0.5,0.0,0.5,0.0,0.5,0.5,0.0,0.5,0.0,0.0,0.0,0.0,0.0,0.5,0.5,0.5,0.5,0.5,0.5,0.5,0.5,0.0,0.0,0.0,0.0
State: w17, Alice: ['e1', 'e1'], Bob: ['e1', 'zero'], Long Bob: e1, Transform: f4;0.0,0.0,0.0,0.0,0.5,0.5,0.5,0.5,0.5,0.0,0.5,0.0,0.0,0.5,0.0,0.5,0.0,0.0,0.0,0.0,0.5,0.5,0.5,0.5,0.5,0.5,0.5,0.5,0.0,0.0,0.0,0.0
State: w17, Alice: ['e1', 'e1'], Bob: ['zero', 'e1'], Long Bob: e1, Transform: f5;0.0,0.0,0.0,0.0,0.5,0.5,0.5,0.5,0.0,0.5,0.0,0.5,0.5,0.0,0.5,0.0,0.5,0.5,0.5,0.5,0.0,0.0,0.0,0.0,0.5,0.0,0.5,0.0,0.0,0.5,0.0,0.5
State: w17, Alice: ['e1', 'e1'], Bob: ['e1', 'zero'], Long Bob: e1, Transform: f5;0.0,0.0,0.0,0.0,0.5,0.5,0.5,0.5,0.5,0.0,0.5,0.0,0.0,0.5,0.0,0.5,0.5,0.5,0.5,0.5,0.0,0.0,0.0,0.0,0.5,0.0,0.5,0.0,0.0,0.5,0.0,0.5
State: w17, Alice: ['e1', 'e1'], Bob: ['zero', 'e1'], Long Bob: e1, Transform: f7;0.0,0.0,0.0,0.0,0.5,0.5,0.5,0.5,0.0,0.5,0.0,0.5,0.5,0.0,0.5,0.0,0.0,0.5,0.0,0.5,0.5,0.0,0.5,0.0,0.5,0.0,0.5,0.0,0.0,0.5,0.0,0.5
State: w17, Alice: ['e1', 'e1'], Bob: ['e1', 'zero'], Long Bob: e1, Transform: f7;0.0,0.0,0.0,0.0,0.5,0.5,0.5,0.5,0.5,0.0,0.5,0.0,0.0,0.5,0.0,0.5,0.0,0.5,0.0,0.5,0.5,0.0,0.5,0.0,0.5,0.0,0.5,0.0,0.0,0.5,0.0,0.5
State: w17, Alice: ['e1', 'e1'], Bob: ['zero', 'e1'], Long Bob: e1, Transform: f8;0.0,0.0,0.0,0.0,0.5,0.5,0.5,0.5,0.0,0.5,0.0,0.5,0.5,0.0,0.5,0.0,0.0,0.0,0.0,0.0,0.5,0.5,0.5,0.5,0.5,0.0,0.5,0.0,0.0,0.5,0.0,0.5
State: w17, Alice: ['e1', 'e1'], Bob: ['e1', 'zero'], Long Bob: e1, Transform: f8;0.0,0.0,0.0,0.0,0.5,0.5,0.5,0.5,0.5,0.0,0.5,0.0,0.0,0.5,0.0,0.5,0.0,0.0,0.0,0.0,0.5,0.5,0.5,0.5,0.5,0.0,0.5,0.0,0.0,0.5,0.0,0.5
State: w17, Alice: ['e1', 'e1'], Bob: ['zero', 'e1'], Long Bob: e1, Transform: f9;0.0,0.0,0.0,0.0,0.5,0.5,0.5,0.5,0.0,0.5,0.0,0.5,0.5,0.0,0.5,0.0,0.5,0.5,0.5,0.5,0.0,0.0,0.0,0.0,0.0,0.5,0.0,0.5,0.5,0.0,0.5,0.0
State: w17, Alice: ['e1', 'e1'], Bob: ['e1', 'zero'], Long Bob: e1, Transform: f9;0.0,0.0,0.0,0.0,0.5,0.5,0.5,0.5,0.5,0.0,0.5,0.0,0.0,0.5,0.0,0.5,0.5,0.5,0.5,0.5,0.0,0.0,0.0,0.0,0.0,0.5,0.0,0.5,0.5,0.0,0.5,0.0
State: w17, Alice: ['e1', 'e1'], Bob: ['zero', 'e1'], Long Bob: e1, Transform: f10;0.0,0.0,0.0,0.0,0.5,0.5,0.5,0.5,0.0,0.5,0.0,0.5,0.5,0.0,0.5,0.0,0.5,0.0,0.5,0.0,0.0,0.5,0.0,0.5,0.0,0.5,0.0,0.5,0.5,0.0,0.5,0.0
State: w17, Alice: ['e1', 'e1'], Bob: ['e1', 'zero'], Long Bob: e1, Transform: f10;0.0,0.0,0.0,0.0,0.5,0.5,0.5,0.5,0.5,0.0,0.5,0.0,0.0,0.5,0.0,0.5,0.5,0.0,0.5,0.0,0.0,0.5,0.0,0.5,0.0,0.5,0.0,0.5,0.5,0.0,0.5,0.0
State: w17, Alice: ['e1', 'e1'], Bob: ['zero', 'e1'], Long Bob: e1, Transform: f12;0.0,0.0,0.0,0.0,0.5,0.5,0.5,0.5,0.0,0.5,0.0,0.5,0.5,0.0,0.5,0.0,0.0,0.0,0.0,0.0,0.5,0.5,0.5,0.5,0.0,0.5,0.0,0.5,0.5,0.0,0.5,0.0
State: w17, Alice: ['e1', 'e1'], Bob: ['e1', 'zero'], Long Bob: e1, Transform: f12;0.0,0.0,0.0,0.0,0.5,0.5,0.5,0.5,0.5,0.0,0.5,0.0,0.0,0.5,0.0,0.5,0.0,0.0,0.0,0.0,0.5,0.5,0.5,0.5,0.0,0.5,0.0,0.5,0.5,0.0,0.5,0.0
State: w17, Alice: ['e1', 'e1'], Bob: ['zero', 'e1'], Long Bob: e1, Transform: f13;0.0,0.0,0.0,0.0,0.5,0.5,0.5,0.5,0.0,0.5,0.0,0.5,0.5,0.0,0.5,0.0,0.5,0.5,0.5,0.5,0.0,0.0,0.0,0.0,0.0,0.0,0.0,0.0,0.5,0.5,0.5,0.5
State: w17, Alice: ['e1', 'e1'], Bob: ['e1', 'zero'], Long Bob: e1, Transform: f13;0.0,0.0,0.0,0.0,0.5,0.5,0.5,0.5,0.5,0.0,0.5,0.0,0.0,0.5,0.0,0.5,0.5,0.5,0.5,0.5,0.0,0.0,0.0,0.0,0.0,0.0,0.0,0.0,0.5,0.5,0.5,0.5
State: w17, Alice: ['e1', 'e1'], Bob: ['zero', 'e1'], Long Bob: e1, Transform: f14;0.0,0.0,0.0,0.0,0.5,0.5,0.5,0.5,0.0,0.5,0.0,0.5,0.5,0.0,0.5,0.0,0.5,0.0,0.5,0.0,0.0,0.5,0.0,0.5,0.0,0.0,0.0,0.0,0.5,0.5,0.5,0.5
State: w17, Alice: ['e1', 'e1'], Bob: ['e1', 'zero'], Long Bob: e1, Transform: f14;0.0,0.0,0.0,0.0,0.5,0.5,0.5,0.5,0.5,0.0,0.5,0.0,0.0,0.5,0.0,0.5,0.5,0.0,0.5,0.0,0.0,0.5,0.0,0.5,0.0,0.0,0.0,0.0,0.5,0.5,0.5,0.5
State: w17, Alice: ['e1', 'e1'], Bob: ['zero', 'e1'], Long Bob: e1, Transform: f15;0.0,0.0,0.0,0.0,0.5,0.5,0.5,0.5,0.0,0.5,0.0,0.5,0.5,0.0,0.5,0.0,0.0,0.5,0.0,0.5,0.5,0.0,0.5,0.0,0.0,0.0,0.0,0.0,0.5,0.5,0.5,0.5
State: w17, Alice: ['e1', 'e1'], Bob: ['e1', 'zero'], Long Bob: e1, Transform: f15;0.0,0.0,0.0,0.0,0.5,0.5,0.5,0.5,0.5,0.0,0.5,0.0,0.0,0.5,0.0,0.5,0.0,0.5,0.0,0.5,0.5,0.0,0.5,0.0,0.0,0.0,0.0,0.0,0.5,0.5,0.5,0.5
State: w17, Alice: ['e1', 'e1'], Bob: ['zero', 'e2'], Long Bob: u, Transform: f1;0.0,0.5,0.0,0.5,0.5,0.0,0.5,0.0,0.0,0.0,0.0,0.0,0.5,0.5,0.5,0.5,0.5,0.5,0.5,0.5,0.0,0.0,0.0,0.0,0.5,0.5,0.5,0.5,0.0,0.0,0.0,0.0
State: w17, Alice: ['e1', 'e1'], Bob: ['e2', 'zero'], Long Bob: u, Transform: f1;0.5,0.0,0.5,0.0,0.0,0.5,0.0,0.5,0.0,0.0,0.0,0.0,0.5,0.5,0.5,0.5,0.5,0.5,0.5,0.5,0.0,0.0,0.0,0.0,0.5,0.5,0.5,0.5,0.0,0.0,0.0,0.0
State: w17, Alice: ['e1', 'e1'], Bob: ['zero', 'e2'], Long Bob: u, Transform: f5;0.0,0.5,0.0,0.5,0.5,0.0,0.5,0.0,0.0,0.0,0.0,0.0,0.5,0.5,0.5,0.5,0.5,0.0,0.5,0.0,0.0,0.5,0.0,0.5,0.5,0.0,0.5,0.0,0.0,0.5,0.0,0.5
State: w17, Alice: ['e1', 'e1'], Bob: ['e2', 'zero'], Long Bob: u, Transform: f5;0.5,0.0,0.5,0.0,0.0,0.5,0.0,0.5,0.0,0.0,0.0,0.0,0.5,0.5,0.5,0.5,0.5,0.0,0.5,0.0,0.0,0.5,0.0,0.5,0.5,0.0,0.5,0.0,0.0,0.5,0.0,0.5
State: w17, Alice: ['e1', 'e1'], Bob: ['zero', 'e2'], Long Bob: u, Transform: f9;0.0,0.5,0.0,0.5,0.5,0.0,0.5,0.0,0.0,0.0,0.0,0.0,0.5,0.5,0.5,0.5,0.0,0.5,0.0,0.5,0.5,0.0,0.5,0.0,0.0,0.5,0.0,0.5,0.5,0.0,0.5,0.0
State: w17, Alice: ['e1', 'e1'], Bob: ['e2', 'zero'], Long Bob: u, Transform: f9;0.5,0.0,0.5,0.0,0.0,0.5,0.0,0.5,0.0,0.0,0.0,0.0,0.5,0.5,0.5,0.5,0.0,0.5,0.0,0.5,0.5,0.0,0.5,0.0,0.0,0.5,0.0,0.5,0.5,0.0,0.5,0.0
State: w17, Alice: ['e1', 'e1'], Bob: ['zero', 'e2'], Long Bob: u, Transform: f13;0.0,0.5,0.0,0.5,0.5,0.0,0.5,0.0,0.0,0.0,0.0,0.0,0.5,0.5,0.5,0.5,0.0,0.0,0.0,0.0,0.5,0.5,0.5,0.5,0.0,0.0,0.0,0.0,0.5,0.5,0.5,0.5
State: w17, Alice: ['e1', 'e1'], Bob: ['e2', 'zero'], Long Bob: u, Transform: f13;0.5,0.0,0.5,0.0,0.0,0.5,0.0,0.5,0.0,0.0,0.0,0.0,0.5,0.5,0.5,0.5,0.0,0.0,0.0,0.0,0.5,0.5,0.5,0.5,0.0,0.0,0.0,0.0,0.5,0.5,0.5,0.5
State: w17, Alice: ['e1', 'e1'], Bob: ['zero', 'e2'], Long Bob: e1, Transform: f2;0.0,0.5,0.0,0.5,0.5,0.0,0.5,0.0,0.0,0.0,0.0,0.0,0.5,0.5,0.5,0.5,0.5,0.0,0.5,0.0,0.0,0.5,0.0,0.5,0.5,0.5,0.5,0.5,0.0,0.0,0.0,0.0
State: w17, Alice: ['e1', 'e1'], Bob: ['e2', 'zero'], Long Bob: e1, Transform: f2;0.5,0.0,0.5,0.0,0.0,0.5,0.0,0.5,0.0,0.0,0.0,0.0,0.5,0.5,0.5,0.5,0.5,0.0,0.5,0.0,0.0,0.5,0.0,0.5,0.5,0.5,0.5,0.5,0.0,0.0,0.0,0.0
State: w17, Alice: ['e1', 'e1'], Bob: ['zero', 'e2'], Long Bob: e1, Transform: f3;0.0,0.5,0.0,0.5,0.5,0.0,0.5,0.0,0.0,0.0,0.0,0.0,0.5,0.5,0.5,0.5,0.0,0.5,0.0,0.5,0.5,0.0,0.5,0.0,0.5,0.5,0.5,0.5,0.0,0.0,0.0,0.0
State: w17, Alice: ['e1', 'e1'], Bob: ['e2', 'zero'], Long Bob: e1, Transform: f3;0.5,0.0,0.5,0.0,0.0,0.5,0.0,0.5,0.0,0.0,0.0,0.0,0.5,0.5,0.5,0.5,0.0,0.5,0.0,0.5,0.5,0.0,0.5,0.0,0.5,0.5,0.5,0.5,0.0,0.0,0.0,0.0
State: w17, Alice: ['e1', 'e1'], Bob: ['zero', 'e2'], Long Bob: e1, Transform: f4;0.0,0.5,0.0,0.5,0.5,0.0,0.5,0.0,0.0,0.0,0.0,0.0,0.5,0.5,0.5,0.5,0.0,0.0,0.0,0.0,0.5,0.5,0.5,0.5,0.5,0.5,0.5,0.5,0.0,0.0,0.0,0.0
State: w17, Alice: ['e1', 'e1'], Bob: ['e2', 'zero'], Long Bob: e1, Transform: f4;0.5,0.0,0.5,0.0,0.0,0.5,0.0,0.5,0.0,0.0,0.0,0.0,0.5,0.5,0.5,0.5,0.0,0.0,0.0,0.0,0.5,0.5,0.5,0.5,0.5,0.5,0.5,0.5,0.0,0.0,0.0,0.0
State: w17, Alice: ['e1', 'e1'], Bob: ['zero', 'e2'], Long Bob: e1, Transform: f5;0.0,0.5,0.0,0.5,0.5,0.0,0.5,0.0,0.0,0.0,0.0,0.0,0.5,0.5,0.5,0.5,0.5,0.5,0.5,0.5,0.0,0.0,0.0,0.0,0.5,0.0,0.5,0.0,0.0,0.5,0.0,0.5
State: w17, Alice: ['e1', 'e1'], Bob: ['e2', 'zero'], Long Bob: e1, Transform: f5;0.5,0.0,0.5,0.0,0.0,0.5,0.0,0.5,0.0,0.0,0.0,0.0,0.5,0.5,0.5,0.5,0.5,0.5,0.5,0.5,0.0,0.0,0.0,0.0,0.5,0.0,0.5,0.0,0.0,0.5,0.0,0.5
State: w17, Alice: ['e1', 'e1'], Bob: ['zero', 'e2'], Long Bob: e1, Transform: f7;0.0,0.5,0.0,0.5,0.5,0.0,0.5,0.0,0.0,0.0,0.0,0.0,0.5,0.5,0.5,0.5,0.0,0.5,0.0,0.5,0.5,0.0,0.5,0.0,0.5,0.0,0.5,0.0,0.0,0.5,0.0,0.5
State: w17, Alice: ['e1', 'e1'], Bob: ['e2', 'zero'], Long Bob: e1, Transform: f7;0.5,0.0,0.5,0.0,0.0,0.5,0.0,0.5,0.0,0.0,0.0,0.0,0.5,0.5,0.5,0.5,0.0,0.5,0.0,0.5,0.5,0.0,0.5,0.0,0.5,0.0,0.5,0.0,0.0,0.5,0.0,0.5
State: w17, Alice: ['e1', 'e1'], Bob: ['zero', 'e2'], Long Bob: e1, Transform: f8;0.0,0.5,0.0,0.5,0.5,0.0,0.5,0.0,0.0,0.0,0.0,0.0,0.5,0.5,0.5,0.5,0.0,0.0,0.0,0.0,0.5,0.5,0.5,0.5,0.5,0.0,0.5,0.0,0.0,0.5,0.0,0.5
State: w17, Alice: ['e1', 'e1'], Bob: ['e2', 'zero'], Long Bob: e1, Transform: f8;0.5,0.0,0.5,0.0,0.0,0.5,0.0,0.5,0.0,0.0,0.0,0.0,0.5,0.5,0.5,0.5,0.0,0.0,0.0,0.0,0.5,0.5,0.5,0.5,0.5,0.0,0.5,0.0,0.0,0.5,0.0,0.5
State: w17, Alice: ['e1', 'e1'], Bob: ['zero', 'e2'], Long Bob: e1, Transform: f9;0.0,0.5,0.0,0.5,0.5,0.0,0.5,0.0,0.0,0.0,0.0,0.0,0.5,0.5,0.5,0.5,0.5,0.5,0.5,0.5,0.0,0.0,0.0,0.0,0.0,0.5,0.0,0.5,0.5,0.0,0.5,0.0
State: w17, Alice: ['e1', 'e1'], Bob: ['e2', 'zero'], Long Bob: e1, Transform: f9;0.5,0.0,0.5,0.0,0.0,0.5,0.0,0.5,0.0,0.0,0.0,0.0,0.5,0.5,0.5,0.5,0.5,0.5,0.5,0.5,0.0,0.0,0.0,0.0,0.0,0.5,0.0,0.5,0.5,0.0,0.5,0.0
State: w17, Alice: ['e1', 'e1'], Bob: ['zero', 'e2'], Long Bob: e1, Transform: f10;0.0,0.5,0.0,0.5,0.5,0.0,0.5,0.0,0.0,0.0,0.0,0.0,0.5,0.5,0.5,0.5,0.5,0.0,0.5,0.0,0.0,0.5,0.0,0.5,0.0,0.5,0.0,0.5,0.5,0.0,0.5,0.0
State: w17, Alice: ['e1', 'e1'], Bob: ['e2', 'zero'], Long Bob: e1, Transform: f10;0.5,0.0,0.5,0.0,0.0,0.5,0.0,0.5,0.0,0.0,0.0,0.0,0.5,0.5,0.5,0.5,0.5,0.0,0.5,0.0,0.0,0.5,0.0,0.5,0.0,0.5,0.0,0.5,0.5,0.0,0.5,0.0
State: w17, Alice: ['e1', 'e1'], Bob: ['zero', 'e2'], Long Bob: e1, Transform: f12;0.0,0.5,0.0,0.5,0.5,0.0,0.5,0.0,0.0,0.0,0.0,0.0,0.5,0.5,0.5,0.5,0.0,0.0,0.0,0.0,0.5,0.5,0.5,0.5,0.0,0.5,0.0,0.5,0.5,0.0,0.5,0.0
State: w17, Alice: ['e1', 'e1'], Bob: ['e2', 'zero'], Long Bob: e1, Transform: f12;0.5,0.0,0.5,0.0,0.0,0.5,0.0,0.5,0.0,0.0,0.0,0.0,0.5,0.5,0.5,0.5,0.0,0.0,0.0,0.0,0.5,0.5,0.5,0.5,0.0,0.5,0.0,0.5,0.5,0.0,0.5,0.0
State: w17, Alice: ['e1', 'e1'], Bob: ['zero', 'e2'], Long Bob: e1, Transform: f13;0.0,0.5,0.0,0.5,0.5,0.0,0.5,0.0,0.0,0.0,0.0,0.0,0.5,0.5,0.5,0.5,0.5,0.5,0.5,0.5,0.0,0.0,0.0,0.0,0.0,0.0,0.0,0.0,0.5,0.5,0.5,0.5
State: w17, Alice: ['e1', 'e1'], Bob: ['e2', 'zero'], Long Bob: e1, Transform: f13;0.5,0.0,0.5,0.0,0.0,0.5,0.0,0.5,0.0,0.0,0.0,0.0,0.5,0.5,0.5,0.5,0.5,0.5,0.5,0.5,0.0,0.0,0.0,0.0,0.0,0.0,0.0,0.0,0.5,0.5,0.5,0.5
State: w17, Alice: ['e1', 'e1'], Bob: ['zero', 'e2'], Long Bob: e1, Transform: f14;0.0,0.5,0.0,0.5,0.5,0.0,0.5,0.0,0.0,0.0,0.0,0.0,0.5,0.5,0.5,0.5,0.5,0.0,0.5,0.0,0.0,0.5,0.0,0.5,0.0,0.0,0.0,0.0,0.5,0.5,0.5,0.5
State: w17, Alice: ['e1', 'e1'], Bob: ['e2', 'zero'], Long Bob: e1, Transform: f14;0.5,0.0,0.5,0.0,0.0,0.5,0.0,0.5,0.0,0.0,0.0,0.0,0.5,0.5,0.5,0.5,0.5,0.0,0.5,0.0,0.0,0.5,0.0,0.5,0.0,0.0,0.0,0.0,0.5,0.5,0.5,0.5
State: w17, Alice: ['e1', 'e1'], Bob: ['zero', 'e2'], Long Bob: e1, Transform: f15;0.0,0.5,0.0,0.5,0.5,0.0,0.5,0.0,0.0,0.0,0.0,0.0,0.5,0.5,0.5,0.5,0.0,0.5,0.0,0.5,0.5,0.0,0.5,0.0,0.0,0.0,0.0,0.0,0.5,0.5,0.5,0.5
State: w17, Alice: ['e1', 'e1'], Bob: ['e2', 'zero'], Long Bob: e1, Transform: f15;0.5,0.0,0.5,0.0,0.0,0.5,0.0,0.5,0.0,0.0,0.0,0.0,0.5,0.5,0.5,0.5,0.0,0.5,0.0,0.5,0.5,0.0,0.5,0.0,0.0,0.0,0.0,0.0,0.5,0.5,0.5,0.5
State: w17, Alice: ['e1', 'e1'], Bob: ['e1', 'e1'], Long Bob: u, Transform: f1;0.0,0.0,0.0,0.0,0.5,0.5,0.5,0.5,0.5,0.5,0.5,0.5,0.0,0.0,0.0,0.0,0.5,0.5,0.5,0.5,0.0,0.0,0.0,0.0,0.5,0.5,0.5,0.5,0.0,0.0,0.0,0.0
State: w17, Alice: ['e1', 'e1'], Bob: ['e1', 'e1'], Long Bob: u, Transform: f5;0.0,0.0,0.0,0.0,0.5,0.5,0.5,0.5,0.5,0.5,0.5,0.5,0.0,0.0,0.0,0.0,0.5,0.0,0.5,0.0,0.0,0.5,0.0,0.5,0.5,0.0,0.5,0.0,0.0,0.5,0.0,0.5
State: w17, Alice: ['e1', 'e1'], Bob: ['e1', 'e1'], Long Bob: u, Transform: f9;0.0,0.0,0.0,0.0,0.5,0.5,0.5,0.5,0.5,0.5,0.5,0.5,0.0,0.0,0.0,0.0,0.0,0.5,0.0,0.5,0.5,0.0,0.5,0.0,0.0,0.5,0.0,0.5,0.5,0.0,0.5,0.0
State: w17, Alice: ['e1', 'e1'], Bob: ['e1', 'e1'], Long Bob: u, Transform: f13;0.0,0.0,0.0,0.0,0.5,0.5,0.5,0.5,0.5,0.5,0.5,0.5,0.0,0.0,0.0,0.0,0.0,0.0,0.0,0.0,0.5,0.5,0.5,0.5,0.0,0.0,0.0,0.0,0.5,0.5,0.5,0.5
State: w17, Alice: ['e1', 'e1'], Bob: ['e1', 'e1'], Long Bob: e1, Transform: f2;0.0,0.0,0.0,0.0,0.5,0.5,0.5,0.5,0.5,0.5,0.5,0.5,0.0,0.0,0.0,0.0,0.5,0.0,0.5,0.0,0.0,0.5,0.0,0.5,0.5,0.5,0.5,0.5,0.0,0.0,0.0,0.0
State: w17, Alice: ['e1', 'e1'], Bob: ['e1', 'e1'], Long Bob: e1, Transform: f3;0.0,0.0,0.0,0.0,0.5,0.5,0.5,0.5,0.5,0.5,0.5,0.5,0.0,0.0,0.0,0.0,0.0,0.5,0.0,0.5,0.5,0.0,0.5,0.0,0.5,0.5,0.5,0.5,0.0,0.0,0.0,0.0
State: w17, Alice: ['e1', 'e1'], Bob: ['e1', 'e1'], Long Bob: e1, Transform: f4;0.0,0.0,0.0,0.0,0.5,0.5,0.5,0.5,0.5,0.5,0.5,0.5,0.0,0.0,0.0,0.0,0.0,0.0,0.0,0.0,0.5,0.5,0.5,0.5,0.5,0.5,0.5,0.5,0.0,0.0,0.0,0.0
State: w17, Alice: ['e1', 'e1'], Bob: ['e1', 'e1'], Long Bob: e1, Transform: f5;0.0,0.0,0.0,0.0,0.5,0.5,0.5,0.5,0.5,0.5,0.5,0.5,0.0,0.0,0.0,0.0,0.5,0.5,0.5,0.5,0.0,0.0,0.0,0.0,0.5,0.0,0.5,0.0,0.0,0.5,0.0,0.5
State: w17, Alice: ['e1', 'e1'], Bob: ['e1', 'e1'], Long Bob: e1, Transform: f7;0.0,0.0,0.0,0.0,0.5,0.5,0.5,0.5,0.5,0.5,0.5,0.5,0.0,0.0,0.0,0.0,0.0,0.5,0.0,0.5,0.5,0.0,0.5,0.0,0.5,0.0,0.5,0.0,0.0,0.5,0.0,0.5
State: w17, Alice: ['e1', 'e1'], Bob: ['e1', 'e1'], Long Bob: e1, Transform: f8;0.0,0.0,0.0,0.0,0.5,0.5,0.5,0.5,0.5,0.5,0.5,0.5,0.0,0.0,0.0,0.0,0.0,0.0,0.0,0.0,0.5,0.5,0.5,0.5,0.5,0.0,0.5,0.0,0.0,0.5,0.0,0.5
State: w17, Alice: ['e1', 'e1'], Bob: ['e1', 'e1'], Long Bob: e1, Transform: f9;0.0,0.0,0.0,0.0,0.5,0.5,0.5,0.5,0.5,0.5,0.5,0.5,0.0,0.0,0.0,0.0,0.5,0.5,0.5,0.5,0.0,0.0,0.0,0.0,0.0,0.5,0.0,0.5,0.5,0.0,0.5,0.0
State: w17, Alice: ['e1', 'e1'], Bob: ['e1', 'e1'], Long Bob: e1, Transform: f10;0.0,0.0,0.0,0.0,0.5,0.5,0.5,0.5,0.5,0.5,0.5,0.5,0.0,0.0,0.0,0.0,0.5,0.0,0.5,0.0,0.0,0.5,0.0,0.5,0.0,0.5,0.0,0.5,0.5,0.0,0.5,0.0
State: w17, Alice: ['e1', 'e1'], Bob: ['e1', 'e1'], Long Bob: e1, Transform: f12;0.0,0.0,0.0,0.0,0.5,0.5,0.5,0.5,0.5,0.5,0.5,0.5,0.0,0.0,0.0,0.0,0.0,0.0,0.0,0.0,0.5,0.5,0.5,0.5,0.0,0.5,0.0,0.5,0.5,0.0,0.5,0.0
State: w17, Alice: ['e1', 'e1'], Bob: ['e1', 'e1'], Long Bob: e1, Transform: f13;0.0,0.0,0.0,0.0,0.5,0.5,0.5,0.5,0.5,0.5,0.5,0.5,0.0,0.0,0.0,0.0,0.5,0.5,0.5,0.5,0.0,0.0,0.0,0.0,0.0,0.0,0.0,0.0,0.5,0.5,0.5,0.5
State: w17, Alice: ['e1', 'e1'], Bob: ['e1', 'e1'], Long Bob: e1, Transform: f14;0.0,0.0,0.0,0.0,0.5,0.5,0.5,0.5,0.5,0.5,0.5,0.5,0.0,0.0,0.0,0.0,0.5,0.0,0.5,0.0,0.0,0.5,0.0,0.5,0.0,0.0,0.0,0.0,0.5,0.5,0.5,0.5
State: w17, Alice: ['e1', 'e1'], Bob: ['e1', 'e1'], Long Bob: e1, Transform: f15;0.0,0.0,0.0,0.0,0.5,0.5,0.5,0.5,0.5,0.5,0.5,0.5,0.0,0.0,0.0,0.0,0.0,0.5,0.0,0.5,0.5,0.0,0.5,0.0,0.0,0.0,0.0,0.0,0.5,0.5,0.5,0.5
State: w17, Alice: ['e1', 'e1'], Bob: ['e1', 'e2'], Long Bob: u, Transform: f1;0.0,0.5,0.0,0.5,0.5,0.0,0.5,0.0,0.5,0.0,0.5,0.0,0.0,0.5,0.0,0.5,0.5,0.5,0.5,0.5,0.0,0.0,0.0,0.0,0.5,0.5,0.5,0.5,0.0,0.0,0.0,0.0
State: w17, Alice: ['e1', 'e1'], Bob: ['e2', 'e1'], Long Bob: u, Transform: f1;0.5,0.0,0.5,0.0,0.0,0.5,0.0,0.5,0.0,0.5,0.0,0.5,0.5,0.0,0.5,0.0,0.5,0.5,0.5,0.5,0.0,0.0,0.0,0.0,0.5,0.5,0.5,0.5,0.0,0.0,0.0,0.0
State: w17, Alice: ['e1', 'e1'], Bob: ['e1', 'e2'], Long Bob: u, Transform: f5;0.0,0.5,0.0,0.5,0.5,0.0,0.5,0.0,0.5,0.0,0.5,0.0,0.0,0.5,0.0,0.5,0.5,0.0,0.5,0.0,0.0,0.5,0.0,0.5,0.5,0.0,0.5,0.0,0.0,0.5,0.0,0.5
State: w17, Alice: ['e1', 'e1'], Bob: ['e2', 'e1'], Long Bob: u, Transform: f5;0.5,0.0,0.5,0.0,0.0,0.5,0.0,0.5,0.0,0.5,0.0,0.5,0.5,0.0,0.5,0.0,0.5,0.0,0.5,0.0,0.0,0.5,0.0,0.5,0.5,0.0,0.5,0.0,0.0,0.5,0.0,0.5
State: w17, Alice: ['e1', 'e1'], Bob: ['e1', 'e2'], Long Bob: u, Transform: f9;0.0,0.5,0.0,0.5,0.5,0.0,0.5,0.0,0.5,0.0,0.5,0.0,0.0,0.5,0.0,0.5,0.0,0.5,0.0,0.5,0.5,0.0,0.5,0.0,0.0,0.5,0.0,0.5,0.5,0.0,0.5,0.0
State: w17, Alice: ['e1', 'e1'], Bob: ['e2', 'e1'], Long Bob: u, Transform: f9;0.5,0.0,0.5,0.0,0.0,0.5,0.0,0.5,0.0,0.5,0.0,0.5,0.5,0.0,0.5,0.0,0.0,0.5,0.0,0.5,0.5,0.0,0.5,0.0,0.0,0.5,0.0,0.5,0.5,0.0,0.5,0.0
State: w17, Alice: ['e1', 'e1'], Bob: ['e1', 'e2'], Long Bob: u, Transform: f13;0.0,0.5,0.0,0.5,0.5,0.0,0.5,0.0,0.5,0.0,0.5,0.0,0.0,0.5,0.0,0.5,0.0,0.0,0.0,0.0,0.5,0.5,0.5,0.5,0.0,0.0,0.0,0.0,0.5,0.5,0.5,0.5
State: w17, Alice: ['e1', 'e1'], Bob: ['e2', 'e1'], Long Bob: u, Transform: f13;0.5,0.0,0.5,0.0,0.0,0.5,0.0,0.5,0.0,0.5,0.0,0.5,0.5,0.0,0.5,0.0,0.0,0.0,0.0,0.0,0.5,0.5,0.5,0.5,0.0,0.0,0.0,0.0,0.5,0.5,0.5,0.5
State: w17, Alice: ['e1', 'e1'], Bob: ['e1', 'e2'], Long Bob: e1, Transform: f2;0.0,0.5,0.0,0.5,0.5,0.0,0.5,0.0,0.5,0.0,0.5,0.0,0.0,0.5,0.0,0.5,0.5,0.0,0.5,0.0,0.0,0.5,0.0,0.5,0.5,0.5,0.5,0.5,0.0,0.0,0.0,0.0
State: w17, Alice: ['e1', 'e1'], Bob: ['e2', 'e1'], Long Bob: e1, Transform: f2;0.5,0.0,0.5,0.0,0.0,0.5,0.0,0.5,0.0,0.5,0.0,0.5,0.5,0.0,0.5,0.0,0.5,0.0,0.5,0.0,0.0,0.5,0.0,0.5,0.5,0.5,0.5,0.5,0.0,0.0,0.0,0.0
State: w17, Alice: ['e1', 'e1'], Bob: ['e1', 'e2'], Long Bob: e1, Transform: f3;0.0,0.5,0.0,0.5,0.5,0.0,0.5,0.0,0.5,0.0,0.5,0.0,0.0,0.5,0.0,0.5,0.0,0.5,0.0,0.5,0.5,0.0,0.5,0.0,0.5,0.5,0.5,0.5,0.0,0.0,0.0,0.0
State: w17, Alice: ['e1', 'e1'], Bob: ['e2', 'e1'], Long Bob: e1, Transform: f3;0.5,0.0,0.5,0.0,0.0,0.5,0.0,0.5,0.0,0.5,0.0,0.5,0.5,0.0,0.5,0.0,0.0,0.5,0.0,0.5,0.5,0.0,0.5,0.0,0.5,0.5,0.5,0.5,0.0,0.0,0.0,0.0
State: w17, Alice: ['e1', 'e1'], Bob: ['e1', 'e2'], Long Bob: e1, Transform: f4;0.0,0.5,0.0,0.5,0.5,0.0,0.5,0.0,0.5,0.0,0.5,0.0,0.0,0.5,0.0,0.5,0.0,0.0,0.0,0.0,0.5,0.5,0.5,0.5,0.5,0.5,0.5,0.5,0.0,0.0,0.0,0.0
State: w17, Alice: ['e1', 'e1'], Bob: ['e2', 'e1'], Long Bob: e1, Transform: f4;0.5,0.0,0.5,0.0,0.0,0.5,0.0,0.5,0.0,0.5,0.0,0.5,0.5,0.0,0.5,0.0,0.0,0.0,0.0,0.0,0.5,0.5,0.5,0.5,0.5,0.5,0.5,0.5,0.0,0.0,0.0,0.0
State: w17, Alice: ['e1', 'e1'], Bob: ['e1', 'e2'], Long Bob: e1, Transform: f5;0.0,0.5,0.0,0.5,0.5,0.0,0.5,0.0,0.5,0.0,0.5,0.0,0.0,0.5,0.0,0.5,0.5,0.5,0.5,0.5,0.0,0.0,0.0,0.0,0.5,0.0,0.5,0.0,0.0,0.5,0.0,0.5
State: w17, Alice: ['e1', 'e1'], Bob: ['e2', 'e1'], Long Bob: e1, Transform: f5;0.5,0.0,0.5,0.0,0.0,0.5,0.0,0.5,0.0,0.5,0.0,0.5,0.5,0.0,0.5,0.0,0.5,0.5,0.5,0.5,0.0,0.0,0.0,0.0,0.5,0.0,0.5,0.0,0.0,0.5,0.0,0.5
State: w17, Alice: ['e1', 'e1'], Bob: ['e1', 'e2'], Long Bob: e1, Transform: f7;0.0,0.5,0.0,0.5,0.5,0.0,0.5,0.0,0.5,0.0,0.5,0.0,0.0,0.5,0.0,0.5,0.0,0.5,0.0,0.5,0.5,0.0,0.5,0.0,0.5,0.0,0.5,0.0,0.0,0.5,0.0,0.5
State: w17, Alice: ['e1', 'e1'], Bob: ['e2', 'e1'], Long Bob: e1, Transform: f7;0.5,0.0,0.5,0.0,0.0,0.5,0.0,0.5,0.0,0.5,0.0,0.5,0.5,0.0,0.5,0.0,0.0,0.5,0.0,0.5,0.5,0.0,0.5,0.0,0.5,0.0,0.5,0.0,0.0,0.5,0.0,0.5
State: w17, Alice: ['e1', 'e1'], Bob: ['e1', 'e2'], Long Bob: e1, Transform: f8;0.0,0.5,0.0,0.5,0.5,0.0,0.5,0.0,0.5,0.0,0.5,0.0,0.0,0.5,0.0,0.5,0.0,0.0,0.0,0.0,0.5,0.5,0.5,0.5,0.5,0.0,0.5,0.0,0.0,0.5,0.0,0.5
State: w17, Alice: ['e1', 'e1'], Bob: ['e2', 'e1'], Long Bob: e1, Transform: f8;0.5,0.0,0.5,0.0,0.0,0.5,0.0,0.5,0.0,0.5,0.0,0.5,0.5,0.0,0.5,0.0,0.0,0.0,0.0,0.0,0.5,0.5,0.5,0.5,0.5,0.0,0.5,0.0,0.0,0.5,0.0,0.5
State: w17, Alice: ['e1', 'e1'], Bob: ['e1', 'e2'], Long Bob: e1, Transform: f9;0.0,0.5,0.0,0.5,0.5,0.0,0.5,0.0,0.5,0.0,0.5,0.0,0.0,0.5,0.0,0.5,0.5,0.5,0.5,0.5,0.0,0.0,0.0,0.0,0.0,0.5,0.0,0.5,0.5,0.0,0.5,0.0
State: w17, Alice: ['e1', 'e1'], Bob: ['e2', 'e1'], Long Bob: e1, Transform: f9;0.5,0.0,0.5,0.0,0.0,0.5,0.0,0.5,0.0,0.5,0.0,0.5,0.5,0.0,0.5,0.0,0.5,0.5,0.5,0.5,0.0,0.0,0.0,0.0,0.0,0.5,0.0,0.5,0.5,0.0,0.5,0.0
State: w17, Alice: ['e1', 'e1'], Bob: ['e1', 'e2'], Long Bob: e1, Transform: f10;0.0,0.5,0.0,0.5,0.5,0.0,0.5,0.0,0.5,0.0,0.5,0.0,0.0,0.5,0.0,0.5,0.5,0.0,0.5,0.0,0.0,0.5,0.0,0.5,0.0,0.5,0.0,0.5,0.5,0.0,0.5,0.0
State: w17, Alice: ['e1', 'e1'], Bob: ['e2', 'e1'], Long Bob: e1, Transform: f10;0.5,0.0,0.5,0.0,0.0,0.5,0.0,0.5,0.0,0.5,0.0,0.5,0.5,0.0,0.5,0.0,0.5,0.0,0.5,0.0,0.0,0.5,0.0,0.5,0.0,0.5,0.0,0.5,0.5,0.0,0.5,0.0
State: w17, Alice: ['e1', 'e1'], Bob: ['e1', 'e2'], Long Bob: e1, Transform: f12;0.0,0.5,0.0,0.5,0.5,0.0,0.5,0.0,0.5,0.0,0.5,0.0,0.0,0.5,0.0,0.5,0.0,0.0,0.0,0.0,0.5,0.5,0.5,0.5,0.0,0.5,0.0,0.5,0.5,0.0,0.5,0.0
State: w17, Alice: ['e1', 'e1'], Bob: ['e2', 'e1'], Long Bob: e1, Transform: f12;0.5,0.0,0.5,0.0,0.0,0.5,0.0,0.5,0.0,0.5,0.0,0.5,0.5,0.0,0.5,0.0,0.0,0.0,0.0,0.0,0.5,0.5,0.5,0.5,0.0,0.5,0.0,0.5,0.5,0.0,0.5,0.0
State: w17, Alice: ['e1', 'e1'], Bob: ['e1', 'e2'], Long Bob: e1, Transform: f13;0.0,0.5,0.0,0.5,0.5,0.0,0.5,0.0,0.5,0.0,0.5,0.0,0.0,0.5,0.0,0.5,0.5,0.5,0.5,0.5,0.0,0.0,0.0,0.0,0.0,0.0,0.0,0.0,0.5,0.5,0.5,0.5
State: w17, Alice: ['e1', 'e1'], Bob: ['e2', 'e1'], Long Bob: e1, Transform: f13;0.5,0.0,0.5,0.0,0.0,0.5,0.0,0.5,0.0,0.5,0.0,0.5,0.5,0.0,0.5,0.0,0.5,0.5,0.5,0.5,0.0,0.0,0.0,0.0,0.0,0.0,0.0,0.0,0.5,0.5,0.5,0.5
State: w17, Alice: ['e1', 'e1'], Bob: ['e1', 'e2'], Long Bob: e1, Transform: f14;0.0,0.5,0.0,0.5,0.5,0.0,0.5,0.0,0.5,0.0,0.5,0.0,0.0,0.5,0.0,0.5,0.5,0.0,0.5,0.0,0.0,0.5,0.0,0.5,0.0,0.0,0.0,0.0,0.5,0.5,0.5,0.5
State: w17, Alice: ['e1', 'e1'], Bob: ['e2', 'e1'], Long Bob: e1, Transform: f14;0.5,0.0,0.5,0.0,0.0,0.5,0.0,0.5,0.0,0.5,0.0,0.5,0.5,0.0,0.5,0.0,0.5,0.0,0.5,0.0,0.0,0.5,0.0,0.5,0.0,0.0,0.0,0.0,0.5,0.5,0.5,0.5
State: w17, Alice: ['e1', 'e1'], Bob: ['e1', 'e2'], Long Bob: e1, Transform: f15;0.0,0.5,0.0,0.5,0.5,0.0,0.5,0.0,0.5,0.0,0.5,0.0,0.0,0.5,0.0,0.5,0.0,0.5,0.0,0.5,0.5,0.0,0.5,0.0,0.0,0.0,0.0,0.0,0.5,0.5,0.5,0.5
State: w17, Alice: ['e1', 'e1'], Bob: ['e2', 'e1'], Long Bob: e1, Transform: f15;0.5,0.0,0.5,0.0,0.0,0.5,0.0,0.5,0.0,0.5,0.0,0.5,0.5,0.0,0.5,0.0,0.0,0.5,0.0,0.5,0.5,0.0,0.5,0.0,0.0,0.0,0.0,0.0,0.5,0.5,0.5,0.5
State: w17, Alice: ['e1', 'e1'], Bob: ['e2', 'e2'], Long Bob: u, Transform: f1;0.5,0.5,0.5,0.5,0.0,0.0,0.0,0.0,0.0,0.0,0.0,0.0,0.5,0.5,0.5,0.5,0.5,0.5,0.5,0.5,0.0,0.0,0.0,0.0,0.5,0.5,0.5,0.5,0.0,0.0,0.0,0.0
State: w17, Alice: ['e1', 'e1'], Bob: ['e2', 'e2'], Long Bob: u, Transform: f5;0.5,0.5,0.5,0.5,0.0,0.0,0.0,0.0,0.0,0.0,0.0,0.0,0.5,0.5,0.5,0.5,0.5,0.0,0.5,0.0,0.0,0.5,0.0,0.5,0.5,0.0,0.5,0.0,0.0,0.5,0.0,0.5
State: w17, Alice: ['e1', 'e1'], Bob: ['e2', 'e2'], Long Bob: u, Transform: f9;0.5,0.5,0.5,0.5,0.0,0.0,0.0,0.0,0.0,0.0,0.0,0.0,0.5,0.5,0.5,0.5,0.0,0.5,0.0,0.5,0.5,0.0,0.5,0.0,0.0,0.5,0.0,0.5,0.5,0.0,0.5,0.0
State: w17, Alice: ['e1', 'e1'], Bob: ['e2', 'e2'], Long Bob: u, Transform: f13;0.5,0.5,0.5,0.5,0.0,0.0,0.0,0.0,0.0,0.0,0.0,0.0,0.5,0.5,0.5,0.5,0.0,0.0,0.0,0.0,0.5,0.5,0.5,0.5,0.0,0.0,0.0,0.0,0.5,0.5,0.5,0.5
State: w17, Alice: ['e1', 'e1'], Bob: ['e2', 'e2'], Long Bob: e1, Transform: f2;0.5,0.5,0.5,0.5,0.0,0.0,0.0,0.0,0.0,0.0,0.0,0.0,0.5,0.5,0.5,0.5,0.5,0.0,0.5,0.0,0.0,0.5,0.0,0.5,0.5,0.5,0.5,0.5,0.0,0.0,0.0,0.0
State: w17, Alice: ['e1', 'e1'], Bob: ['e2', 'e2'], Long Bob: e1, Transform: f3;0.5,0.5,0.5,0.5,0.0,0.0,0.0,0.0,0.0,0.0,0.0,0.0,0.5,0.5,0.5,0.5,0.0,0.5,0.0,0.5,0.5,0.0,0.5,0.0,0.5,0.5,0.5,0.5,0.0,0.0,0.0,0.0
State: w17, Alice: ['e1', 'e1'], Bob: ['e2', 'e2'], Long Bob: e1, Transform: f4;0.5,0.5,0.5,0.5,0.0,0.0,0.0,0.0,0.0,0.0,0.0,0.0,0.5,0.5,0.5,0.5,0.0,0.0,0.0,0.0,0.5,0.5,0.5,0.5,0.5,0.5,0.5,0.5,0.0,0.0,0.0,0.0
State: w17, Alice: ['e1', 'e1'], Bob: ['e2', 'e2'], Long Bob: e1, Transform: f5;0.5,0.5,0.5,0.5,0.0,0.0,0.0,0.0,0.0,0.0,0.0,0.0,0.5,0.5,0.5,0.5,0.5,0.5,0.5,0.5,0.0,0.0,0.0,0.0,0.5,0.0,0.5,0.0,0.0,0.5,0.0,0.5
State: w17, Alice: ['e1', 'e1'], Bob: ['e2', 'e2'], Long Bob: e1, Transform: f7;0.5,0.5,0.5,0.5,0.0,0.0,0.0,0.0,0.0,0.0,0.0,0.0,0.5,0.5,0.5,0.5,0.0,0.5,0.0,0.5,0.5,0.0,0.5,0.0,0.5,0.0,0.5,0.0,0.0,0.5,0.0,0.5
State: w17, Alice: ['e1', 'e1'], Bob: ['e2', 'e2'], Long Bob: e1, Transform: f8;0.5,0.5,0.5,0.5,0.0,0.0,0.0,0.0,0.0,0.0,0.0,0.0,0.5,0.5,0.5,0.5,0.0,0.0,0.0,0.0,0.5,0.5,0.5,0.5,0.5,0.0,0.5,0.0,0.0,0.5,0.0,0.5
State: w17, Alice: ['e1', 'e1'], Bob: ['e2', 'e2'], Long Bob: e1, Transform: f9;0.5,0.5,0.5,0.5,0.0,0.0,0.0,0.0,0.0,0.0,0.0,0.0,0.5,0.5,0.5,0.5,0.5,0.5,0.5,0.5,0.0,0.0,0.0,0.0,0.0,0.5,0.0,0.5,0.5,0.0,0.5,0.0
State: w17, Alice: ['e1', 'e1'], Bob: ['e2', 'e2'], Long Bob: e1, Transform: f10;0.5,0.5,0.5,0.5,0.0,0.0,0.0,0.0,0.0,0.0,0.0,0.0,0.5,0.5,0.5,0.5,0.5,0.0,0.5,0.0,0.0,0.5,0.0,0.5,0.0,0.5,0.0,0.5,0.5,0.0,0.5,0.0
State: w17, Alice: ['e1', 'e1'], Bob: ['e2', 'e2'], Long Bob: e1, Transform: f12;0.5,0.5,0.5,0.5,0.0,0.0,0.0,0.0,0.0,0.0,0.0,0.0,0.5,0.5,0.5,0.5,0.0,0.0,0.0,0.0,0.5,0.5,0.5,0.5,0.0,0.5,0.0,0.5,0.5,0.0,0.5,0.0
State: w17, Alice: ['e1', 'e1'], Bob: ['e2', 'e2'], Long Bob: e1, Transform: f13;0.5,0.5,0.5,0.5,0.0,0.0,0.0,0.0,0.0,0.0,0.0,0.0,0.5,0.5,0.5,0.5,0.5,0.5,0.5,0.5,0.0,0.0,0.0,0.0,0.0,0.0,0.0,0.0,0.5,0.5,0.5,0.5
State: w17, Alice: ['e1', 'e1'], Bob: ['e2', 'e2'], Long Bob: e1, Transform: f14;0.5,0.5,0.5,0.5,0.0,0.0,0.0,0.0,0.0,0.0,0.0,0.0,0.5,0.5,0.5,0.5,0.5,0.0,0.5,0.0,0.0,0.5,0.0,0.5,0.0,0.0,0.0,0.0,0.5,0.5,0.5,0.5
State: w17, Alice: ['e1', 'e1'], Bob: ['e2', 'e2'], Long Bob: e1, Transform: f15;0.5,0.5,0.5,0.5,0.0,0.0,0.0,0.0,0.0,0.0,0.0,0.0,0.5,0.5,0.5,0.5,0.0,0.5,0.0,0.5,0.5,0.0,0.5,0.0,0.0,0.0,0.0,0.0,0.5,0.5,0.5,0.5
State: w17, Alice: ['e1', 'e2'], Bob: ['u', 'u'], Long Bob: e2, Transform: f2;0.5,0.5,0.5,0.5,0.0,0.0,0.0,0.0,0.5,0.5,0.5,0.5,0.0,0.0,0.0,0.0,0.5,0.5,0.5,0.0,0.0,0.0,0.0,0.5,0.5,0.0,0.5,0.5,0.0,0.5,0.0,0.0
State: w17, Alice: ['e2', 'e1'], Bob: ['u', 'u'], Long Bob: e2, Transform: f2;0.5,0.5,0.5,0.5,0.0,0.0,0.0,0.0,0.5,0.5,0.5,0.5,0.0,0.0,0.0,0.0,0.5,0.0,0.5,0.5,0.0,0.5,0.0,0.0,0.5,0.5,0.5,0.0,0.0,0.0,0.0,0.5
State: w17, Alice: ['e1', 'e2'], Bob: ['u', 'u'], Long Bob: e2, Transform: f3;0.5,0.5,0.5,0.5,0.0,0.0,0.0,0.0,0.5,0.5,0.5,0.5,0.0,0.0,0.0,0.0,0.5,0.5,0.0,0.5,0.0,0.0,0.5,0.0,0.0,0.5,0.5,0.5,0.5,0.0,0.0,0.0
State: w17, Alice: ['e2', 'e1'], Bob: ['u', 'u'], Long Bob: e2, Transform: f3;0.5,0.5,0.5,0.5,0.0,0.0,0.0,0.0,0.5,0.5,0.5,0.5,0.0,0.0,0.0,0.0,0.0,0.5,0.5,0.5,0.5,0.0,0.0,0.0,0.5,0.5,0.0,0.5,0.0,0.0,0.5,0.0
State: w17, Alice: ['e1', 'e2'], Bob: ['u', 'u'], Long Bob: e2, Transform: f4;0.5,0.5,0.5,0.5,0.0,0.0,0.0,0.0,0.5,0.5,0.5,0.5,0.0,0.0,0.0,0.0,0.5,0.5,0.0,0.0,0.0,0.0,0.5,0.5,0.0,0.0,0.5,0.5,0.5,0.5,0.0,0.0
State: w17, Alice: ['e2', 'e1'], Bob: ['u', 'u'], Long Bob: e2, Transform: f4;0.5,0.5,0.5,0.5,0.0,0.0,0.0,0.0,0.5,0.5,0.5,0.5,0.0,0.0,0.0,0.0,0.0,0.0,0.5,0.5,0.5,0.5,0.0,0.0,0.5,0.5,0.0,0.0,0.0,0.0,0.5,0.5
State: w17, Alice: ['e1', 'e2'], Bob: ['u', 'u'], Long Bob: e2, Transform: f7;0.5,0.5,0.5,0.5,0.0,0.0,0.0,0.0,0.5,0.5,0.5,0.5,0.0,0.0,0.0,0.0,0.5,0.0,0.0,0.5,0.0,0.5,0.5,0.0,0.0,0.5,0.5,0.0,0.5,0.0,0.0,0.5
State: w17, Alice: ['e2', 'e1'], Bob: ['u', 'u'], Long Bob: e2, Transform: f7;0.5,0.5,0.5,0.5,0.0,0.0,0.0,0.0,0.5,0.5,0.5,0.5,0.0,0.0,0.0,0.0,0.0,0.5,0.5,0.0,0.5,0.0,0.0,0.5,0.5,0.0,0.0,0.5,0.0,0.5,0.5,0.0
State: w17, Alice: ['e1', 'e2'], Bob: ['u', 'u'], Long Bob: e2, Transform: f8;0.5,0.5,0.5,0.5,0.0,0.0,0.0,0.0,0.5,0.5,0.5,0.5,0.0,0.0,0.0,0.0,0.5,0.0,0.0,0.0,0.0,0.5,0.5,0.5,0.0,0.0,0.5,0.0,0.5,0.5,0.0,0.5
State: w17, Alice: ['e2', 'e1'], Bob: ['u', 'u'], Long Bob: e2, Transform: f8;0.5,0.5,0.5,0.5,0.0,0.0,0.0,0.0,0.5,0.5,0.5,0.5,0.0,0.0,0.0,0.0,0.0,0.0,0.5,0.0,0.5,0.5,0.0,0.5,0.5,0.0,0.0,0.0,0.0,0.5,0.5,0.5
State: w17, Alice: ['e1', 'e2'], Bob: ['u', 'u'], Long Bob: e2, Transform: f12;0.5,0.5,0.5,0.5,0.0,0.0,0.0,0.0,0.5,0.5,0.5,0.5,0.0,0.0,0.0,0.0,0.0,0.5,0.0,0.0,0.5,0.0,0.5,0.5,0.0,0.0,0.0,0.5,0.5,0.5,0.5,0.0
State: w17, Alice: ['e2', 'e1'], Bob: ['u', 'u'], Long Bob: e2, Transform: f12;0.5,0.5,0.5,0.5,0.0,0.0,0.0,0.0,0.5,0.5,0.5,0.5,0.0,0.0,0.0,0.0,0.0,0.0,0.0,0.5,0.5,0.5,0.5,0.0,0.0,0.5,0.0,0.0,0.5,0.0,0.5,0.5
State: w17, Alice: ['e1', 'e2'], Bob: ['u', 'zero'], Long Bob: e2, Transform: f2;0.5,0.0,0.5,0.0,0.0,0.5,0.0,0.5,0.5,0.0,0.5,0.0,0.0,0.5,0.0,0.5,0.5,0.5,0.5,0.0,0.0,0.0,0.0,0.5,0.5,0.0,0.5,0.5,0.0,0.5,0.0,0.0
State: w17, Alice: ['e1', 'e2'], Bob: ['zero', 'u'], Long Bob: e2, Transform: f2;0.0,0.5,0.0,0.5,0.5,0.0,0.5,0.0,0.0,0.5,0.0,0.5,0.5,0.0,0.5,0.0,0.5,0.5,0.5,0.0,0.0,0.0,0.0,0.5,0.5,0.0,0.5,0.5,0.0,0.5,0.0,0.0
State: w17, Alice: ['e2', 'e1'], Bob: ['u', 'zero'], Long Bob: e2, Transform: f2;0.5,0.0,0.5,0.0,0.0,0.5,0.0,0.5,0.5,0.0,0.5,0.0,0.0,0.5,0.0,0.5,0.5,0.0,0.5,0.5,0.0,0.5,0.0,0.0,0.5,0.5,0.5,0.0,0.0,0.0,0.0,0.5
State: w17, Alice: ['e2', 'e1'], Bob: ['zero', 'u'], Long Bob: e2, Transform: f2;0.0,0.5,0.0,0.5,0.5,0.0,0.5,0.0,0.0,0.5,0.0,0.5,0.5,0.0,0.5,0.0,0.5,0.0,0.5,0.5,0.0,0.5,0.0,0.0,0.5,0.5,0.5,0.0,0.0,0.0,0.0,0.5
State: w17, Alice: ['e1', 'e2'], Bob: ['u', 'zero'], Long Bob: e2, Transform: f3;0.5,0.0,0.5,0.0,0.0,0.5,0.0,0.5,0.5,0.0,0.5,0.0,0.0,0.5,0.0,0.5,0.5,0.5,0.0,0.5,0.0,0.0,0.5,0.0,0.0,0.5,0.5,0.5,0.5,0.0,0.0,0.0
State: w17, Alice: ['e1', 'e2'], Bob: ['zero', 'u'], Long Bob: e2, Transform: f3;0.0,0.5,0.0,0.5,0.5,0.0,0.5,0.0,0.0,0.5,0.0,0.5,0.5,0.0,0.5,0.0,0.5,0.5,0.0,0.5,0.0,0.0,0.5,0.0,0.0,0.5,0.5,0.5,0.5,0.0,0.0,0.0
State: w17, Alice: ['e2', 'e1'], Bob: ['u', 'zero'], Long Bob: e2, Transform: f3;0.5,0.0,0.5,0.0,0.0,0.5,0.0,0.5,0.5,0.0,0.5,0.0,0.0,0.5,0.0,0.5,0.0,0.5,0.5,0.5,0.5,0.0,0.0,0.0,0.5,0.5,0.0,0.5,0.0,0.0,0.5,0.0
State: w17, Alice: ['e2', 'e1'], Bob: ['zero', 'u'], Long Bob: e2, Transform: f3;0.0,0.5,0.0,0.5,0.5,0.0,0.5,0.0,0.0,0.5,0.0,0.5,0.5,0.0,0.5,0.0,0.0,0.5,0.5,0.5,0.5,0.0,0.0,0.0,0.5,0.5,0.0,0.5,0.0,0.0,0.5,0.0
State: w17, Alice: ['e1', 'e2'], Bob: ['u', 'zero'], Long Bob: e2, Transform: f4;0.5,0.0,0.5,0.0,0.0,0.5,0.0,0.5,0.5,0.0,0.5,0.0,0.0,0.5,0.0,0.5,0.5,0.5,0.0,0.0,0.0,0.0,0.5,0.5,0.0,0.0,0.5,0.5,0.5,0.5,0.0,0.0
State: w17, Alice: ['e1', 'e2'], Bob: ['zero', 'u'], Long Bob: e2, Transform: f4;0.0,0.5,0.0,0.5,0.5,0.0,0.5,0.0,0.0,0.5,0.0,0.5,0.5,0.0,0.5,0.0,0.5,0.5,0.0,0.0,0.0,0.0,0.5,0.5,0.0,0.0,0.5,0.5,0.5,0.5,0.0,0.0
State: w17, Alice: ['e2', 'e1'], Bob: ['u', 'zero'], Long Bob: e2, Transform: f4;0.5,0.0,0.5,0.0,0.0,0.5,0.0,0.5,0.5,0.0,0.5,0.0,0.0,0.5,0.0,0.5,0.0,0.0,0.5,0.5,0.5,0.5,0.0,0.0,0.5,0.5,0.0,0.0,0.0,0.0,0.5,0.5
State: w17, Alice: ['e2', 'e1'], Bob: ['zero', 'u'], Long Bob: e2, Transform: f4;0.0,0.5,0.0,0.5,0.5,0.0,0.5,0.0,0.0,0.5,0.0,0.5,0.5,0.0,0.5,0.0,0.0,0.0,0.5,0.5,0.5,0.5,0.0,0.0,0.5,0.5,0.0,0.0,0.0,0.0,0.5,0.5
State: w17, Alice: ['e1', 'e2'], Bob: ['u', 'zero'], Long Bob: e2, Transform: f7;0.5,0.0,0.5,0.0,0.0,0.5,0.0,0.5,0.5,0.0,0.5,0.0,0.0,0.5,0.0,0.5,0.5,0.0,0.0,0.5,0.0,0.5,0.5,0.0,0.0,0.5,0.5,0.0,0.5,0.0,0.0,0.5
State: w17, Alice: ['e1', 'e2'], Bob: ['zero', 'u'], Long Bob: e2, Transform: f7;0.0,0.5,0.0,0.5,0.5,0.0,0.5,0.0,0.0,0.5,0.0,0.5,0.5,0.0,0.5,0.0,0.5,0.0,0.0,0.5,0.0,0.5,0.5,0.0,0.0,0.5,0.5,0.0,0.5,0.0,0.0,0.5
State: w17, Alice: ['e2', 'e1'], Bob: ['u', 'zero'], Long Bob: e2, Transform: f7;0.5,0.0,0.5,0.0,0.0,0.5,0.0,0.5,0.5,0.0,0.5,0.0,0.0,0.5,0.0,0.5,0.0,0.5,0.5,0.0,0.5,0.0,0.0,0.5,0.5,0.0,0.0,0.5,0.0,0.5,0.5,0.0
State: w17, Alice: ['e2', 'e1'], Bob: ['zero', 'u'], Long Bob: e2, Transform: f7;0.0,0.5,0.0,0.5,0.5,0.0,0.5,0.0,0.0,0.5,0.0,0.5,0.5,0.0,0.5,0.0,0.0,0.5,0.5,0.0,0.5,0.0,0.0,0.5,0.5,0.0,0.0,0.5,0.0,0.5,0.5,0.0
State: w17, Alice: ['e1', 'e2'], Bob: ['u', 'zero'], Long Bob: e2, Transform: f8;0.5,0.0,0.5,0.0,0.0,0.5,0.0,0.5,0.5,0.0,0.5,0.0,0.0,0.5,0.0,0.5,0.5,0.0,0.0,0.0,0.0,0.5,0.5,0.5,0.0,0.0,0.5,0.0,0.5,0.5,0.0,0.5
State: w17, Alice: ['e1', 'e2'], Bob: ['zero', 'u'], Long Bob: e2, Transform: f8;0.0,0.5,0.0,0.5,0.5,0.0,0.5,0.0,0.0,0.5,0.0,0.5,0.5,0.0,0.5,0.0,0.5,0.0,0.0,0.0,0.0,0.5,0.5,0.5,0.0,0.0,0.5,0.0,0.5,0.5,0.0,0.5
State: w17, Alice: ['e2', 'e1'], Bob: ['u', 'zero'], Long Bob: e2, Transform: f8;0.5,0.0,0.5,0.0,0.0,0.5,0.0,0.5,0.5,0.0,0.5,0.0,0.0,0.5,0.0,0.5,0.0,0.0,0.5,0.0,0.5,0.5,0.0,0.5,0.5,0.0,0.0,0.0,0.0,0.5,0.5,0.5
State: w17, Alice: ['e2', 'e1'], Bob: ['zero', 'u'], Long Bob: e2, Transform: f8;0.0,0.5,0.0,0.5,0.5,0.0,0.5,0.0,0.0,0.5,0.0,0.5,0.5,0.0,0.5,0.0,0.0,0.0,0.5,0.0,0.5,0.5,0.0,0.5,0.5,0.0,0.0,0.0,0.0,0.5,0.5,0.5
State: w17, Alice: ['e1', 'e2'], Bob: ['u', 'zero'], Long Bob: e2, Transform: f12;0.5,0.0,0.5,0.0,0.0,0.5,0.0,0.5,0.5,0.0,0.5,0.0,0.0,0.5,0.0,0.5,0.0,0.5,0.0,0.0,0.5,0.0,0.5,0.5,0.0,0.0,0.0,0.5,0.5,0.5,0.5,0.0
State: w17, Alice: ['e1', 'e2'], Bob: ['zero', 'u'], Long Bob: e2, Transform: f12;0.0,0.5,0.0,0.5,0.5,0.0,0.5,0.0,0.0,0.5,0.0,0.5,0.5,0.0,0.5,0.0,0.0,0.5,0.0,0.0,0.5,0.0,0.5,0.5,0.0,0.0,0.0,0.5,0.5,0.5,0.5,0.0
State: w17, Alice: ['e2', 'e1'], Bob: ['u', 'zero'], Long Bob: e2, Transform: f12;0.5,0.0,0.5,0.0,0.0,0.5,0.0,0.5,0.5,0.0,0.5,0.0,0.0,0.5,0.0,0.5,0.0,0.0,0.0,0.5,0.5,0.5,0.5,0.0,0.0,0.5,0.0,0.0,0.5,0.0,0.5,0.5
State: w17, Alice: ['e2', 'e1'], Bob: ['zero', 'u'], Long Bob: e2, Transform: f12;0.0,0.5,0.0,0.5,0.5,0.0,0.5,0.0,0.0,0.5,0.0,0.5,0.5,0.0,0.5,0.0,0.0,0.0,0.0,0.5,0.5,0.5,0.5,0.0,0.0,0.5,0.0,0.0,0.5,0.0,0.5,0.5
State: w17, Alice: ['e1', 'e2'], Bob: ['u', 'e1'], Long Bob: e2, Transform: f2;0.5,0.0,0.5,0.0,0.0,0.5,0.0,0.5,0.5,0.5,0.5,0.5,0.0,0.0,0.0,0.0,0.5,0.5,0.5,0.0,0.0,0.0,0.0,0.5,0.5,0.0,0.5,0.5,0.0,0.5,0.0,0.0
State: w17, Alice: ['e1', 'e2'], Bob: ['e1', 'u'], Long Bob: e2, Transform: f2;0.0,0.5,0.0,0.5,0.5,0.0,0.5,0.0,0.5,0.5,0.5,0.5,0.0,0.0,0.0,0.0,0.5,0.5,0.5,0.0,0.0,0.0,0.0,0.5,0.5,0.0,0.5,0.5,0.0,0.5,0.0,0.0
State: w17, Alice: ['e2', 'e1'], Bob: ['u', 'e1'], Long Bob: e2, Transform: f2;0.5,0.0,0.5,0.0,0.0,0.5,0.0,0.5,0.5,0.5,0.5,0.5,0.0,0.0,0.0,0.0,0.5,0.0,0.5,0.5,0.0,0.5,0.0,0.0,0.5,0.5,0.5,0.0,0.0,0.0,0.0,0.5
State: w17, Alice: ['e2', 'e1'], Bob: ['e1', 'u'], Long Bob: e2, Transform: f2;0.0,0.5,0.0,0.5,0.5,0.0,0.5,0.0,0.5,0.5,0.5,0.5,0.0,0.0,0.0,0.0,0.5,0.0,0.5,0.5,0.0,0.5,0.0,0.0,0.5,0.5,0.5,0.0,0.0,0.0,0.0,0.5
State: w17, Alice: ['e1', 'e2'], Bob: ['u', 'e1'], Long Bob: e2, Transform: f3;0.5,0.0,0.5,0.0,0.0,0.5,0.0,0.5,0.5,0.5,0.5,0.5,0.0,0.0,0.0,0.0,0.5,0.5,0.0,0.5,0.0,0.0,0.5,0.0,0.0,0.5,0.5,0.5,0.5,0.0,0.0,0.0
State: w17, Alice: ['e1', 'e2'], Bob: ['e1', 'u'], Long Bob: e2, Transform: f3;0.0,0.5,0.0,0.5,0.5,0.0,0.5,0.0,0.5,0.5,0.5,0.5,0.0,0.0,0.0,0.0,0.5,0.5,0.0,0.5,0.0,0.0,0.5,0.0,0.0,0.5,0.5,0.5,0.5,0.0,0.0,0.0
State: w17, Alice: ['e2', 'e1'], Bob: ['u', 'e1'], Long Bob: e2, Transform: f3;0.5,0.0,0.5,0.0,0.0,0.5,0.0,0.5,0.5,0.5,0.5,0.5,0.0,0.0,0.0,0.0,0.0,0.5,0.5,0.5,0.5,0.0,0.0,0.0,0.5,0.5,0.0,0.5,0.0,0.0,0.5,0.0
State: w17, Alice: ['e2', 'e1'], Bob: ['e1', 'u'], Long Bob: e2, Transform: f3;0.0,0.5,0.0,0.5,0.5,0.0,0.5,0.0,0.5,0.5,0.5,0.5,0.0,0.0,0.0,0.0,0.0,0.5,0.5,0.5,0.5,0.0,0.0,0.0,0.5,0.5,0.0,0.5,0.0,0.0,0.5,0.0
State: w17, Alice: ['e1', 'e2'], Bob: ['u', 'e1'], Long Bob: e2, Transform: f4;0.5,0.0,0.5,0.0,0.0,0.5,0.0,0.5,0.5,0.5,0.5,0.5,0.0,0.0,0.0,0.0,0.5,0.5,0.0,0.0,0.0,0.0,0.5,0.5,0.0,0.0,0.5,0.5,0.5,0.5,0.0,0.0
State: w17, Alice: ['e1', 'e2'], Bob: ['e1', 'u'], Long Bob: e2, Transform: f4;0.0,0.5,0.0,0.5,0.5,0.0,0.5,0.0,0.5,0.5,0.5,0.5,0.0,0.0,0.0,0.0,0.5,0.5,0.0,0.0,0.0,0.0,0.5,0.5,0.0,0.0,0.5,0.5,0.5,0.5,0.0,0.0
State: w17, Alice: ['e2', 'e1'], Bob: ['u', 'e1'], Long Bob: e2, Transform: f4;0.5,0.0,0.5,0.0,0.0,0.5,0.0,0.5,0.5,0.5,0.5,0.5,0.0,0.0,0.0,0.0,0.0,0.0,0.5,0.5,0.5,0.5,0.0,0.0,0.5,0.5,0.0,0.0,0.0,0.0,0.5,0.5
State: w17, Alice: ['e2', 'e1'], Bob: ['e1', 'u'], Long Bob: e2, Transform: f4;0.0,0.5,0.0,0.5,0.5,0.0,0.5,0.0,0.5,0.5,0.5,0.5,0.0,0.0,0.0,0.0,0.0,0.0,0.5,0.5,0.5,0.5,0.0,0.0,0.5,0.5,0.0,0.0,0.0,0.0,0.5,0.5
State: w17, Alice: ['e1', 'e2'], Bob: ['u', 'e1'], Long Bob: e2, Transform: f7;0.5,0.0,0.5,0.0,0.0,0.5,0.0,0.5,0.5,0.5,0.5,0.5,0.0,0.0,0.0,0.0,0.5,0.0,0.0,0.5,0.0,0.5,0.5,0.0,0.0,0.5,0.5,0.0,0.5,0.0,0.0,0.5
State: w17, Alice: ['e1', 'e2'], Bob: ['e1', 'u'], Long Bob: e2, Transform: f7;0.0,0.5,0.0,0.5,0.5,0.0,0.5,0.0,0.5,0.5,0.5,0.5,0.0,0.0,0.0,0.0,0.5,0.0,0.0,0.5,0.0,0.5,0.5,0.0,0.0,0.5,0.5,0.0,0.5,0.0,0.0,0.5
State: w17, Alice: ['e2', 'e1'], Bob: ['u', 'e1'], Long Bob: e2, Transform: f7;0.5,0.0,0.5,0.0,0.0,0.5,0.0,0.5,0.5,0.5,0.5,0.5,0.0,0.0,0.0,0.0,0.0,0.5,0.5,0.0,0.5,0.0,0.0,0.5,0.5,0.0,0.0,0.5,0.0,0.5,0.5,0.0
State: w17, Alice: ['e2', 'e1'], Bob: ['e1', 'u'], Long Bob: e2, Transform: f7;0.0,0.5,0.0,0.5,0.5,0.0,0.5,0.0,0.5,0.5,0.5,0.5,0.0,0.0,0.0,0.0,0.0,0.5,0.5,0.0,0.5,0.0,0.0,0.5,0.5,0.0,0.0,0.5,0.0,0.5,0.5,0.0
State: w17, Alice: ['e1', 'e2'], Bob: ['u', 'e1'], Long Bob: e2, Transform: f8;0.5,0.0,0.5,0.0,0.0,0.5,0.0,0.5,0.5,0.5,0.5,0.5,0.0,0.0,0.0,0.0,0.5,0.0,0.0,0.0,0.0,0.5,0.5,0.5,0.0,0.0,0.5,0.0,0.5,0.5,0.0,0.5
State: w17, Alice: ['e1', 'e2'], Bob: ['e1', 'u'], Long Bob: e2, Transform: f8;0.0,0.5,0.0,0.5,0.5,0.0,0.5,0.0,0.5,0.5,0.5,0.5,0.0,0.0,0.0,0.0,0.5,0.0,0.0,0.0,0.0,0.5,0.5,0.5,0.0,0.0,0.5,0.0,0.5,0.5,0.0,0.5
State: w17, Alice: ['e2', 'e1'], Bob: ['u', 'e1'], Long Bob: e2, Transform: f8;0.5,0.0,0.5,0.0,0.0,0.5,0.0,0.5,0.5,0.5,0.5,0.5,0.0,0.0,0.0,0.0,0.0,0.0,0.5,0.0,0.5,0.5,0.0,0.5,0.5,0.0,0.0,0.0,0.0,0.5,0.5,0.5
State: w17, Alice: ['e2', 'e1'], Bob: ['e1', 'u'], Long Bob: e2, Transform: f8;0.0,0.5,0.0,0.5,0.5,0.0,0.5,0.0,0.5,0.5,0.5,0.5,0.0,0.0,0.0,0.0,0.0,0.0,0.5,0.0,0.5,0.5,0.0,0.5,0.5,0.0,0.0,0.0,0.0,0.5,0.5,0.5
State: w17, Alice: ['e1', 'e2'], Bob: ['u', 'e1'], Long Bob: e2, Transform: f12;0.5,0.0,0.5,0.0,0.0,0.5,0.0,0.5,0.5,0.5,0.5,0.5,0.0,0.0,0.0,0.0,0.0,0.5,0.0,0.0,0.5,0.0,0.5,0.5,0.0,0.0,0.0,0.5,0.5,0.5,0.5,0.0
State: w17, Alice: ['e1', 'e2'], Bob: ['e1', 'u'], Long Bob: e2, Transform: f12;0.0,0.5,0.0,0.5,0.5,0.0,0.5,0.0,0.5,0.5,0.5,0.5,0.0,0.0,0.0,0.0,0.0,0.5,0.0,0.0,0.5,0.0,0.5,0.5,0.0,0.0,0.0,0.5,0.5,0.5,0.5,0.0
State: w17, Alice: ['e2', 'e1'], Bob: ['u', 'e1'], Long Bob: e2, Transform: f12;0.5,0.0,0.5,0.0,0.0,0.5,0.0,0.5,0.5,0.5,0.5,0.5,0.0,0.0,0.0,0.0,0.0,0.0,0.0,0.5,0.5,0.5,0.5,0.0,0.0,0.5,0.0,0.0,0.5,0.0,0.5,0.5
State: w17, Alice: ['e2', 'e1'], Bob: ['e1', 'u'], Long Bob: e2, Transform: f12;0.0,0.5,0.0,0.5,0.5,0.0,0.5,0.0,0.5,0.5,0.5,0.5,0.0,0.0,0.0,0.0,0.0,0.0,0.0,0.5,0.5,0.5,0.5,0.0,0.0,0.5,0.0,0.0,0.5,0.0,0.5,0.5
State: w17, Alice: ['e1', 'e2'], Bob: ['u', 'e2'], Long Bob: u, Transform: f1;0.5,0.5,0.5,0.0,0.0,0.0,0.0,0.5,0.5,0.0,0.5,0.5,0.0,0.5,0.0,0.0,0.5,0.5,0.5,0.5,0.0,0.0,0.0,0.0,0.5,0.5,0.5,0.5,0.0,0.0,0.0,0.0
State: w17, Alice: ['e1', 'e2'], Bob: ['e2', 'u'], Long Bob: u, Transform: f1;0.5,0.5,0.0,0.5,0.0,0.0,0.5,0.0,0.0,0.5,0.5,0.5,0.5,0.0,0.0,0.0,0.5,0.5,0.5,0.5,0.0,0.0,0.0,0.0,0.5,0.5,0.5,0.5,0.0,0.0,0.0,0.0
State: w17, Alice: ['e2', 'e1'], Bob: ['u', 'e2'], Long Bob: u, Transform: f1;0.5,0.0,0.5,0.5,0.0,0.5,0.0,0.0,0.5,0.5,0.5,0.0,0.0,0.0,0.0,0.5,0.5,0.5,0.5,0.5,0.0,0.0,0.0,0.0,0.5,0.5,0.5,0.5,0.0,0.0,0.0,0.0
State: w17, Alice: ['e2', 'e1'], Bob: ['e2', 'u'], Long Bob: u, Transform: f1;0.0,0.5,0.5,0.5,0.5,0.0,0.0,0.0,0.5,0.5,0.0,0.5,0.0,0.0,0.5,0.0,0.5,0.5,0.5,0.5,0.0,0.0,0.0,0.0,0.5,0.5,0.5,0.5,0.0,0.0,0.0,0.0
State: w17, Alice: ['e1', 'e2'], Bob: ['u', 'e2'], Long Bob: u, Transform: f5;0.5,0.5,0.5,0.0,0.0,0.0,0.0,0.5,0.5,0.0,0.5,0.5,0.0,0.5,0.0,0.0,0.5,0.0,0.5,0.0,0.0,0.5,0.0,0.5,0.5,0.0,0.5,0.0,0.0,0.5,0.0,0.5
State: w17, Alice: ['e1', 'e2'], Bob: ['e2', 'u'], Long Bob: u, Transform: f5;0.5,0.5,0.0,0.5,0.0,0.0,0.5,0.0,0.0,0.5,0.5,0.5,0.5,0.0,0.0,0.0,0.5,0.0,0.5,0.0,0.0,0.5,0.0,0.5,0.5,0.0,0.5,0.0,0.0,0.5,0.0,0.5
State: w17, Alice: ['e2', 'e1'], Bob: ['u', 'e2'], Long Bob: u, Transform: f5;0.5,0.0,0.5,0.5,0.0,0.5,0.0,0.0,0.5,0.5,0.5,0.0,0.0,0.0,0.0,0.5,0.5,0.0,0.5,0.0,0.0,0.5,0.0,0.5,0.5,0.0,0.5,0.0,0.0,0.5,0.0,0.5
State: w17, Alice: ['e2', 'e1'], Bob: ['e2', 'u'], Long Bob: u, Transform: f5;0.0,0.5,0.5,0.5,0.5,0.0,0.0,0.0,0.5,0.5,0.0,0.5,0.0,0.0,0.5,0.0,0.5,0.0,0.5,0.0,0.0,0.5,0.0,0.5,0.5,0.0,0.5,0.0,0.0,0.5,0.0,0.5
State: w17, Alice: ['e1', 'e2'], Bob: ['u', 'e2'], Long Bob: u, Transform: f9;0.5,0.5,0.5,0.0,0.0,0.0,0.0,0.5,0.5,0.0,0.5,0.5,0.0,0.5,0.0,0.0,0.0,0.5,0.0,0.5,0.5,0.0,0.5,0.0,0.0,0.5,0.0,0.5,0.5,0.0,0.5,0.0
State: w17, Alice: ['e1', 'e2'], Bob: ['e2', 'u'], Long Bob: u, Transform: f9;0.5,0.5,0.0,0.5,0.0,0.0,0.5,0.0,0.0,0.5,0.5,0.5,0.5,0.0,0.0,0.0,0.0,0.5,0.0,0.5,0.5,0.0,0.5,0.0,0.0,0.5,0.0,0.5,0.5,0.0,0.5,0.0
State: w17, Alice: ['e2', 'e1'], Bob: ['u', 'e2'], Long Bob: u, Transform: f9;0.5,0.0,0.5,0.5,0.0,0.5,0.0,0.0,0.5,0.5,0.5,0.0,0.0,0.0,0.0,0.5,0.0,0.5,0.0,0.5,0.5,0.0,0.5,0.0,0.0,0.5,0.0,0.5,0.5,0.0,0.5,0.0
State: w17, Alice: ['e2', 'e1'], Bob: ['e2', 'u'], Long Bob: u, Transform: f9;0.0,0.5,0.5,0.5,0.5,0.0,0.0,0.0,0.5,0.5,0.0,0.5,0.0,0.0,0.5,0.0,0.0,0.5,0.0,0.5,0.5,0.0,0.5,0.0,0.0,0.5,0.0,0.5,0.5,0.0,0.5,0.0
State: w17, Alice: ['e1', 'e2'], Bob: ['u', 'e2'], Long Bob: u, Transform: f13;0.5,0.5,0.5,0.0,0.0,0.0,0.0,0.5,0.5,0.0,0.5,0.5,0.0,0.5,0.0,0.0,0.0,0.0,0.0,0.0,0.5,0.5,0.5,0.5,0.0,0.0,0.0,0.0,0.5,0.5,0.5,0.5
State: w17, Alice: ['e1', 'e2'], Bob: ['e2', 'u'], Long Bob: u, Transform: f13;0.5,0.5,0.0,0.5,0.0,0.0,0.5,0.0,0.0,0.5,0.5,0.5,0.5,0.0,0.0,0.0,0.0,0.0,0.0,0.0,0.5,0.5,0.5,0.5,0.0,0.0,0.0,0.0,0.5,0.5,0.5,0.5
State: w17, Alice: ['e2', 'e1'], Bob: ['u', 'e2'], Long Bob: u, Transform: f13;0.5,0.0,0.5,0.5,0.0,0.5,0.0,0.0,0.5,0.5,0.5,0.0,0.0,0.0,0.0,0.5,0.0,0.0,0.0,0.0,0.5,0.5,0.5,0.5,0.0,0.0,0.0,0.0,0.5,0.5,0.5,0.5
State: w17, Alice: ['e2', 'e1'], Bob: ['e2', 'u'], Long Bob: u, Transform: f13;0.0,0.5,0.5,0.5,0.5,0.0,0.0,0.0,0.5,0.5,0.0,0.5,0.0,0.0,0.5,0.0,0.0,0.0,0.0,0.0,0.5,0.5,0.5,0.5,0.0,0.0,0.0,0.0,0.5,0.5,0.5,0.5
State: w17, Alice: ['e1', 'e2'], Bob: ['u', 'e2'], Long Bob: e1, Transform: f2;0.5,0.5,0.5,0.0,0.0,0.0,0.0,0.5,0.5,0.0,0.5,0.5,0.0,0.5,0.0,0.0,0.5,0.0,0.5,0.0,0.0,0.5,0.0,0.5,0.5,0.5,0.5,0.5,0.0,0.0,0.0,0.0
State: w17, Alice: ['e1', 'e2'], Bob: ['e2', 'u'], Long Bob: e1, Transform: f2;0.5,0.5,0.0,0.5,0.0,0.0,0.5,0.0,0.0,0.5,0.5,0.5,0.5,0.0,0.0,0.0,0.5,0.0,0.5,0.0,0.0,0.5,0.0,0.5,0.5,0.5,0.5,0.5,0.0,0.0,0.0,0.0
State: w17, Alice: ['e2', 'e1'], Bob: ['u', 'e2'], Long Bob: e1, Transform: f2;0.5,0.0,0.5,0.5,0.0,0.5,0.0,0.0,0.5,0.5,0.5,0.0,0.0,0.0,0.0,0.5,0.5,0.0,0.5,0.0,0.0,0.5,0.0,0.5,0.5,0.5,0.5,0.5,0.0,0.0,0.0,0.0
State: w17, Alice: ['e2', 'e1'], Bob: ['e2', 'u'], Long Bob: e1, Transform: f2;0.0,0.5,0.5,0.5,0.5,0.0,0.0,0.0,0.5,0.5,0.0,0.5,0.0,0.0,0.5,0.0,0.5,0.0,0.5,0.0,0.0,0.5,0.0,0.5,0.5,0.5,0.5,0.5,0.0,0.0,0.0,0.0
State: w17, Alice: ['e1', 'e2'], Bob: ['u', 'e2'], Long Bob: e1, Transform: f3;0.5,0.5,0.5,0.0,0.0,0.0,0.0,0.5,0.5,0.0,0.5,0.5,0.0,0.5,0.0,0.0,0.0,0.5,0.0,0.5,0.5,0.0,0.5,0.0,0.5,0.5,0.5,0.5,0.0,0.0,0.0,0.0
State: w17, Alice: ['e1', 'e2'], Bob: ['e2', 'u'], Long Bob: e1, Transform: f3;0.5,0.5,0.0,0.5,0.0,0.0,0.5,0.0,0.0,0.5,0.5,0.5,0.5,0.0,0.0,0.0,0.0,0.5,0.0,0.5,0.5,0.0,0.5,0.0,0.5,0.5,0.5,0.5,0.0,0.0,0.0,0.0
State: w17, Alice: ['e2', 'e1'], Bob: ['u', 'e2'], Long Bob: e1, Transform: f3;0.5,0.0,0.5,0.5,0.0,0.5,0.0,0.0,0.5,0.5,0.5,0.0,0.0,0.0,0.0,0.5,0.0,0.5,0.0,0.5,0.5,0.0,0.5,0.0,0.5,0.5,0.5,0.5,0.0,0.0,0.0,0.0
State: w17, Alice: ['e2', 'e1'], Bob: ['e2', 'u'], Long Bob: e1, Transform: f3;0.0,0.5,0.5,0.5,0.5,0.0,0.0,0.0,0.5,0.5,0.0,0.5,0.0,0.0,0.5,0.0,0.0,0.5,0.0,0.5,0.5,0.0,0.5,0.0,0.5,0.5,0.5,0.5,0.0,0.0,0.0,0.0
State: w17, Alice: ['e1', 'e2'], Bob: ['u', 'e2'], Long Bob: e1, Transform: f4;0.5,0.5,0.5,0.0,0.0,0.0,0.0,0.5,0.5,0.0,0.5,0.5,0.0,0.5,0.0,0.0,0.0,0.0,0.0,0.0,0.5,0.5,0.5,0.5,0.5,0.5,0.5,0.5,0.0,0.0,0.0,0.0
State: w17, Alice: ['e1', 'e2'], Bob: ['e2', 'u'], Long Bob: e1, Transform: f4;0.5,0.5,0.0,0.5,0.0,0.0,0.5,0.0,0.0,0.5,0.5,0.5,0.5,0.0,0.0,0.0,0.0,0.0,0.0,0.0,0.5,0.5,0.5,0.5,0.5,0.5,0.5,0.5,0.0,0.0,0.0,0.0
State: w17, Alice: ['e2', 'e1'], Bob: ['u', 'e2'], Long Bob: e1, Transform: f4;0.5,0.0,0.5,0.5,0.0,0.5,0.0,0.0,0.5,0.5,0.5,0.0,0.0,0.0,0.0,0.5,0.0,0.0,0.0,0.0,0.5,0.5,0.5,0.5,0.5,0.5,0.5,0.5,0.0,0.0,0.0,0.0
State: w17, Alice: ['e2', 'e1'], Bob: ['e2', 'u'], Long Bob: e1, Transform: f4;0.0,0.5,0.5,0.5,0.5,0.0,0.0,0.0,0.5,0.5,0.0,0.5,0.0,0.0,0.5,0.0,0.0,0.0,0.0,0.0,0.5,0.5,0.5,0.5,0.5,0.5,0.5,0.5,0.0,0.0,0.0,0.0
State: w17, Alice: ['e1', 'e2'], Bob: ['u', 'e2'], Long Bob: e1, Transform: f5;0.5,0.5,0.5,0.0,0.0,0.0,0.0,0.5,0.5,0.0,0.5,0.5,0.0,0.5,0.0,0.0,0.5,0.5,0.5,0.5,0.0,0.0,0.0,0.0,0.5,0.0,0.5,0.0,0.0,0.5,0.0,0.5
State: w17, Alice: ['e1', 'e2'], Bob: ['e2', 'u'], Long Bob: e1, Transform: f5;0.5,0.5,0.0,0.5,0.0,0.0,0.5,0.0,0.0,0.5,0.5,0.5,0.5,0.0,0.0,0.0,0.5,0.5,0.5,0.5,0.0,0.0,0.0,0.0,0.5,0.0,0.5,0.0,0.0,0.5,0.0,0.5
State: w17, Alice: ['e2', 'e1'], Bob: ['u', 'e2'], Long Bob: e1, Transform: f5;0.5,0.0,0.5,0.5,0.0,0.5,0.0,0.0,0.5,0.5,0.5,0.0,0.0,0.0,0.0,0.5,0.5,0.5,0.5,0.5,0.0,0.0,0.0,0.0,0.5,0.0,0.5,0.0,0.0,0.5,0.0,0.5
State: w17, Alice: ['e2', 'e1'], Bob: ['e2', 'u'], Long Bob: e1, Transform: f5;0.0,0.5,0.5,0.5,0.5,0.0,0.0,0.0,0.5,0.5,0.0,0.5,0.0,0.0,0.5,0.0,0.5,0.5,0.5,0.5,0.0,0.0,0.0,0.0,0.5,0.0,0.5,0.0,0.0,0.5,0.0,0.5
State: w17, Alice: ['e1', 'e2'], Bob: ['u', 'e2'], Long Bob: e1, Transform: f7;0.5,0.5,0.5,0.0,0.0,0.0,0.0,0.5,0.5,0.0,0.5,0.5,0.0,0.5,0.0,0.0,0.0,0.5,0.0,0.5,0.5,0.0,0.5,0.0,0.5,0.0,0.5,0.0,0.0,0.5,0.0,0.5
State: w17, Alice: ['e1', 'e2'], Bob: ['e2', 'u'], Long Bob: e1, Transform: f7;0.5,0.5,0.0,0.5,0.0,0.0,0.5,0.0,0.0,0.5,0.5,0.5,0.5,0.0,0.0,0.0,0.0,0.5,0.0,0.5,0.5,0.0,0.5,0.0,0.5,0.0,0.5,0.0,0.0,0.5,0.0,0.5
State: w17, Alice: ['e2', 'e1'], Bob: ['u', 'e2'], Long Bob: e1, Transform: f7;0.5,0.0,0.5,0.5,0.0,0.5,0.0,0.0,0.5,0.5,0.5,0.0,0.0,0.0,0.0,0.5,0.0,0.5,0.0,0.5,0.5,0.0,0.5,0.0,0.5,0.0,0.5,0.0,0.0,0.5,0.0,0.5
State: w17, Alice: ['e2', 'e1'], Bob: ['e2', 'u'], Long Bob: e1, Transform: f7;0.0,0.5,0.5,0.5,0.5,0.0,0.0,0.0,0.5,0.5,0.0,0.5,0.0,0.0,0.5,0.0,0.0,0.5,0.0,0.5,0.5,0.0,0.5,0.0,0.5,0.0,0.5,0.0,0.0,0.5,0.0,0.5
State: w17, Alice: ['e1', 'e2'], Bob: ['u', 'e2'], Long Bob: e1, Transform: f8;0.5,0.5,0.5,0.0,0.0,0.0,0.0,0.5,0.5,0.0,0.5,0.5,0.0,0.5,0.0,0.0,0.0,0.0,0.0,0.0,0.5,0.5,0.5,0.5,0.5,0.0,0.5,0.0,0.0,0.5,0.0,0.5
State: w17, Alice: ['e1', 'e2'], Bob: ['e2', 'u'], Long Bob: e1, Transform: f8;0.5,0.5,0.0,0.5,0.0,0.0,0.5,0.0,0.0,0.5,0.5,0.5,0.5,0.0,0.0,0.0,0.0,0.0,0.0,0.0,0.5,0.5,0.5,0.5,0.5,0.0,0.5,0.0,0.0,0.5,0.0,0.5
State: w17, Alice: ['e2', 'e1'], Bob: ['u', 'e2'], Long Bob: e1, Transform: f8;0.5,0.0,0.5,0.5,0.0,0.5,0.0,0.0,0.5,0.5,0.5,0.0,0.0,0.0,0.0,0.5,0.0,0.0,0.0,0.0,0.5,0.5,0.5,0.5,0.5,0.0,0.5,0.0,0.0,0.5,0.0,0.5
State: w17, Alice: ['e2', 'e1'], Bob: ['e2', 'u'], Long Bob: e1, Transform: f8;0.0,0.5,0.5,0.5,0.5,0.0,0.0,0.0,0.5,0.5,0.0,0.5,0.0,0.0,0.5,0.0,0.0,0.0,0.0,0.0,0.5,0.5,0.5,0.5,0.5,0.0,0.5,0.0,0.0,0.5,0.0,0.5
State: w17, Alice: ['e1', 'e2'], Bob: ['u', 'e2'], Long Bob: e1, Transform: f9;0.5,0.5,0.5,0.0,0.0,0.0,0.0,0.5,0.5,0.0,0.5,0.5,0.0,0.5,0.0,0.0,0.5,0.5,0.5,0.5,0.0,0.0,0.0,0.0,0.0,0.5,0.0,0.5,0.5,0.0,0.5,0.0
State: w17, Alice: ['e1', 'e2'], Bob: ['e2', 'u'], Long Bob: e1, Transform: f9;0.5,0.5,0.0,0.5,0.0,0.0,0.5,0.0,0.0,0.5,0.5,0.5,0.5,0.0,0.0,0.0,0.5,0.5,0.5,0.5,0.0,0.0,0.0,0.0,0.0,0.5,0.0,0.5,0.5,0.0,0.5,0.0
State: w17, Alice: ['e2', 'e1'], Bob: ['u', 'e2'], Long Bob: e1, Transform: f9;0.5,0.0,0.5,0.5,0.0,0.5,0.0,0.0,0.5,0.5,0.5,0.0,0.0,0.0,0.0,0.5,0.5,0.5,0.5,0.5,0.0,0.0,0.0,0.0,0.0,0.5,0.0,0.5,0.5,0.0,0.5,0.0
State: w17, Alice: ['e2', 'e1'], Bob: ['e2', 'u'], Long Bob: e1, Transform: f9;0.0,0.5,0.5,0.5,0.5,0.0,0.0,0.0,0.5,0.5,0.0,0.5,0.0,0.0,0.5,0.0,0.5,0.5,0.5,0.5,0.0,0.0,0.0,0.0,0.0,0.5,0.0,0.5,0.5,0.0,0.5,0.0
State: w17, Alice: ['e1', 'e2'], Bob: ['u', 'e2'], Long Bob: e1, Transform: f10;0.5,0.5,0.5,0.0,0.0,0.0,0.0,0.5,0.5,0.0,0.5,0.5,0.0,0.5,0.0,0.0,0.5,0.0,0.5,0.0,0.0,0.5,0.0,0.5,0.0,0.5,0.0,0.5,0.5,0.0,0.5,0.0
State: w17, Alice: ['e1', 'e2'], Bob: ['e2', 'u'], Long Bob: e1, Transform: f10;0.5,0.5,0.0,0.5,0.0,0.0,0.5,0.0,0.0,0.5,0.5,0.5,0.5,0.0,0.0,0.0,0.5,0.0,0.5,0.0,0.0,0.5,0.0,0.5,0.0,0.5,0.0,0.5,0.5,0.0,0.5,0.0
State: w17, Alice: ['e2', 'e1'], Bob: ['u', 'e2'], Long Bob: e1, Transform: f10;0.5,0.0,0.5,0.5,0.0,0.5,0.0,0.0,0.5,0.5,0.5,0.0,0.0,0.0,0.0,0.5,0.5,0.0,0.5,0.0,0.0,0.5,0.0,0.5,0.0,0.5,0.0,0.5,0.5,0.0,0.5,0.0
State: w17, Alice: ['e2', 'e1'], Bob: ['e2', 'u'], Long Bob: e1, Transform: f10;0.0,0.5,0.5,0.5,0.5,0.0,0.0,0.0,0.5,0.5,0.0,0.5,0.0,0.0,0.5,0.0,0.5,0.0,0.5,0.0,0.0,0.5,0.0,0.5,0.0,0.5,0.0,0.5,0.5,0.0,0.5,0.0
State: w17, Alice: ['e1', 'e2'], Bob: ['u', 'e2'], Long Bob: e1, Transform: f12;0.5,0.5,0.5,0.0,0.0,0.0,0.0,0.5,0.5,0.0,0.5,0.5,0.0,0.5,0.0,0.0,0.0,0.0,0.0,0.0,0.5,0.5,0.5,0.5,0.0,0.5,0.0,0.5,0.5,0.0,0.5,0.0
State: w17, Alice: ['e1', 'e2'], Bob: ['e2', 'u'], Long Bob: e1, Transform: f12;0.5,0.5,0.0,0.5,0.0,0.0,0.5,0.0,0.0,0.5,0.5,0.5,0.5,0.0,0.0,0.0,0.0,0.0,0.0,0.0,0.5,0.5,0.5,0.5,0.0,0.5,0.0,0.5,0.5,0.0,0.5,0.0
State: w17, Alice: ['e2', 'e1'], Bob: ['u', 'e2'], Long Bob: e1, Transform: f12;0.5,0.0,0.5,0.5,0.0,0.5,0.0,0.0,0.5,0.5,0.5,0.0,0.0,0.0,0.0,0.5,0.0,0.0,0.0,0.0,0.5,0.5,0.5,0.5,0.0,0.5,0.0,0.5,0.5,0.0,0.5,0.0
State: w17, Alice: ['e2', 'e1'], Bob: ['e2', 'u'], Long Bob: e1, Transform: f12;0.0,0.5,0.5,0.5,0.5,0.0,0.0,0.0,0.5,0.5,0.0,0.5,0.0,0.0,0.5,0.0,0.0,0.0,0.0,0.0,0.5,0.5,0.5,0.5,0.0,0.5,0.0,0.5,0.5,0.0,0.5,0.0
State: w17, Alice: ['e1', 'e2'], Bob: ['u', 'e2'], Long Bob: e1, Transform: f13;0.5,0.5,0.5,0.0,0.0,0.0,0.0,0.5,0.5,0.0,0.5,0.5,0.0,0.5,0.0,0.0,0.5,0.5,0.5,0.5,0.0,0.0,0.0,0.0,0.0,0.0,0.0,0.0,0.5,0.5,0.5,0.5
State: w17, Alice: ['e1', 'e2'], Bob: ['e2', 'u'], Long Bob: e1, Transform: f13;0.5,0.5,0.0,0.5,0.0,0.0,0.5,0.0,0.0,0.5,0.5,0.5,0.5,0.0,0.0,0.0,0.5,0.5,0.5,0.5,0.0,0.0,0.0,0.0,0.0,0.0,0.0,0.0,0.5,0.5,0.5,0.5
State: w17, Alice: ['e2', 'e1'], Bob: ['u', 'e2'], Long Bob: e1, Transform: f13;0.5,0.0,0.5,0.5,0.0,0.5,0.0,0.0,0.5,0.5,0.5,0.0,0.0,0.0,0.0,0.5,0.5,0.5,0.5,0.5,0.0,0.0,0.0,0.0,0.0,0.0,0.0,0.0,0.5,0.5,0.5,0.5
State: w17, Alice: ['e2', 'e1'], Bob: ['e2', 'u'], Long Bob: e1, Transform: f13;0.0,0.5,0.5,0.5,0.5,0.0,0.0,0.0,0.5,0.5,0.0,0.5,0.0,0.0,0.5,0.0,0.5,0.5,0.5,0.5,0.0,0.0,0.0,0.0,0.0,0.0,0.0,0.0,0.5,0.5,0.5,0.5
State: w17, Alice: ['e1', 'e2'], Bob: ['u', 'e2'], Long Bob: e1, Transform: f14;0.5,0.5,0.5,0.0,0.0,0.0,0.0,0.5,0.5,0.0,0.5,0.5,0.0,0.5,0.0,0.0,0.5,0.0,0.5,0.0,0.0,0.5,0.0,0.5,0.0,0.0,0.0,0.0,0.5,0.5,0.5,0.5
State: w17, Alice: ['e1', 'e2'], Bob: ['e2', 'u'], Long Bob: e1, Transform: f14;0.5,0.5,0.0,0.5,0.0,0.0,0.5,0.0,0.0,0.5,0.5,0.5,0.5,0.0,0.0,0.0,0.5,0.0,0.5,0.0,0.0,0.5,0.0,0.5,0.0,0.0,0.0,0.0,0.5,0.5,0.5,0.5
State: w17, Alice: ['e2', 'e1'], Bob: ['u', 'e2'], Long Bob: e1, Transform: f14;0.5,0.0,0.5,0.5,0.0,0.5,0.0,0.0,0.5,0.5,0.5,0.0,0.0,0.0,0.0,0.5,0.5,0.0,0.5,0.0,0.0,0.5,0.0,0.5,0.0,0.0,0.0,0.0,0.5,0.5,0.5,0.5
State: w17, Alice: ['e2', 'e1'], Bob: ['e2', 'u'], Long Bob: e1, Transform: f14;0.0,0.5,0.5,0.5,0.5,0.0,0.0,0.0,0.5,0.5,0.0,0.5,0.0,0.0,0.5,0.0,0.5,0.0,0.5,0.0,0.0,0.5,0.0,0.5,0.0,0.0,0.0,0.0,0.5,0.5,0.5,0.5
State: w17, Alice: ['e1', 'e2'], Bob: ['u', 'e2'], Long Bob: e1, Transform: f15;0.5,0.5,0.5,0.0,0.0,0.0,0.0,0.5,0.5,0.0,0.5,0.5,0.0,0.5,0.0,0.0,0.0,0.5,0.0,0.5,0.5,0.0,0.5,0.0,0.0,0.0,0.0,0.0,0.5,0.5,0.5,0.5
State: w17, Alice: ['e1', 'e2'], Bob: ['e2', 'u'], Long Bob: e1, Transform: f15;0.5,0.5,0.0,0.5,0.0,0.0,0.5,0.0,0.0,0.5,0.5,0.5,0.5,0.0,0.0,0.0,0.0,0.5,0.0,0.5,0.5,0.0,0.5,0.0,0.0,0.0,0.0,0.0,0.5,0.5,0.5,0.5
State: w17, Alice: ['e2', 'e1'], Bob: ['u', 'e2'], Long Bob: e1, Transform: f15;0.5,0.0,0.5,0.5,0.0,0.5,0.0,0.0,0.5,0.5,0.5,0.0,0.0,0.0,0.0,0.5,0.0,0.5,0.0,0.5,0.5,0.0,0.5,0.0,0.0,0.0,0.0,0.0,0.5,0.5,0.5,0.5
State: w17, Alice: ['e2', 'e1'], Bob: ['e2', 'u'], Long Bob: e1, Transform: f15;0.0,0.5,0.5,0.5,0.5,0.0,0.0,0.0,0.5,0.5,0.0,0.5,0.0,0.0,0.5,0.0,0.0,0.5,0.0,0.5,0.5,0.0,0.5,0.0,0.0,0.0,0.0,0.0,0.5,0.5,0.5,0.5
State: w17, Alice: ['e1', 'e2'], Bob: ['u', 'e2'], Long Bob: e2, Transform: f2;0.5,0.5,0.5,0.0,0.0,0.0,0.0,0.5,0.5,0.0,0.5,0.5,0.0,0.5,0.0,0.0,0.5,0.5,0.5,0.0,0.0,0.0,0.0,0.5,0.5,0.0,0.5,0.5,0.0,0.5,0.0,0.0
State: w17, Alice: ['e1', 'e2'], Bob: ['e2', 'u'], Long Bob: e2, Transform: f2;0.5,0.5,0.0,0.5,0.0,0.0,0.5,0.0,0.0,0.5,0.5,0.5,0.5,0.0,0.0,0.0,0.5,0.5,0.5,0.0,0.0,0.0,0.0,0.5,0.5,0.0,0.5,0.5,0.0,0.5,0.0,0.0
State: w17, Alice: ['e2', 'e1'], Bob: ['u', 'e2'], Long Bob: e2, Transform: f2;0.5,0.0,0.5,0.5,0.0,0.5,0.0,0.0,0.5,0.5,0.5,0.0,0.0,0.0,0.0,0.5,0.5,0.0,0.5,0.5,0.0,0.5,0.0,0.0,0.5,0.5,0.5,0.0,0.0,0.0,0.0,0.5
State: w17, Alice: ['e2', 'e1'], Bob: ['e2', 'u'], Long Bob: e2, Transform: f2;0.0,0.5,0.5,0.5,0.5,0.0,0.0,0.0,0.5,0.5,0.0,0.5,0.0,0.0,0.5,0.0,0.5,0.0,0.5,0.5,0.0,0.5,0.0,0.0,0.5,0.5,0.5,0.0,0.0,0.0,0.0,0.5
State: w17, Alice: ['e1', 'e2'], Bob: ['u', 'e2'], Long Bob: e2, Transform: f3;0.5,0.5,0.5,0.0,0.0,0.0,0.0,0.5,0.5,0.0,0.5,0.5,0.0,0.5,0.0,0.0,0.5,0.5,0.0,0.5,0.0,0.0,0.5,0.0,0.0,0.5,0.5,0.5,0.5,0.0,0.0,0.0
State: w17, Alice: ['e1', 'e2'], Bob: ['e2', 'u'], Long Bob: e2, Transform: f3;0.5,0.5,0.0,0.5,0.0,0.0,0.5,0.0,0.0,0.5,0.5,0.5,0.5,0.0,0.0,0.0,0.5,0.5,0.0,0.5,0.0,0.0,0.5,0.0,0.0,0.5,0.5,0.5,0.5,0.0,0.0,0.0
State: w17, Alice: ['e2', 'e1'], Bob: ['u', 'e2'], Long Bob: e2, Transform: f3;0.5,0.0,0.5,0.5,0.0,0.5,0.0,0.0,0.5,0.5,0.5,0.0,0.0,0.0,0.0,0.5,0.0,0.5,0.5,0.5,0.5,0.0,0.0,0.0,0.5,0.5,0.0,0.5,0.0,0.0,0.5,0.0
State: w17, Alice: ['e2', 'e1'], Bob: ['e2', 'u'], Long Bob: e2, Transform: f3;0.0,0.5,0.5,0.5,0.5,0.0,0.0,0.0,0.5,0.5,0.0,0.5,0.0,0.0,0.5,0.0,0.0,0.5,0.5,0.5,0.5,0.0,0.0,0.0,0.5,0.5,0.0,0.5,0.0,0.0,0.5,0.0
State: w17, Alice: ['e1', 'e2'], Bob: ['u', 'e2'], Long Bob: e2, Transform: f4;0.5,0.5,0.5,0.0,0.0,0.0,0.0,0.5,0.5,0.0,0.5,0.5,0.0,0.5,0.0,0.0,0.5,0.5,0.0,0.0,0.0,0.0,0.5,0.5,0.0,0.0,0.5,0.5,0.5,0.5,0.0,0.0
State: w17, Alice: ['e1', 'e2'], Bob: ['e2', 'u'], Long Bob: e2, Transform: f4;0.5,0.5,0.0,0.5,0.0,0.0,0.5,0.0,0.0,0.5,0.5,0.5,0.5,0.0,0.0,0.0,0.5,0.5,0.0,0.0,0.0,0.0,0.5,0.5,0.0,0.0,0.5,0.5,0.5,0.5,0.0,0.0
State: w17, Alice: ['e2', 'e1'], Bob: ['u', 'e2'], Long Bob: e2, Transform: f4;0.5,0.0,0.5,0.5,0.0,0.5,0.0,0.0,0.5,0.5,0.5,0.0,0.0,0.0,0.0,0.5,0.0,0.0,0.5,0.5,0.5,0.5,0.0,0.0,0.5,0.5,0.0,0.0,0.0,0.0,0.5,0.5
State: w17, Alice: ['e2', 'e1'], Bob: ['e2', 'u'], Long Bob: e2, Transform: f4;0.0,0.5,0.5,0.5,0.5,0.0,0.0,0.0,0.5,0.5,0.0,0.5,0.0,0.0,0.5,0.0,0.0,0.0,0.5,0.5,0.5,0.5,0.0,0.0,0.5,0.5,0.0,0.0,0.0,0.0,0.5,0.5
State: w17, Alice: ['e1', 'e2'], Bob: ['u', 'e2'], Long Bob: e2, Transform: f5;0.5,0.5,0.5,0.0,0.0,0.0,0.0,0.5,0.5,0.0,0.5,0.5,0.0,0.5,0.0,0.0,0.5,0.0,0.5,0.5,0.0,0.5,0.0,0.0,0.5,0.5,0.5,0.0,0.0,0.0,0.0,0.5
State: w17, Alice: ['e1', 'e2'], Bob: ['e2', 'u'], Long Bob: e2, Transform: f5;0.5,0.5,0.0,0.5,0.0,0.0,0.5,0.0,0.0,0.5,0.5,0.5,0.5,0.0,0.0,0.0,0.5,0.0,0.5,0.5,0.0,0.5,0.0,0.0,0.5,0.5,0.5,0.0,0.0,0.0,0.0,0.5
State: w17, Alice: ['e2', 'e1'], Bob: ['u', 'e2'], Long Bob: e2, Transform: f5;0.5,0.0,0.5,0.5,0.0,0.5,0.0,0.0,0.5,0.5,0.5,0.0,0.0,0.0,0.0,0.5,0.5,0.5,0.5,0.0,0.0,0.0,0.0,0.5,0.5,0.0,0.5,0.5,0.0,0.5,0.0,0.0
State: w17, Alice: ['e2', 'e1'], Bob: ['e2', 'u'], Long Bob: e2, Transform: f5;0.0,0.5,0.5,0.5,0.5,0.0,0.0,0.0,0.5,0.5,0.0,0.5,0.0,0.0,0.5,0.0,0.5,0.5,0.5,0.0,0.0,0.0,0.0,0.5,0.5,0.0,0.5,0.5,0.0,0.5,0.0,0.0
State: w17, Alice: ['e1', 'e2'], Bob: ['u', 'e2'], Long Bob: e2, Transform: f7;0.5,0.5,0.5,0.0,0.0,0.0,0.0,0.5,0.5,0.0,0.5,0.5,0.0,0.5,0.0,0.0,0.5,0.0,0.0,0.5,0.0,0.5,0.5,0.0,0.0,0.5,0.5,0.0,0.5,0.0,0.0,0.5
State: w17, Alice: ['e1', 'e2'], Bob: ['e2', 'u'], Long Bob: e2, Transform: f7;0.5,0.5,0.0,0.5,0.0,0.0,0.5,0.0,0.0,0.5,0.5,0.5,0.5,0.0,0.0,0.0,0.5,0.0,0.0,0.5,0.0,0.5,0.5,0.0,0.0,0.5,0.5,0.0,0.5,0.0,0.0,0.5
State: w17, Alice: ['e2', 'e1'], Bob: ['u', 'e2'], Long Bob: e2, Transform: f7;0.5,0.0,0.5,0.5,0.0,0.5,0.0,0.0,0.5,0.5,0.5,0.0,0.0,0.0,0.0,0.5,0.0,0.5,0.5,0.0,0.5,0.0,0.0,0.5,0.5,0.0,0.0,0.5,0.0,0.5,0.5,0.0
State: w17, Alice: ['e2', 'e1'], Bob: ['e2', 'u'], Long Bob: e2, Transform: f7;0.0,0.5,0.5,0.5,0.5,0.0,0.0,0.0,0.5,0.5,0.0,0.5,0.0,0.0,0.5,0.0,0.0,0.5,0.5,0.0,0.5,0.0,0.0,0.5,0.5,0.0,0.0,0.5,0.0,0.5,0.5,0.0
State: w17, Alice: ['e1', 'e2'], Bob: ['u', 'e2'], Long Bob: e2, Transform: f8;0.5,0.5,0.5,0.0,0.0,0.0,0.0,0.5,0.5,0.0,0.5,0.5,0.0,0.5,0.0,0.0,0.5,0.0,0.0,0.0,0.0,0.5,0.5,0.5,0.0,0.0,0.5,0.0,0.5,0.5,0.0,0.5
State: w17, Alice: ['e1', 'e2'], Bob: ['e2', 'u'], Long Bob: e2, Transform: f8;0.5,0.5,0.0,0.5,0.0,0.0,0.5,0.0,0.0,0.5,0.5,0.5,0.5,0.0,0.0,0.0,0.5,0.0,0.0,0.0,0.0,0.5,0.5,0.5,0.0,0.0,0.5,0.0,0.5,0.5,0.0,0.5
State: w17, Alice: ['e2', 'e1'], Bob: ['u', 'e2'], Long Bob: e2, Transform: f8;0.5,0.0,0.5,0.5,0.0,0.5,0.0,0.0,0.5,0.5,0.5,0.0,0.0,0.0,0.0,0.5,0.0,0.0,0.5,0.0,0.5,0.5,0.0,0.5,0.5,0.0,0.0,0.0,0.0,0.5,0.5,0.5
State: w17, Alice: ['e2', 'e1'], Bob: ['e2', 'u'], Long Bob: e2, Transform: f8;0.0,0.5,0.5,0.5,0.5,0.0,0.0,0.0,0.5,0.5,0.0,0.5,0.0,0.0,0.5,0.0,0.0,0.0,0.5,0.0,0.5,0.5,0.0,0.5,0.5,0.0,0.0,0.0,0.0,0.5,0.5,0.5
State: w17, Alice: ['e1', 'e2'], Bob: ['u', 'e2'], Long Bob: e2, Transform: f9;0.5,0.5,0.5,0.0,0.0,0.0,0.0,0.5,0.5,0.0,0.5,0.5,0.0,0.5,0.0,0.0,0.0,0.5,0.5,0.5,0.5,0.0,0.0,0.0,0.5,0.5,0.0,0.5,0.0,0.0,0.5,0.0
State: w17, Alice: ['e1', 'e2'], Bob: ['e2', 'u'], Long Bob: e2, Transform: f9;0.5,0.5,0.0,0.5,0.0,0.0,0.5,0.0,0.0,0.5,0.5,0.5,0.5,0.0,0.0,0.0,0.0,0.5,0.5,0.5,0.5,0.0,0.0,0.0,0.5,0.5,0.0,0.5,0.0,0.0,0.5,0.0
State: w17, Alice: ['e2', 'e1'], Bob: ['u', 'e2'], Long Bob: e2, Transform: f9;0.5,0.0,0.5,0.5,0.0,0.5,0.0,0.0,0.5,0.5,0.5,0.0,0.0,0.0,0.0,0.5,0.5,0.5,0.0,0.5,0.0,0.0,0.5,0.0,0.0,0.5,0.5,0.5,0.5,0.0,0.0,0.0
State: w17, Alice: ['e2', 'e1'], Bob: ['e2', 'u'], Long Bob: e2, Transform: f9;0.0,0.5,0.5,0.5,0.5,0.0,0.0,0.0,0.5,0.5,0.0,0.5,0.0,0.0,0.5,0.0,0.5,0.5,0.0,0.5,0.0,0.0,0.5,0.0,0.0,0.5,0.5,0.5,0.5,0.0,0.0,0.0
State: w17, Alice: ['e1', 'e2'], Bob: ['u', 'e2'], Long Bob: e2, Transform: f10;0.5,0.5,0.5,0.0,0.0,0.0,0.0,0.5,0.5,0.0,0.5,0.5,0.0,0.5,0.0,0.0,0.0,0.5,0.5,0.0,0.5,0.0,0.0,0.5,0.5,0.0,0.0,0.5,0.0,0.5,0.5,0.0
State: w17, Alice: ['e1', 'e2'], Bob: ['e2', 'u'], Long Bob: e2, Transform: f10;0.5,0.5,0.0,0.5,0.0,0.0,0.5,0.0,0.0,0.5,0.5,0.5,0.5,0.0,0.0,0.0,0.0,0.5,0.5,0.0,0.5,0.0,0.0,0.5,0.5,0.0,0.0,0.5,0.0,0.5,0.5,0.0
State: w17, Alice: ['e2', 'e1'], Bob: ['u', 'e2'], Long Bob: e2, Transform: f10;0.5,0.0,0.5,0.5,0.0,0.5,0.0,0.0,0.5,0.5,0.5,0.0,0.0,0.0,0.0,0.5,0.5,0.0,0.0,0.5,0.0,0.5,0.5,0.0,0.0,0.5,0.5,0.0,0.5,0.0,0.0,0.5
State: w17, Alice: ['e2', 'e1'], Bob: ['e2', 'u'], Long Bob: e2, Transform: f10;0.0,0.5,0.5,0.5,0.5,0.0,0.0,0.0,0.5,0.5,0.0,0.5,0.0,0.0,0.5,0.0,0.5,0.0,0.0,0.5,0.0,0.5,0.5,0.0,0.0,0.5,0.5,0.0,0.5,0.0,0.0,0.5
State: w17, Alice: ['e1', 'e2'], Bob: ['u', 'e2'], Long Bob: e2, Transform: f12;0.5,0.5,0.5,0.0,0.0,0.0,0.0,0.5,0.5,0.0,0.5,0.5,0.0,0.5,0.0,0.0,0.0,0.5,0.0,0.0,0.5,0.0,0.5,0.5,0.0,0.0,0.0,0.5,0.5,0.5,0.5,0.0
State: w17, Alice: ['e1', 'e2'], Bob: ['e2', 'u'], Long Bob: e2, Transform: f12;0.5,0.5,0.0,0.5,0.0,0.0,0.5,0.0,0.0,0.5,0.5,0.5,0.5,0.0,0.0,0.0,0.0,0.5,0.0,0.0,0.5,0.0,0.5,0.5,0.0,0.0,0.0,0.5,0.5,0.5,0.5,0.0
State: w17, Alice: ['e2', 'e1'], Bob: ['u', 'e2'], Long Bob: e2, Transform: f12;0.5,0.0,0.5,0.5,0.0,0.5,0.0,0.0,0.5,0.5,0.5,0.0,0.0,0.0,0.0,0.5,0.0,0.0,0.0,0.5,0.5,0.5,0.5,0.0,0.0,0.5,0.0,0.0,0.5,0.0,0.5,0.5
State: w17, Alice: ['e2', 'e1'], Bob: ['e2', 'u'], Long Bob: e2, Transform: f12;0.0,0.5,0.5,0.5,0.5,0.0,0.0,0.0,0.5,0.5,0.0,0.5,0.0,0.0,0.5,0.0,0.0,0.0,0.0,0.5,0.5,0.5,0.5,0.0,0.0,0.5,0.0,0.0,0.5,0.0,0.5,0.5
State: w17, Alice: ['e1', 'e2'], Bob: ['u', 'e2'], Long Bob: e2, Transform: f13;0.5,0.5,0.5,0.0,0.0,0.0,0.0,0.5,0.5,0.0,0.5,0.5,0.0,0.5,0.0,0.0,0.0,0.0,0.5,0.5,0.5,0.5,0.0,0.0,0.5,0.5,0.0,0.0,0.0,0.0,0.5,0.5
State: w17, Alice: ['e1', 'e2'], Bob: ['e2', 'u'], Long Bob: e2, Transform: f13;0.5,0.5,0.0,0.5,0.0,0.0,0.5,0.0,0.0,0.5,0.5,0.5,0.5,0.0,0.0,0.0,0.0,0.0,0.5,0.5,0.5,0.5,0.0,0.0,0.5,0.5,0.0,0.0,0.0,0.0,0.5,0.5
State: w17, Alice: ['e2', 'e1'], Bob: ['u', 'e2'], Long Bob: e2, Transform: f13;0.5,0.0,0.5,0.5,0.0,0.5,0.0,0.0,0.5,0.5,0.5,0.0,0.0,0.0,0.0,0.5,0.5,0.5,0.0,0.0,0.0,0.0,0.5,0.5,0.0,0.0,0.5,0.5,0.5,0.5,0.0,0.0
State: w17, Alice: ['e2', 'e1'], Bob: ['e2', 'u'], Long Bob: e2, Transform: f13;0.0,0.5,0.5,0.5,0.5,0.0,0.0,0.0,0.5,0.5,0.0,0.5,0.0,0.0,0.5,0.0,0.5,0.5,0.0,0.0,0.0,0.0,0.5,0.5,0.0,0.0,0.5,0.5,0.5,0.5,0.0,0.0
State: w17, Alice: ['e1', 'e2'], Bob: ['u', 'e2'], Long Bob: e2, Transform: f14;0.5,0.5,0.5,0.0,0.0,0.0,0.0,0.5,0.5,0.0,0.5,0.5,0.0,0.5,0.0,0.0,0.0,0.0,0.5,0.0,0.5,0.5,0.0,0.5,0.5,0.0,0.0,0.0,0.0,0.5,0.5,0.5
State: w17, Alice: ['e1', 'e2'], Bob: ['e2', 'u'], Long Bob: e2, Transform: f14;0.5,0.5,0.0,0.5,0.0,0.0,0.5,0.0,0.0,0.5,0.5,0.5,0.5,0.0,0.0,0.0,0.0,0.0,0.5,0.0,0.5,0.5,0.0,0.5,0.5,0.0,0.0,0.0,0.0,0.5,0.5,0.5
State: w17, Alice: ['e2', 'e1'], Bob: ['u', 'e2'], Long Bob: e2, Transform: f14;0.5,0.0,0.5,0.5,0.0,0.5,0.0,0.0,0.5,0.5,0.5,0.0,0.0,0.0,0.0,0.5,0.5,0.0,0.0,0.0,0.0,0.5,0.5,0.5,0.0,0.0,0.5,0.0,0.5,0.5,0.0,0.5
State: w17, Alice: ['e2', 'e1'], Bob: ['e2', 'u'], Long Bob: e2, Transform: f14;0.0,0.5,0.5,0.5,0.5,0.0,0.0,0.0,0.5,0.5,0.0,0.5,0.0,0.0,0.5,0.0,0.5,0.0,0.0,0.0,0.0,0.5,0.5,0.5,0.0,0.0,0.5,0.0,0.5,0.5,0.0,0.5
State: w17, Alice: ['e1', 'e2'], Bob: ['u', 'e2'], Long Bob: e2, Transform: f15;0.5,0.5,0.5,0.0,0.0,0.0,0.0,0.5,0.5,0.0,0.5,0.5,0.0,0.5,0.0,0.0,0.0,0.0,0.0,0.5,0.5,0.5,0.5,0.0,0.0,0.5,0.0,0.0,0.5,0.0,0.5,0.5
State: w17, Alice: ['e1', 'e2'], Bob: ['e2', 'u'], Long Bob: e2, Transform: f15;0.5,0.5,0.0,0.5,0.0,0.0,0.5,0.0,0.0,0.5,0.5,0.5,0.5,0.0,0.0,0.0,0.0,0.0,0.0,0.5,0.5,0.5,0.5,0.0,0.0,0.5,0.0,0.0,0.5,0.0,0.5,0.5
State: w17, Alice: ['e2', 'e1'], Bob: ['u', 'e2'], Long Bob: e2, Transform: f15;0.5,0.0,0.5,0.5,0.0,0.5,0.0,0.0,0.5,0.5,0.5,0.0,0.0,0.0,0.0,0.5,0.0,0.5,0.0,0.0,0.5,0.0,0.5,0.5,0.0,0.0,0.0,0.5,0.5,0.5,0.5,0.0
State: w17, Alice: ['e2', 'e1'], Bob: ['e2', 'u'], Long Bob: e2, Transform: f15;0.0,0.5,0.5,0.5,0.5,0.0,0.0,0.0,0.5,0.5,0.0,0.5,0.0,0.0,0.5,0.0,0.0,0.5,0.0,0.0,0.5,0.0,0.5,0.5,0.0,0.0,0.0,0.5,0.5,0.5,0.5,0.0
State: w17, Alice: ['e1', 'e2'], Bob: ['u', 'e3'], Long Bob: e2, Transform: f2;0.5,0.5,0.5,0.5,0.0,0.0,0.0,0.0,0.5,0.0,0.5,0.0,0.0,0.5,0.0,0.5,0.5,0.5,0.5,0.0,0.0,0.0,0.0,0.5,0.5,0.0,0.5,0.5,0.0,0.5,0.0,0.0
State: w17, Alice: ['e1', 'e2'], Bob: ['e3', 'u'], Long Bob: e2, Transform: f2;0.5,0.5,0.5,0.5,0.0,0.0,0.0,0.0,0.0,0.5,0.0,0.5,0.5,0.0,0.5,0.0,0.5,0.5,0.5,0.0,0.0,0.0,0.0,0.5,0.5,0.0,0.5,0.5,0.0,0.5,0.0,0.0
State: w17, Alice: ['e2', 'e1'], Bob: ['u', 'e3'], Long Bob: e2, Transform: f2;0.5,0.5,0.5,0.5,0.0,0.0,0.0,0.0,0.5,0.0,0.5,0.0,0.0,0.5,0.0,0.5,0.5,0.0,0.5,0.5,0.0,0.5,0.0,0.0,0.5,0.5,0.5,0.0,0.0,0.0,0.0,0.5
State: w17, Alice: ['e2', 'e1'], Bob: ['e3', 'u'], Long Bob: e2, Transform: f2;0.5,0.5,0.5,0.5,0.0,0.0,0.0,0.0,0.0,0.5,0.0,0.5,0.5,0.0,0.5,0.0,0.5,0.0,0.5,0.5,0.0,0.5,0.0,0.0,0.5,0.5,0.5,0.0,0.0,0.0,0.0,0.5
State: w17, Alice: ['e1', 'e2'], Bob: ['u', 'e3'], Long Bob: e2, Transform: f3;0.5,0.5,0.5,0.5,0.0,0.0,0.0,0.0,0.5,0.0,0.5,0.0,0.0,0.5,0.0,0.5,0.5,0.5,0.0,0.5,0.0,0.0,0.5,0.0,0.0,0.5,0.5,0.5,0.5,0.0,0.0,0.0
State: w17, Alice: ['e1', 'e2'], Bob: ['e3', 'u'], Long Bob: e2, Transform: f3;0.5,0.5,0.5,0.5,0.0,0.0,0.0,0.0,0.0,0.5,0.0,0.5,0.5,0.0,0.5,0.0,0.5,0.5,0.0,0.5,0.0,0.0,0.5,0.0,0.0,0.5,0.5,0.5,0.5,0.0,0.0,0.0
State: w17, Alice: ['e2', 'e1'], Bob: ['u', 'e3'], Long Bob: e2, Transform: f3;0.5,0.5,0.5,0.5,0.0,0.0,0.0,0.0,0.5,0.0,0.5,0.0,0.0,0.5,0.0,0.5,0.0,0.5,0.5,0.5,0.5,0.0,0.0,0.0,0.5,0.5,0.0,0.5,0.0,0.0,0.5,0.0
State: w17, Alice: ['e2', 'e1'], Bob: ['e3', 'u'], Long Bob: e2, Transform: f3;0.5,0.5,0.5,0.5,0.0,0.0,0.0,0.0,0.0,0.5,0.0,0.5,0.5,0.0,0.5,0.0,0.0,0.5,0.5,0.5,0.5,0.0,0.0,0.0,0.5,0.5,0.0,0.5,0.0,0.0,0.5,0.0
State: w17, Alice: ['e1', 'e2'], Bob: ['u', 'e3'], Long Bob: e2, Transform: f4;0.5,0.5,0.5,0.5,0.0,0.0,0.0,0.0,0.5,0.0,0.5,0.0,0.0,0.5,0.0,0.5,0.5,0.5,0.0,0.0,0.0,0.0,0.5,0.5,0.0,0.0,0.5,0.5,0.5,0.5,0.0,0.0
State: w17, Alice: ['e1', 'e2'], Bob: ['e3', 'u'], Long Bob: e2, Transform: f4;0.5,0.5,0.5,0.5,0.0,0.0,0.0,0.0,0.0,0.5,0.0,0.5,0.5,0.0,0.5,0.0,0.5,0.5,0.0,0.0,0.0,0.0,0.5,0.5,0.0,0.0,0.5,0.5,0.5,0.5,0.0,0.0
State: w17, Alice: ['e2', 'e1'], Bob: ['u', 'e3'], Long Bob: e2, Transform: f4;0.5,0.5,0.5,0.5,0.0,0.0,0.0,0.0,0.5,0.0,0.5,0.0,0.0,0.5,0.0,0.5,0.0,0.0,0.5,0.5,0.5,0.5,0.0,0.0,0.5,0.5,0.0,0.0,0.0,0.0,0.5,0.5
State: w17, Alice: ['e2', 'e1'], Bob: ['e3', 'u'], Long Bob: e2, Transform: f4;0.5,0.5,0.5,0.5,0.0,0.0,0.0,0.0,0.0,0.5,0.0,0.5,0.5,0.0,0.5,0.0,0.0,0.0,0.5,0.5,0.5,0.5,0.0,0.0,0.5,0.5,0.0,0.0,0.0,0.0,0.5,0.5
State: w17, Alice: ['e1', 'e2'], Bob: ['u', 'e3'], Long Bob: e2, Transform: f7;0.5,0.5,0.5,0.5,0.0,0.0,0.0,0.0,0.5,0.0,0.5,0.0,0.0,0.5,0.0,0.5,0.5,0.0,0.0,0.5,0.0,0.5,0.5,0.0,0.0,0.5,0.5,0.0,0.5,0.0,0.0,0.5
State: w17, Alice: ['e1', 'e2'], Bob: ['e3', 'u'], Long Bob: e2, Transform: f7;0.5,0.5,0.5,0.5,0.0,0.0,0.0,0.0,0.0,0.5,0.0,0.5,0.5,0.0,0.5,0.0,0.5,0.0,0.0,0.5,0.0,0.5,0.5,0.0,0.0,0.5,0.5,0.0,0.5,0.0,0.0,0.5
State: w17, Alice: ['e2', 'e1'], Bob: ['u', 'e3'], Long Bob: e2, Transform: f7;0.5,0.5,0.5,0.5,0.0,0.0,0.0,0.0,0.5,0.0,0.5,0.0,0.0,0.5,0.0,0.5,0.0,0.5,0.5,0.0,0.5,0.0,0.0,0.5,0.5,0.0,0.0,0.5,0.0,0.5,0.5,0.0
State: w17, Alice: ['e2', 'e1'], Bob: ['e3', 'u'], Long Bob: e2, Transform: f7;0.5,0.5,0.5,0.5,0.0,0.0,0.0,0.0,0.0,0.5,0.0,0.5,0.5,0.0,0.5,0.0,0.0,0.5,0.5,0.0,0.5,0.0,0.0,0.5,0.5,0.0,0.0,0.5,0.0,0.5,0.5,0.0
State: w17, Alice: ['e1', 'e2'], Bob: ['u', 'e3'], Long Bob: e2, Transform: f8;0.5,0.5,0.5,0.5,0.0,0.0,0.0,0.0,0.5,0.0,0.5,0.0,0.0,0.5,0.0,0.5,0.5,0.0,0.0,0.0,0.0,0.5,0.5,0.5,0.0,0.0,0.5,0.0,0.5,0.5,0.0,0.5
State: w17, Alice: ['e1', 'e2'], Bob: ['e3', 'u'], Long Bob: e2, Transform: f8;0.5,0.5,0.5,0.5,0.0,0.0,0.0,0.0,0.0,0.5,0.0,0.5,0.5,0.0,0.5,0.0,0.5,0.0,0.0,0.0,0.0,0.5,0.5,0.5,0.0,0.0,0.5,0.0,0.5,0.5,0.0,0.5
State: w17, Alice: ['e2', 'e1'], Bob: ['u', 'e3'], Long Bob: e2, Transform: f8;0.5,0.5,0.5,0.5,0.0,0.0,0.0,0.0,0.5,0.0,0.5,0.0,0.0,0.5,0.0,0.5,0.0,0.0,0.5,0.0,0.5,0.5,0.0,0.5,0.5,0.0,0.0,0.0,0.0,0.5,0.5,0.5
State: w17, Alice: ['e2', 'e1'], Bob: ['e3', 'u'], Long Bob: e2, Transform: f8;0.5,0.5,0.5,0.5,0.0,0.0,0.0,0.0,0.0,0.5,0.0,0.5,0.5,0.0,0.5,0.0,0.0,0.0,0.5,0.0,0.5,0.5,0.0,0.5,0.5,0.0,0.0,0.0,0.0,0.5,0.5,0.5
State: w17, Alice: ['e1', 'e2'], Bob: ['u', 'e3'], Long Bob: e2, Transform: f12;0.5,0.5,0.5,0.5,0.0,0.0,0.0,0.0,0.5,0.0,0.5,0.0,0.0,0.5,0.0,0.5,0.0,0.5,0.0,0.0,0.5,0.0,0.5,0.5,0.0,0.0,0.0,0.5,0.5,0.5,0.5,0.0
State: w17, Alice: ['e1', 'e2'], Bob: ['e3', 'u'], Long Bob: e2, Transform: f12;0.5,0.5,0.5,0.5,0.0,0.0,0.0,0.0,0.0,0.5,0.0,0.5,0.5,0.0,0.5,0.0,0.0,0.5,0.0,0.0,0.5,0.0,0.5,0.5,0.0,0.0,0.0,0.5,0.5,0.5,0.5,0.0
State: w17, Alice: ['e2', 'e1'], Bob: ['u', 'e3'], Long Bob: e2, Transform: f12;0.5,0.5,0.5,0.5,0.0,0.0,0.0,0.0,0.5,0.0,0.5,0.0,0.0,0.5,0.0,0.5,0.0,0.0,0.0,0.5,0.5,0.5,0.5,0.0,0.0,0.5,0.0,0.0,0.5,0.0,0.5,0.5
State: w17, Alice: ['e2', 'e1'], Bob: ['e3', 'u'], Long Bob: e2, Transform: f12;0.5,0.5,0.5,0.5,0.0,0.0,0.0,0.0,0.0,0.5,0.0,0.5,0.5,0.0,0.5,0.0,0.0,0.0,0.0,0.5,0.5,0.5,0.5,0.0,0.0,0.5,0.0,0.0,0.5,0.0,0.5,0.5
State: w17, Alice: ['e1', 'e2'], Bob: ['zero', 'zero'], Long Bob: e2, Transform: f2;0.0,0.0,0.0,0.0,0.5,0.5,0.5,0.5,0.0,0.0,0.0,0.0,0.5,0.5,0.5,0.5,0.5,0.5,0.5,0.0,0.0,0.0,0.0,0.5,0.5,0.0,0.5,0.5,0.0,0.5,0.0,0.0
State: w17, Alice: ['e2', 'e1'], Bob: ['zero', 'zero'], Long Bob: e2, Transform: f2;0.0,0.0,0.0,0.0,0.5,0.5,0.5,0.5,0.0,0.0,0.0,0.0,0.5,0.5,0.5,0.5,0.5,0.0,0.5,0.5,0.0,0.5,0.0,0.0,0.5,0.5,0.5,0.0,0.0,0.0,0.0,0.5
State: w17, Alice: ['e1', 'e2'], Bob: ['zero', 'zero'], Long Bob: e2, Transform: f3;0.0,0.0,0.0,0.0,0.5,0.5,0.5,0.5,0.0,0.0,0.0,0.0,0.5,0.5,0.5,0.5,0.5,0.5,0.0,0.5,0.0,0.0,0.5,0.0,0.0,0.5,0.5,0.5,0.5,0.0,0.0,0.0
State: w17, Alice: ['e2', 'e1'], Bob: ['zero', 'zero'], Long Bob: e2, Transform: f3;0.0,0.0,0.0,0.0,0.5,0.5,0.5,0.5,0.0,0.0,0.0,0.0,0.5,0.5,0.5,0.5,0.0,0.5,0.5,0.5,0.5,0.0,0.0,0.0,0.5,0.5,0.0,0.5,0.0,0.0,0.5,0.0
State: w17, Alice: ['e1', 'e2'], Bob: ['zero', 'zero'], Long Bob: e2, Transform: f4;0.0,0.0,0.0,0.0,0.5,0.5,0.5,0.5,0.0,0.0,0.0,0.0,0.5,0.5,0.5,0.5,0.5,0.5,0.0,0.0,0.0,0.0,0.5,0.5,0.0,0.0,0.5,0.5,0.5,0.5,0.0,0.0
State: w17, Alice: ['e2', 'e1'], Bob: ['zero', 'zero'], Long Bob: e2, Transform: f4;0.0,0.0,0.0,0.0,0.5,0.5,0.5,0.5,0.0,0.0,0.0,0.0,0.5,0.5,0.5,0.5,0.0,0.0,0.5,0.5,0.5,0.5,0.0,0.0,0.5,0.5,0.0,0.0,0.0,0.0,0.5,0.5
State: w17, Alice: ['e1', 'e2'], Bob: ['zero', 'zero'], Long Bob: e2, Transform: f7;0.0,0.0,0.0,0.0,0.5,0.5,0.5,0.5,0.0,0.0,0.0,0.0,0.5,0.5,0.5,0.5,0.5,0.0,0.0,0.5,0.0,0.5,0.5,0.0,0.0,0.5,0.5,0.0,0.5,0.0,0.0,0.5
State: w17, Alice: ['e2', 'e1'], Bob: ['zero', 'zero'], Long Bob: e2, Transform: f7;0.0,0.0,0.0,0.0,0.5,0.5,0.5,0.5,0.0,0.0,0.0,0.0,0.5,0.5,0.5,0.5,0.0,0.5,0.5,0.0,0.5,0.0,0.0,0.5,0.5,0.0,0.0,0.5,0.0,0.5,0.5,0.0
State: w17, Alice: ['e1', 'e2'], Bob: ['zero', 'zero'], Long Bob: e2, Transform: f8;0.0,0.0,0.0,0.0,0.5,0.5,0.5,0.5,0.0,0.0,0.0,0.0,0.5,0.5,0.5,0.5,0.5,0.0,0.0,0.0,0.0,0.5,0.5,0.5,0.0,0.0,0.5,0.0,0.5,0.5,0.0,0.5
State: w17, Alice: ['e2', 'e1'], Bob: ['zero', 'zero'], Long Bob: e2, Transform: f8;0.0,0.0,0.0,0.0,0.5,0.5,0.5,0.5,0.0,0.0,0.0,0.0,0.5,0.5,0.5,0.5,0.0,0.0,0.5,0.0,0.5,0.5,0.0,0.5,0.5,0.0,0.0,0.0,0.0,0.5,0.5,0.5
State: w17, Alice: ['e1', 'e2'], Bob: ['zero', 'zero'], Long Bob: e2, Transform: f12;0.0,0.0,0.0,0.0,0.5,0.5,0.5,0.5,0.0,0.0,0.0,0.0,0.5,0.5,0.5,0.5,0.0,0.5,0.0,0.0,0.5,0.0,0.5,0.5,0.0,0.0,0.0,0.5,0.5,0.5,0.5,0.0
State: w17, Alice: ['e2', 'e1'], Bob: ['zero', 'zero'], Long Bob: e2, Transform: f12;0.0,0.0,0.0,0.0,0.5,0.5,0.5,0.5,0.0,0.0,0.0,0.0,0.5,0.5,0.5,0.5,0.0,0.0,0.0,0.5,0.5,0.5,0.5,0.0,0.0,0.5,0.0,0.0,0.5,0.0,0.5,0.5
State: w17, Alice: ['e1', 'e2'], Bob: ['zero', 'e1'], Long Bob: e2, Transform: f2;0.0,0.0,0.0,0.0,0.5,0.5,0.5,0.5,0.0,0.5,0.0,0.5,0.5,0.0,0.5,0.0,0.5,0.5,0.5,0.0,0.0,0.0,0.0,0.5,0.5,0.0,0.5,0.5,0.0,0.5,0.0,0.0
State: w17, Alice: ['e1', 'e2'], Bob: ['e1', 'zero'], Long Bob: e2, Transform: f2;0.0,0.0,0.0,0.0,0.5,0.5,0.5,0.5,0.5,0.0,0.5,0.0,0.0,0.5,0.0,0.5,0.5,0.5,0.5,0.0,0.0,0.0,0.0,0.5,0.5,0.0,0.5,0.5,0.0,0.5,0.0,0.0
State: w17, Alice: ['e2', 'e1'], Bob: ['zero', 'e1'], Long Bob: e2, Transform: f2;0.0,0.0,0.0,0.0,0.5,0.5,0.5,0.5,0.0,0.5,0.0,0.5,0.5,0.0,0.5,0.0,0.5,0.0,0.5,0.5,0.0,0.5,0.0,0.0,0.5,0.5,0.5,0.0,0.0,0.0,0.0,0.5
State: w17, Alice: ['e2', 'e1'], Bob: ['e1', 'zero'], Long Bob: e2, Transform: f2;0.0,0.0,0.0,0.0,0.5,0.5,0.5,0.5,0.5,0.0,0.5,0.0,0.0,0.5,0.0,0.5,0.5,0.0,0.5,0.5,0.0,0.5,0.0,0.0,0.5,0.5,0.5,0.0,0.0,0.0,0.0,0.5
State: w17, Alice: ['e1', 'e2'], Bob: ['zero', 'e1'], Long Bob: e2, Transform: f3;0.0,0.0,0.0,0.0,0.5,0.5,0.5,0.5,0.0,0.5,0.0,0.5,0.5,0.0,0.5,0.0,0.5,0.5,0.0,0.5,0.0,0.0,0.5,0.0,0.0,0.5,0.5,0.5,0.5,0.0,0.0,0.0
State: w17, Alice: ['e1', 'e2'], Bob: ['e1', 'zero'], Long Bob: e2, Transform: f3;0.0,0.0,0.0,0.0,0.5,0.5,0.5,0.5,0.5,0.0,0.5,0.0,0.0,0.5,0.0,0.5,0.5,0.5,0.0,0.5,0.0,0.0,0.5,0.0,0.0,0.5,0.5,0.5,0.5,0.0,0.0,0.0
State: w17, Alice: ['e2', 'e1'], Bob: ['zero', 'e1'], Long Bob: e2, Transform: f3;0.0,0.0,0.0,0.0,0.5,0.5,0.5,0.5,0.0,0.5,0.0,0.5,0.5,0.0,0.5,0.0,0.0,0.5,0.5,0.5,0.5,0.0,0.0,0.0,0.5,0.5,0.0,0.5,0.0,0.0,0.5,0.0
State: w17, Alice: ['e2', 'e1'], Bob: ['e1', 'zero'], Long Bob: e2, Transform: f3;0.0,0.0,0.0,0.0,0.5,0.5,0.5,0.5,0.5,0.0,0.5,0.0,0.0,0.5,0.0,0.5,0.0,0.5,0.5,0.5,0.5,0.0,0.0,0.0,0.5,0.5,0.0,0.5,0.0,0.0,0.5,0.0
State: w17, Alice: ['e1', 'e2'], Bob: ['zero', 'e1'], Long Bob: e2, Transform: f4;0.0,0.0,0.0,0.0,0.5,0.5,0.5,0.5,0.0,0.5,0.0,0.5,0.5,0.0,0.5,0.0,0.5,0.5,0.0,0.0,0.0,0.0,0.5,0.5,0.0,0.0,0.5,0.5,0.5,0.5,0.0,0.0
State: w17, Alice: ['e1', 'e2'], Bob: ['e1', 'zero'], Long Bob: e2, Transform: f4;0.0,0.0,0.0,0.0,0.5,0.5,0.5,0.5,0.5,0.0,0.5,0.0,0.0,0.5,0.0,0.5,0.5,0.5,0.0,0.0,0.0,0.0,0.5,0.5,0.0,0.0,0.5,0.5,0.5,0.5,0.0,0.0
State: w17, Alice: ['e2', 'e1'], Bob: ['zero', 'e1'], Long Bob: e2, Transform: f4;0.0,0.0,0.0,0.0,0.5,0.5,0.5,0.5,0.0,0.5,0.0,0.5,0.5,0.0,0.5,0.0,0.0,0.0,0.5,0.5,0.5,0.5,0.0,0.0,0.5,0.5,0.0,0.0,0.0,0.0,0.5,0.5
State: w17, Alice: ['e2', 'e1'], Bob: ['e1', 'zero'], Long Bob: e2, Transform: f4;0.0,0.0,0.0,0.0,0.5,0.5,0.5,0.5,0.5,0.0,0.5,0.0,0.0,0.5,0.0,0.5,0.0,0.0,0.5,0.5,0.5,0.5,0.0,0.0,0.5,0.5,0.0,0.0,0.0,0.0,0.5,0.5
State: w17, Alice: ['e1', 'e2'], Bob: ['zero', 'e1'], Long Bob: e2, Transform: f7;0.0,0.0,0.0,0.0,0.5,0.5,0.5,0.5,0.0,0.5,0.0,0.5,0.5,0.0,0.5,0.0,0.5,0.0,0.0,0.5,0.0,0.5,0.5,0.0,0.0,0.5,0.5,0.0,0.5,0.0,0.0,0.5
State: w17, Alice: ['e1', 'e2'], Bob: ['e1', 'zero'], Long Bob: e2, Transform: f7;0.0,0.0,0.0,0.0,0.5,0.5,0.5,0.5,0.5,0.0,0.5,0.0,0.0,0.5,0.0,0.5,0.5,0.0,0.0,0.5,0.0,0.5,0.5,0.0,0.0,0.5,0.5,0.0,0.5,0.0,0.0,0.5
State: w17, Alice: ['e2', 'e1'], Bob: ['zero', 'e1'], Long Bob: e2, Transform: f7;0.0,0.0,0.0,0.0,0.5,0.5,0.5,0.5,0.0,0.5,0.0,0.5,0.5,0.0,0.5,0.0,0.0,0.5,0.5,0.0,0.5,0.0,0.0,0.5,0.5,0.0,0.0,0.5,0.0,0.5,0.5,0.0
State: w17, Alice: ['e2', 'e1'], Bob: ['e1', 'zero'], Long Bob: e2, Transform: f7;0.0,0.0,0.0,0.0,0.5,0.5,0.5,0.5,0.5,0.0,0.5,0.0,0.0,0.5,0.0,0.5,0.0,0.5,0.5,0.0,0.5,0.0,0.0,0.5,0.5,0.0,0.0,0.5,0.0,0.5,0.5,0.0
State: w17, Alice: ['e1', 'e2'], Bob: ['zero', 'e1'], Long Bob: e2, Transform: f8;0.0,0.0,0.0,0.0,0.5,0.5,0.5,0.5,0.0,0.5,0.0,0.5,0.5,0.0,0.5,0.0,0.5,0.0,0.0,0.0,0.0,0.5,0.5,0.5,0.0,0.0,0.5,0.0,0.5,0.5,0.0,0.5
State: w17, Alice: ['e1', 'e2'], Bob: ['e1', 'zero'], Long Bob: e2, Transform: f8;0.0,0.0,0.0,0.0,0.5,0.5,0.5,0.5,0.5,0.0,0.5,0.0,0.0,0.5,0.0,0.5,0.5,0.0,0.0,0.0,0.0,0.5,0.5,0.5,0.0,0.0,0.5,0.0,0.5,0.5,0.0,0.5
State: w17, Alice: ['e2', 'e1'], Bob: ['zero', 'e1'], Long Bob: e2, Transform: f8;0.0,0.0,0.0,0.0,0.5,0.5,0.5,0.5,0.0,0.5,0.0,0.5,0.5,0.0,0.5,0.0,0.0,0.0,0.5,0.0,0.5,0.5,0.0,0.5,0.5,0.0,0.0,0.0,0.0,0.5,0.5,0.5
State: w17, Alice: ['e2', 'e1'], Bob: ['e1', 'zero'], Long Bob: e2, Transform: f8;0.0,0.0,0.0,0.0,0.5,0.5,0.5,0.5,0.5,0.0,0.5,0.0,0.0,0.5,0.0,0.5,0.0,0.0,0.5,0.0,0.5,0.5,0.0,0.5,0.5,0.0,0.0,0.0,0.0,0.5,0.5,0.5
State: w17, Alice: ['e1', 'e2'], Bob: ['zero', 'e1'], Long Bob: e2, Transform: f12;0.0,0.0,0.0,0.0,0.5,0.5,0.5,0.5,0.0,0.5,0.0,0.5,0.5,0.0,0.5,0.0,0.0,0.5,0.0,0.0,0.5,0.0,0.5,0.5,0.0,0.0,0.0,0.5,0.5,0.5,0.5,0.0
State: w17, Alice: ['e1', 'e2'], Bob: ['e1', 'zero'], Long Bob: e2, Transform: f12;0.0,0.0,0.0,0.0,0.5,0.5,0.5,0.5,0.5,0.0,0.5,0.0,0.0,0.5,0.0,0.5,0.0,0.5,0.0,0.0,0.5,0.0,0.5,0.5,0.0,0.0,0.0,0.5,0.5,0.5,0.5,0.0
State: w17, Alice: ['e2', 'e1'], Bob: ['zero', 'e1'], Long Bob: e2, Transform: f12;0.0,0.0,0.0,0.0,0.5,0.5,0.5,0.5,0.0,0.5,0.0,0.5,0.5,0.0,0.5,0.0,0.0,0.0,0.0,0.5,0.5,0.5,0.5,0.0,0.0,0.5,0.0,0.0,0.5,0.0,0.5,0.5
State: w17, Alice: ['e2', 'e1'], Bob: ['e1', 'zero'], Long Bob: e2, Transform: f12;0.0,0.0,0.0,0.0,0.5,0.5,0.5,0.5,0.5,0.0,0.5,0.0,0.0,0.5,0.0,0.5,0.0,0.0,0.0,0.5,0.5,0.5,0.5,0.0,0.0,0.5,0.0,0.0,0.5,0.0,0.5,0.5
State: w17, Alice: ['e1', 'e2'], Bob: ['zero', 'e2'], Long Bob: u, Transform: f1;0.0,0.5,0.0,0.0,0.5,0.0,0.5,0.5,0.0,0.0,0.0,0.5,0.5,0.5,0.5,0.0,0.5,0.5,0.5,0.5,0.0,0.0,0.0,0.0,0.5,0.5,0.5,0.5,0.0,0.0,0.0,0.0
State: w17, Alice: ['e1', 'e2'], Bob: ['e2', 'zero'], Long Bob: u, Transform: f1;0.5,0.0,0.0,0.0,0.0,0.5,0.5,0.5,0.0,0.0,0.5,0.0,0.5,0.5,0.0,0.5,0.5,0.5,0.5,0.5,0.0,0.0,0.0,0.0,0.5,0.5,0.5,0.5,0.0,0.0,0.0,0.0
State: w17, Alice: ['e2', 'e1'], Bob: ['zero', 'e2'], Long Bob: u, Transform: f1;0.0,0.0,0.0,0.5,0.5,0.5,0.5,0.0,0.0,0.5,0.0,0.0,0.5,0.0,0.5,0.5,0.5,0.5,0.5,0.5,0.0,0.0,0.0,0.0,0.5,0.5,0.5,0.5,0.0,0.0,0.0,0.0
State: w17, Alice: ['e2', 'e1'], Bob: ['e2', 'zero'], Long Bob: u, Transform: f1;0.0,0.0,0.5,0.0,0.5,0.5,0.0,0.5,0.5,0.0,0.0,0.0,0.0,0.5,0.5,0.5,0.5,0.5,0.5,0.5,0.0,0.0,0.0,0.0,0.5,0.5,0.5,0.5,0.0,0.0,0.0,0.0
State: w17, Alice: ['e1', 'e2'], Bob: ['zero', 'e2'], Long Bob: u, Transform: f5;0.0,0.5,0.0,0.0,0.5,0.0,0.5,0.5,0.0,0.0,0.0,0.5,0.5,0.5,0.5,0.0,0.5,0.0,0.5,0.0,0.0,0.5,0.0,0.5,0.5,0.0,0.5,0.0,0.0,0.5,0.0,0.5
State: w17, Alice: ['e1', 'e2'], Bob: ['e2', 'zero'], Long Bob: u, Transform: f5;0.5,0.0,0.0,0.0,0.0,0.5,0.5,0.5,0.0,0.0,0.5,0.0,0.5,0.5,0.0,0.5,0.5,0.0,0.5,0.0,0.0,0.5,0.0,0.5,0.5,0.0,0.5,0.0,0.0,0.5,0.0,0.5
State: w17, Alice: ['e2', 'e1'], Bob: ['zero', 'e2'], Long Bob: u, Transform: f5;0.0,0.0,0.0,0.5,0.5,0.5,0.5,0.0,0.0,0.5,0.0,0.0,0.5,0.0,0.5,0.5,0.5,0.0,0.5,0.0,0.0,0.5,0.0,0.5,0.5,0.0,0.5,0.0,0.0,0.5,0.0,0.5
State: w17, Alice: ['e2', 'e1'], Bob: ['e2', 'zero'], Long Bob: u, Transform: f5;0.0,0.0,0.5,0.0,0.5,0.5,0.0,0.5,0.5,0.0,0.0,0.0,0.0,0.5,0.5,0.5,0.5,0.0,0.5,0.0,0.0,0.5,0.0,0.5,0.5,0.0,0.5,0.0,0.0,0.5,0.0,0.5
State: w17, Alice: ['e1', 'e2'], Bob: ['zero', 'e2'], Long Bob: u, Transform: f9;0.0,0.5,0.0,0.0,0.5,0.0,0.5,0.5,0.0,0.0,0.0,0.5,0.5,0.5,0.5,0.0,0.0,0.5,0.0,0.5,0.5,0.0,0.5,0.0,0.0,0.5,0.0,0.5,0.5,0.0,0.5,0.0
State: w17, Alice: ['e1', 'e2'], Bob: ['e2', 'zero'], Long Bob: u, Transform: f9;0.5,0.0,0.0,0.0,0.0,0.5,0.5,0.5,0.0,0.0,0.5,0.0,0.5,0.5,0.0,0.5,0.0,0.5,0.0,0.5,0.5,0.0,0.5,0.0,0.0,0.5,0.0,0.5,0.5,0.0,0.5,0.0
State: w17, Alice: ['e2', 'e1'], Bob: ['zero', 'e2'], Long Bob: u, Transform: f9;0.0,0.0,0.0,0.5,0.5,0.5,0.5,0.0,0.0,0.5,0.0,0.0,0.5,0.0,0.5,0.5,0.0,0.5,0.0,0.5,0.5,0.0,0.5,0.0,0.0,0.5,0.0,0.5,0.5,0.0,0.5,0.0
State: w17, Alice: ['e2', 'e1'], Bob: ['e2', 'zero'], Long Bob: u, Transform: f9;0.0,0.0,0.5,0.0,0.5,0.5,0.0,0.5,0.5,0.0,0.0,0.0,0.0,0.5,0.5,0.5,0.0,0.5,0.0,0.5,0.5,0.0,0.5,0.0,0.0,0.5,0.0,0.5,0.5,0.0,0.5,0.0
State: w17, Alice: ['e1', 'e2'], Bob: ['zero', 'e2'], Long Bob: u, Transform: f13;0.0,0.5,0.0,0.0,0.5,0.0,0.5,0.5,0.0,0.0,0.0,0.5,0.5,0.5,0.5,0.0,0.0,0.0,0.0,0.0,0.5,0.5,0.5,0.5,0.0,0.0,0.0,0.0,0.5,0.5,0.5,0.5
State: w17, Alice: ['e1', 'e2'], Bob: ['e2', 'zero'], Long Bob: u, Transform: f13;0.5,0.0,0.0,0.0,0.0,0.5,0.5,0.5,0.0,0.0,0.5,0.0,0.5,0.5,0.0,0.5,0.0,0.0,0.0,0.0,0.5,0.5,0.5,0.5,0.0,0.0,0.0,0.0,0.5,0.5,0.5,0.5
State: w17, Alice: ['e2', 'e1'], Bob: ['zero', 'e2'], Long Bob: u, Transform: f13;0.0,0.0,0.0,0.5,0.5,0.5,0.5,0.0,0.0,0.5,0.0,0.0,0.5,0.0,0.5,0.5,0.0,0.0,0.0,0.0,0.5,0.5,0.5,0.5,0.0,0.0,0.0,0.0,0.5,0.5,0.5,0.5
State: w17, Alice: ['e2', 'e1'], Bob: ['e2', 'zero'], Long Bob: u, Transform: f13;0.0,0.0,0.5,0.0,0.5,0.5,0.0,0.5,0.5,0.0,0.0,0.0,0.0,0.5,0.5,0.5,0.0,0.0,0.0,0.0,0.5,0.5,0.5,0.5,0.0,0.0,0.0,0.0,0.5,0.5,0.5,0.5
State: w17, Alice: ['e1', 'e2'], Bob: ['zero', 'e2'], Long Bob: e1, Transform: f2;0.0,0.5,0.0,0.0,0.5,0.0,0.5,0.5,0.0,0.0,0.0,0.5,0.5,0.5,0.5,0.0,0.5,0.0,0.5,0.0,0.0,0.5,0.0,0.5,0.5,0.5,0.5,0.5,0.0,0.0,0.0,0.0
State: w17, Alice: ['e1', 'e2'], Bob: ['e2', 'zero'], Long Bob: e1, Transform: f2;0.5,0.0,0.0,0.0,0.0,0.5,0.5,0.5,0.0,0.0,0.5,0.0,0.5,0.5,0.0,0.5,0.5,0.0,0.5,0.0,0.0,0.5,0.0,0.5,0.5,0.5,0.5,0.5,0.0,0.0,0.0,0.0
State: w17, Alice: ['e2', 'e1'], Bob: ['zero', 'e2'], Long Bob: e1, Transform: f2;0.0,0.0,0.0,0.5,0.5,0.5,0.5,0.0,0.0,0.5,0.0,0.0,0.5,0.0,0.5,0.5,0.5,0.0,0.5,0.0,0.0,0.5,0.0,0.5,0.5,0.5,0.5,0.5,0.0,0.0,0.0,0.0
State: w17, Alice: ['e2', 'e1'], Bob: ['e2', 'zero'], Long Bob: e1, Transform: f2;0.0,0.0,0.5,0.0,0.5,0.5,0.0,0.5,0.5,0.0,0.0,0.0,0.0,0.5,0.5,0.5,0.5,0.0,0.5,0.0,0.0,0.5,0.0,0.5,0.5,0.5,0.5,0.5,0.0,0.0,0.0,0.0
State: w17, Alice: ['e1', 'e2'], Bob: ['zero', 'e2'], Long Bob: e1, Transform: f3;0.0,0.5,0.0,0.0,0.5,0.0,0.5,0.5,0.0,0.0,0.0,0.5,0.5,0.5,0.5,0.0,0.0,0.5,0.0,0.5,0.5,0.0,0.5,0.0,0.5,0.5,0.5,0.5,0.0,0.0,0.0,0.0
State: w17, Alice: ['e1', 'e2'], Bob: ['e2', 'zero'], Long Bob: e1, Transform: f3;0.5,0.0,0.0,0.0,0.0,0.5,0.5,0.5,0.0,0.0,0.5,0.0,0.5,0.5,0.0,0.5,0.0,0.5,0.0,0.5,0.5,0.0,0.5,0.0,0.5,0.5,0.5,0.5,0.0,0.0,0.0,0.0
State: w17, Alice: ['e2', 'e1'], Bob: ['zero', 'e2'], Long Bob: e1, Transform: f3;0.0,0.0,0.0,0.5,0.5,0.5,0.5,0.0,0.0,0.5,0.0,0.0,0.5,0.0,0.5,0.5,0.0,0.5,0.0,0.5,0.5,0.0,0.5,0.0,0.5,0.5,0.5,0.5,0.0,0.0,0.0,0.0
State: w17, Alice: ['e2', 'e1'], Bob: ['e2', 'zero'], Long Bob: e1, Transform: f3;0.0,0.0,0.5,0.0,0.5,0.5,0.0,0.5,0.5,0.0,0.0,0.0,0.0,0.5,0.5,0.5,0.0,0.5,0.0,0.5,0.5,0.0,0.5,0.0,0.5,0.5,0.5,0.5,0.0,0.0,0.0,0.0
State: w17, Alice: ['e1', 'e2'], Bob: ['zero', 'e2'], Long Bob: e1, Transform: f4;0.0,0.5,0.0,0.0,0.5,0.0,0.5,0.5,0.0,0.0,0.0,0.5,0.5,0.5,0.5,0.0,0.0,0.0,0.0,0.0,0.5,0.5,0.5,0.5,0.5,0.5,0.5,0.5,0.0,0.0,0.0,0.0
State: w17, Alice: ['e1', 'e2'], Bob: ['e2', 'zero'], Long Bob: e1, Transform: f4;0.5,0.0,0.0,0.0,0.0,0.5,0.5,0.5,0.0,0.0,0.5,0.0,0.5,0.5,0.0,0.5,0.0,0.0,0.0,0.0,0.5,0.5,0.5,0.5,0.5,0.5,0.5,0.5,0.0,0.0,0.0,0.0
State: w17, Alice: ['e2', 'e1'], Bob: ['zero', 'e2'], Long Bob: e1, Transform: f4;0.0,0.0,0.0,0.5,0.5,0.5,0.5,0.0,0.0,0.5,0.0,0.0,0.5,0.0,0.5,0.5,0.0,0.0,0.0,0.0,0.5,0.5,0.5,0.5,0.5,0.5,0.5,0.5,0.0,0.0,0.0,0.0
State: w17, Alice: ['e2', 'e1'], Bob: ['e2', 'zero'], Long Bob: e1, Transform: f4;0.0,0.0,0.5,0.0,0.5,0.5,0.0,0.5,0.5,0.0,0.0,0.0,0.0,0.5,0.5,0.5,0.0,0.0,0.0,0.0,0.5,0.5,0.5,0.5,0.5,0.5,0.5,0.5,0.0,0.0,0.0,0.0
State: w17, Alice: ['e1', 'e2'], Bob: ['zero', 'e2'], Long Bob: e1, Transform: f5;0.0,0.5,0.0,0.0,0.5,0.0,0.5,0.5,0.0,0.0,0.0,0.5,0.5,0.5,0.5,0.0,0.5,0.5,0.5,0.5,0.0,0.0,0.0,0.0,0.5,0.0,0.5,0.0,0.0,0.5,0.0,0.5
State: w17, Alice: ['e1', 'e2'], Bob: ['e2', 'zero'], Long Bob: e1, Transform: f5;0.5,0.0,0.0,0.0,0.0,0.5,0.5,0.5,0.0,0.0,0.5,0.0,0.5,0.5,0.0,0.5,0.5,0.5,0.5,0.5,0.0,0.0,0.0,0.0,0.5,0.0,0.5,0.0,0.0,0.5,0.0,0.5
State: w17, Alice: ['e2', 'e1'], Bob: ['zero', 'e2'], Long Bob: e1, Transform: f5;0.0,0.0,0.0,0.5,0.5,0.5,0.5,0.0,0.0,0.5,0.0,0.0,0.5,0.0,0.5,0.5,0.5,0.5,0.5,0.5,0.0,0.0,0.0,0.0,0.5,0.0,0.5,0.0,0.0,0.5,0.0,0.5
State: w17, Alice: ['e2', 'e1'], Bob: ['e2', 'zero'], Long Bob: e1, Transform: f5;0.0,0.0,0.5,0.0,0.5,0.5,0.0,0.5,0.5,0.0,0.0,0.0,0.0,0.5,0.5,0.5,0.5,0.5,0.5,0.5,0.0,0.0,0.0,0.0,0.5,0.0,0.5,0.0,0.0,0.5,0.0,0.5
State: w17, Alice: ['e1', 'e2'], Bob: ['zero', 'e2'], Long Bob: e1, Transform: f7;0.0,0.5,0.0,0.0,0.5,0.0,0.5,0.5,0.0,0.0,0.0,0.5,0.5,0.5,0.5,0.0,0.0,0.5,0.0,0.5,0.5,0.0,0.5,0.0,0.5,0.0,0.5,0.0,0.0,0.5,0.0,0.5
State: w17, Alice: ['e1', 'e2'], Bob: ['e2', 'zero'], Long Bob: e1, Transform: f7;0.5,0.0,0.0,0.0,0.0,0.5,0.5,0.5,0.0,0.0,0.5,0.0,0.5,0.5,0.0,0.5,0.0,0.5,0.0,0.5,0.5,0.0,0.5,0.0,0.5,0.0,0.5,0.0,0.0,0.5,0.0,0.5
State: w17, Alice: ['e2', 'e1'], Bob: ['zero', 'e2'], Long Bob: e1, Transform: f7;0.0,0.0,0.0,0.5,0.5,0.5,0.5,0.0,0.0,0.5,0.0,0.0,0.5,0.0,0.5,0.5,0.0,0.5,0.0,0.5,0.5,0.0,0.5,0.0,0.5,0.0,0.5,0.0,0.0,0.5,0.0,0.5
State: w17, Alice: ['e2', 'e1'], Bob: ['e2', 'zero'], Long Bob: e1, Transform: f7;0.0,0.0,0.5,0.0,0.5,0.5,0.0,0.5,0.5,0.0,0.0,0.0,0.0,0.5,0.5,0.5,0.0,0.5,0.0,0.5,0.5,0.0,0.5,0.0,0.5,0.0,0.5,0.0,0.0,0.5,0.0,0.5
State: w17, Alice: ['e1', 'e2'], Bob: ['zero', 'e2'], Long Bob: e1, Transform: f8;0.0,0.5,0.0,0.0,0.5,0.0,0.5,0.5,0.0,0.0,0.0,0.5,0.5,0.5,0.5,0.0,0.0,0.0,0.0,0.0,0.5,0.5,0.5,0.5,0.5,0.0,0.5,0.0,0.0,0.5,0.0,0.5
State: w17, Alice: ['e1', 'e2'], Bob: ['e2', 'zero'], Long Bob: e1, Transform: f8;0.5,0.0,0.0,0.0,0.0,0.5,0.5,0.5,0.0,0.0,0.5,0.0,0.5,0.5,0.0,0.5,0.0,0.0,0.0,0.0,0.5,0.5,0.5,0.5,0.5,0.0,0.5,0.0,0.0,0.5,0.0,0.5
State: w17, Alice: ['e2', 'e1'], Bob: ['zero', 'e2'], Long Bob: e1, Transform: f8;0.0,0.0,0.0,0.5,0.5,0.5,0.5,0.0,0.0,0.5,0.0,0.0,0.5,0.0,0.5,0.5,0.0,0.0,0.0,0.0,0.5,0.5,0.5,0.5,0.5,0.0,0.5,0.0,0.0,0.5,0.0,0.5
State: w17, Alice: ['e2', 'e1'], Bob: ['e2', 'zero'], Long Bob: e1, Transform: f8;0.0,0.0,0.5,0.0,0.5,0.5,0.0,0.5,0.5,0.0,0.0,0.0,0.0,0.5,0.5,0.5,0.0,0.0,0.0,0.0,0.5,0.5,0.5,0.5,0.5,0.0,0.5,0.0,0.0,0.5,0.0,0.5
State: w17, Alice: ['e1', 'e2'], Bob: ['zero', 'e2'], Long Bob: e1, Transform: f9;0.0,0.5,0.0,0.0,0.5,0.0,0.5,0.5,0.0,0.0,0.0,0.5,0.5,0.5,0.5,0.0,0.5,0.5,0.5,0.5,0.0,0.0,0.0,0.0,0.0,0.5,0.0,0.5,0.5,0.0,0.5,0.0
State: w17, Alice: ['e1', 'e2'], Bob: ['e2', 'zero'], Long Bob: e1, Transform: f9;0.5,0.0,0.0,0.0,0.0,0.5,0.5,0.5,0.0,0.0,0.5,0.0,0.5,0.5,0.0,0.5,0.5,0.5,0.5,0.5,0.0,0.0,0.0,0.0,0.0,0.5,0.0,0.5,0.5,0.0,0.5,0.0
State: w17, Alice: ['e2', 'e1'], Bob: ['zero', 'e2'], Long Bob: e1, Transform: f9;0.0,0.0,0.0,0.5,0.5,0.5,0.5,0.0,0.0,0.5,0.0,0.0,0.5,0.0,0.5,0.5,0.5,0.5,0.5,0.5,0.0,0.0,0.0,0.0,0.0,0.5,0.0,0.5,0.5,0.0,0.5,0.0
State: w17, Alice: ['e2', 'e1'], Bob: ['e2', 'zero'], Long Bob: e1, Transform: f9;0.0,0.0,0.5,0.0,0.5,0.5,0.0,0.5,0.5,0.0,0.0,0.0,0.0,0.5,0.5,0.5,0.5,0.5,0.5,0.5,0.0,0.0,0.0,0.0,0.0,0.5,0.0,0.5,0.5,0.0,0.5,0.0
State: w17, Alice: ['e1', 'e2'], Bob: ['zero', 'e2'], Long Bob: e1, Transform: f10;0.0,0.5,0.0,0.0,0.5,0.0,0.5,0.5,0.0,0.0,0.0,0.5,0.5,0.5,0.5,0.0,0.5,0.0,0.5,0.0,0.0,0.5,0.0,0.5,0.0,0.5,0.0,0.5,0.5,0.0,0.5,0.0
State: w17, Alice: ['e1', 'e2'], Bob: ['e2', 'zero'], Long Bob: e1, Transform: f10;0.5,0.0,0.0,0.0,0.0,0.5,0.5,0.5,0.0,0.0,0.5,0.0,0.5,0.5,0.0,0.5,0.5,0.0,0.5,0.0,0.0,0.5,0.0,0.5,0.0,0.5,0.0,0.5,0.5,0.0,0.5,0.0
State: w17, Alice: ['e2', 'e1'], Bob: ['zero', 'e2'], Long Bob: e1, Transform: f10;0.0,0.0,0.0,0.5,0.5,0.5,0.5,0.0,0.0,0.5,0.0,0.0,0.5,0.0,0.5,0.5,0.5,0.0,0.5,0.0,0.0,0.5,0.0,0.5,0.0,0.5,0.0,0.5,0.5,0.0,0.5,0.0
State: w17, Alice: ['e2', 'e1'], Bob: ['e2', 'zero'], Long Bob: e1, Transform: f10;0.0,0.0,0.5,0.0,0.5,0.5,0.0,0.5,0.5,0.0,0.0,0.0,0.0,0.5,0.5,0.5,0.5,0.0,0.5,0.0,0.0,0.5,0.0,0.5,0.0,0.5,0.0,0.5,0.5,0.0,0.5,0.0
State: w17, Alice: ['e1', 'e2'], Bob: ['zero', 'e2'], Long Bob: e1, Transform: f12;0.0,0.5,0.0,0.0,0.5,0.0,0.5,0.5,0.0,0.0,0.0,0.5,0.5,0.5,0.5,0.0,0.0,0.0,0.0,0.0,0.5,0.5,0.5,0.5,0.0,0.5,0.0,0.5,0.5,0.0,0.5,0.0
State: w17, Alice: ['e1', 'e2'], Bob: ['e2', 'zero'], Long Bob: e1, Transform: f12;0.5,0.0,0.0,0.0,0.0,0.5,0.5,0.5,0.0,0.0,0.5,0.0,0.5,0.5,0.0,0.5,0.0,0.0,0.0,0.0,0.5,0.5,0.5,0.5,0.0,0.5,0.0,0.5,0.5,0.0,0.5,0.0
State: w17, Alice: ['e2', 'e1'], Bob: ['zero', 'e2'], Long Bob: e1, Transform: f12;0.0,0.0,0.0,0.5,0.5,0.5,0.5,0.0,0.0,0.5,0.0,0.0,0.5,0.0,0.5,0.5,0.0,0.0,0.0,0.0,0.5,0.5,0.5,0.5,0.0,0.5,0.0,0.5,0.5,0.0,0.5,0.0
State: w17, Alice: ['e2', 'e1'], Bob: ['e2', 'zero'], Long Bob: e1, Transform: f12;0.0,0.0,0.5,0.0,0.5,0.5,0.0,0.5,0.5,0.0,0.0,0.0,0.0,0.5,0.5,0.5,0.0,0.0,0.0,0.0,0.5,0.5,0.5,0.5,0.0,0.5,0.0,0.5,0.5,0.0,0.5,0.0
State: w17, Alice: ['e1', 'e2'], Bob: ['zero', 'e2'], Long Bob: e1, Transform: f13;0.0,0.5,0.0,0.0,0.5,0.0,0.5,0.5,0.0,0.0,0.0,0.5,0.5,0.5,0.5,0.0,0.5,0.5,0.5,0.5,0.0,0.0,0.0,0.0,0.0,0.0,0.0,0.0,0.5,0.5,0.5,0.5
State: w17, Alice: ['e1', 'e2'], Bob: ['e2', 'zero'], Long Bob: e1, Transform: f13;0.5,0.0,0.0,0.0,0.0,0.5,0.5,0.5,0.0,0.0,0.5,0.0,0.5,0.5,0.0,0.5,0.5,0.5,0.5,0.5,0.0,0.0,0.0,0.0,0.0,0.0,0.0,0.0,0.5,0.5,0.5,0.5
State: w17, Alice: ['e2', 'e1'], Bob: ['zero', 'e2'], Long Bob: e1, Transform: f13;0.0,0.0,0.0,0.5,0.5,0.5,0.5,0.0,0.0,0.5,0.0,0.0,0.5,0.0,0.5,0.5,0.5,0.5,0.5,0.5,0.0,0.0,0.0,0.0,0.0,0.0,0.0,0.0,0.5,0.5,0.5,0.5
State: w17, Alice: ['e2', 'e1'], Bob: ['e2', 'zero'], Long Bob: e1, Transform: f13;0.0,0.0,0.5,0.0,0.5,0.5,0.0,0.5,0.5,0.0,0.0,0.0,0.0,0.5,0.5,0.5,0.5,0.5,0.5,0.5,0.0,0.0,0.0,0.0,0.0,0.0,0.0,0.0,0.5,0.5,0.5,0.5
State: w17, Alice: ['e1', 'e2'], Bob: ['zero', 'e2'], Long Bob: e1, Transform: f14;0.0,0.5,0.0,0.0,0.5,0.0,0.5,0.5,0.0,0.0,0.0,0.5,0.5,0.5,0.5,0.0,0.5,0.0,0.5,0.0,0.0,0.5,0.0,0.5,0.0,0.0,0.0,0.0,0.5,0.5,0.5,0.5
State: w17, Alice: ['e1', 'e2'], Bob: ['e2', 'zero'], Long Bob: e1, Transform: f14;0.5,0.0,0.0,0.0,0.0,0.5,0.5,0.5,0.0,0.0,0.5,0.0,0.5,0.5,0.0,0.5,0.5,0.0,0.5,0.0,0.0,0.5,0.0,0.5,0.0,0.0,0.0,0.0,0.5,0.5,0.5,0.5
State: w17, Alice: ['e2', 'e1'], Bob: ['zero', 'e2'], Long Bob: e1, Transform: f14;0.0,0.0,0.0,0.5,0.5,0.5,0.5,0.0,0.0,0.5,0.0,0.0,0.5,0.0,0.5,0.5,0.5,0.0,0.5,0.0,0.0,0.5,0.0,0.5,0.0,0.0,0.0,0.0,0.5,0.5,0.5,0.5
State: w17, Alice: ['e2', 'e1'], Bob: ['e2', 'zero'], Long Bob: e1, Transform: f14;0.0,0.0,0.5,0.0,0.5,0.5,0.0,0.5,0.5,0.0,0.0,0.0,0.0,0.5,0.5,0.5,0.5,0.0,0.5,0.0,0.0,0.5,0.0,0.5,0.0,0.0,0.0,0.0,0.5,0.5,0.5,0.5
State: w17, Alice: ['e1', 'e2'], Bob: ['zero', 'e2'], Long Bob: e1, Transform: f15;0.0,0.5,0.0,0.0,0.5,0.0,0.5,0.5,0.0,0.0,0.0,0.5,0.5,0.5,0.5,0.0,0.0,0.5,0.0,0.5,0.5,0.0,0.5,0.0,0.0,0.0,0.0,0.0,0.5,0.5,0.5,0.5
State: w17, Alice: ['e1', 'e2'], Bob: ['e2', 'zero'], Long Bob: e1, Transform: f15;0.5,0.0,0.0,0.0,0.0,0.5,0.5,0.5,0.0,0.0,0.5,0.0,0.5,0.5,0.0,0.5,0.0,0.5,0.0,0.5,0.5,0.0,0.5,0.0,0.0,0.0,0.0,0.0,0.5,0.5,0.5,0.5
State: w17, Alice: ['e2', 'e1'], Bob: ['zero', 'e2'], Long Bob: e1, Transform: f15;0.0,0.0,0.0,0.5,0.5,0.5,0.5,0.0,0.0,0.5,0.0,0.0,0.5,0.0,0.5,0.5,0.0,0.5,0.0,0.5,0.5,0.0,0.5,0.0,0.0,0.0,0.0,0.0,0.5,0.5,0.5,0.5
State: w17, Alice: ['e2', 'e1'], Bob: ['e2', 'zero'], Long Bob: e1, Transform: f15;0.0,0.0,0.5,0.0,0.5,0.5,0.0,0.5,0.5,0.0,0.0,0.0,0.0,0.5,0.5,0.5,0.0,0.5,0.0,0.5,0.5,0.0,0.5,0.0,0.0,0.0,0.0,0.0,0.5,0.5,0.5,0.5
State: w17, Alice: ['e1', 'e2'], Bob: ['zero', 'e2'], Long Bob: e2, Transform: f2;0.0,0.5,0.0,0.0,0.5,0.0,0.5,0.5,0.0,0.0,0.0,0.5,0.5,0.5,0.5,0.0,0.5,0.5,0.5,0.0,0.0,0.0,0.0,0.5,0.5,0.0,0.5,0.5,0.0,0.5,0.0,0.0
State: w17, Alice: ['e1', 'e2'], Bob: ['e2', 'zero'], Long Bob: e2, Transform: f2;0.5,0.0,0.0,0.0,0.0,0.5,0.5,0.5,0.0,0.0,0.5,0.0,0.5,0.5,0.0,0.5,0.5,0.5,0.5,0.0,0.0,0.0,0.0,0.5,0.5,0.0,0.5,0.5,0.0,0.5,0.0,0.0
State: w17, Alice: ['e2', 'e1'], Bob: ['zero', 'e2'], Long Bob: e2, Transform: f2;0.0,0.0,0.0,0.5,0.5,0.5,0.5,0.0,0.0,0.5,0.0,0.0,0.5,0.0,0.5,0.5,0.5,0.0,0.5,0.5,0.0,0.5,0.0,0.0,0.5,0.5,0.5,0.0,0.0,0.0,0.0,0.5
State: w17, Alice: ['e2', 'e1'], Bob: ['e2', 'zero'], Long Bob: e2, Transform: f2;0.0,0.0,0.5,0.0,0.5,0.5,0.0,0.5,0.5,0.0,0.0,0.0,0.0,0.5,0.5,0.5,0.5,0.0,0.5,0.5,0.0,0.5,0.0,0.0,0.5,0.5,0.5,0.0,0.0,0.0,0.0,0.5
State: w17, Alice: ['e1', 'e2'], Bob: ['zero', 'e2'], Long Bob: e2, Transform: f3;0.0,0.5,0.0,0.0,0.5,0.0,0.5,0.5,0.0,0.0,0.0,0.5,0.5,0.5,0.5,0.0,0.5,0.5,0.0,0.5,0.0,0.0,0.5,0.0,0.0,0.5,0.5,0.5,0.5,0.0,0.0,0.0
State: w17, Alice: ['e1', 'e2'], Bob: ['e2', 'zero'], Long Bob: e2, Transform: f3;0.5,0.0,0.0,0.0,0.0,0.5,0.5,0.5,0.0,0.0,0.5,0.0,0.5,0.5,0.0,0.5,0.5,0.5,0.0,0.5,0.0,0.0,0.5,0.0,0.0,0.5,0.5,0.5,0.5,0.0,0.0,0.0
State: w17, Alice: ['e2', 'e1'], Bob: ['zero', 'e2'], Long Bob: e2, Transform: f3;0.0,0.0,0.0,0.5,0.5,0.5,0.5,0.0,0.0,0.5,0.0,0.0,0.5,0.0,0.5,0.5,0.0,0.5,0.5,0.5,0.5,0.0,0.0,0.0,0.5,0.5,0.0,0.5,0.0,0.0,0.5,0.0
State: w17, Alice: ['e2', 'e1'], Bob: ['e2', 'zero'], Long Bob: e2, Transform: f3;0.0,0.0,0.5,0.0,0.5,0.5,0.0,0.5,0.5,0.0,0.0,0.0,0.0,0.5,0.5,0.5,0.0,0.5,0.5,0.5,0.5,0.0,0.0,0.0,0.5,0.5,0.0,0.5,0.0,0.0,0.5,0.0
State: w17, Alice: ['e1', 'e2'], Bob: ['zero', 'e2'], Long Bob: e2, Transform: f4;0.0,0.5,0.0,0.0,0.5,0.0,0.5,0.5,0.0,0.0,0.0,0.5,0.5,0.5,0.5,0.0,0.5,0.5,0.0,0.0,0.0,0.0,0.5,0.5,0.0,0.0,0.5,0.5,0.5,0.5,0.0,0.0
State: w17, Alice: ['e1', 'e2'], Bob: ['e2', 'zero'], Long Bob: e2, Transform: f4;0.5,0.0,0.0,0.0,0.0,0.5,0.5,0.5,0.0,0.0,0.5,0.0,0.5,0.5,0.0,0.5,0.5,0.5,0.0,0.0,0.0,0.0,0.5,0.5,0.0,0.0,0.5,0.5,0.5,0.5,0.0,0.0
State: w17, Alice: ['e2', 'e1'], Bob: ['zero', 'e2'], Long Bob: e2, Transform: f4;0.0,0.0,0.0,0.5,0.5,0.5,0.5,0.0,0.0,0.5,0.0,0.0,0.5,0.0,0.5,0.5,0.0,0.0,0.5,0.5,0.5,0.5,0.0,0.0,0.5,0.5,0.0,0.0,0.0,0.0,0.5,0.5
State: w17, Alice: ['e2', 'e1'], Bob: ['e2', 'zero'], Long Bob: e2, Transform: f4;0.0,0.0,0.5,0.0,0.5,0.5,0.0,0.5,0.5,0.0,0.0,0.0,0.0,0.5,0.5,0.5,0.0,0.0,0.5,0.5,0.5,0.5,0.0,0.0,0.5,0.5,0.0,0.0,0.0,0.0,0.5,0.5
State: w17, Alice: ['e1', 'e2'], Bob: ['zero', 'e2'], Long Bob: e2, Transform: f5;0.0,0.5,0.0,0.0,0.5,0.0,0.5,0.5,0.0,0.0,0.0,0.5,0.5,0.5,0.5,0.0,0.5,0.0,0.5,0.5,0.0,0.5,0.0,0.0,0.5,0.5,0.5,0.0,0.0,0.0,0.0,0.5
State: w17, Alice: ['e1', 'e2'], Bob: ['e2', 'zero'], Long Bob: e2, Transform: f5;0.5,0.0,0.0,0.0,0.0,0.5,0.5,0.5,0.0,0.0,0.5,0.0,0.5,0.5,0.0,0.5,0.5,0.0,0.5,0.5,0.0,0.5,0.0,0.0,0.5,0.5,0.5,0.0,0.0,0.0,0.0,0.5
State: w17, Alice: ['e2', 'e1'], Bob: ['zero', 'e2'], Long Bob: e2, Transform: f5;0.0,0.0,0.0,0.5,0.5,0.5,0.5,0.0,0.0,0.5,0.0,0.0,0.5,0.0,0.5,0.5,0.5,0.5,0.5,0.0,0.0,0.0,0.0,0.5,0.5,0.0,0.5,0.5,0.0,0.5,0.0,0.0
State: w17, Alice: ['e2', 'e1'], Bob: ['e2', 'zero'], Long Bob: e2, Transform: f5;0.0,0.0,0.5,0.0,0.5,0.5,0.0,0.5,0.5,0.0,0.0,0.0,0.0,0.5,0.5,0.5,0.5,0.5,0.5,0.0,0.0,0.0,0.0,0.5,0.5,0.0,0.5,0.5,0.0,0.5,0.0,0.0
State: w17, Alice: ['e1', 'e2'], Bob: ['zero', 'e2'], Long Bob: e2, Transform: f7;0.0,0.5,0.0,0.0,0.5,0.0,0.5,0.5,0.0,0.0,0.0,0.5,0.5,0.5,0.5,0.0,0.5,0.0,0.0,0.5,0.0,0.5,0.5,0.0,0.0,0.5,0.5,0.0,0.5,0.0,0.0,0.5
State: w17, Alice: ['e1', 'e2'], Bob: ['e2', 'zero'], Long Bob: e2, Transform: f7;0.5,0.0,0.0,0.0,0.0,0.5,0.5,0.5,0.0,0.0,0.5,0.0,0.5,0.5,0.0,0.5,0.5,0.0,0.0,0.5,0.0,0.5,0.5,0.0,0.0,0.5,0.5,0.0,0.5,0.0,0.0,0.5
State: w17, Alice: ['e2', 'e1'], Bob: ['zero', 'e2'], Long Bob: e2, Transform: f7;0.0,0.0,0.0,0.5,0.5,0.5,0.5,0.0,0.0,0.5,0.0,0.0,0.5,0.0,0.5,0.5,0.0,0.5,0.5,0.0,0.5,0.0,0.0,0.5,0.5,0.0,0.0,0.5,0.0,0.5,0.5,0.0
State: w17, Alice: ['e2', 'e1'], Bob: ['e2', 'zero'], Long Bob: e2, Transform: f7;0.0,0.0,0.5,0.0,0.5,0.5,0.0,0.5,0.5,0.0,0.0,0.0,0.0,0.5,0.5,0.5,0.0,0.5,0.5,0.0,0.5,0.0,0.0,0.5,0.5,0.0,0.0,0.5,0.0,0.5,0.5,0.0
State: w17, Alice: ['e1', 'e2'], Bob: ['zero', 'e2'], Long Bob: e2, Transform: f8;0.0,0.5,0.0,0.0,0.5,0.0,0.5,0.5,0.0,0.0,0.0,0.5,0.5,0.5,0.5,0.0,0.5,0.0,0.0,0.0,0.0,0.5,0.5,0.5,0.0,0.0,0.5,0.0,0.5,0.5,0.0,0.5
State: w17, Alice: ['e1', 'e2'], Bob: ['e2', 'zero'], Long Bob: e2, Transform: f8;0.5,0.0,0.0,0.0,0.0,0.5,0.5,0.5,0.0,0.0,0.5,0.0,0.5,0.5,0.0,0.5,0.5,0.0,0.0,0.0,0.0,0.5,0.5,0.5,0.0,0.0,0.5,0.0,0.5,0.5,0.0,0.5
State: w17, Alice: ['e2', 'e1'], Bob: ['zero', 'e2'], Long Bob: e2, Transform: f8;0.0,0.0,0.0,0.5,0.5,0.5,0.5,0.0,0.0,0.5,0.0,0.0,0.5,0.0,0.5,0.5,0.0,0.0,0.5,0.0,0.5,0.5,0.0,0.5,0.5,0.0,0.0,0.0,0.0,0.5,0.5,0.5
State: w17, Alice: ['e2', 'e1'], Bob: ['e2', 'zero'], Long Bob: e2, Transform: f8;0.0,0.0,0.5,0.0,0.5,0.5,0.0,0.5,0.5,0.0,0.0,0.0,0.0,0.5,0.5,0.5,0.0,0.0,0.5,0.0,0.5,0.5,0.0,0.5,0.5,0.0,0.0,0.0,0.0,0.5,0.5,0.5
State: w17, Alice: ['e1', 'e2'], Bob: ['zero', 'e2'], Long Bob: e2, Transform: f9;0.0,0.5,0.0,0.0,0.5,0.0,0.5,0.5,0.0,0.0,0.0,0.5,0.5,0.5,0.5,0.0,0.0,0.5,0.5,0.5,0.5,0.0,0.0,0.0,0.5,0.5,0.0,0.5,0.0,0.0,0.5,0.0
State: w17, Alice: ['e1', 'e2'], Bob: ['e2', 'zero'], Long Bob: e2, Transform: f9;0.5,0.0,0.0,0.0,0.0,0.5,0.5,0.5,0.0,0.0,0.5,0.0,0.5,0.5,0.0,0.5,0.0,0.5,0.5,0.5,0.5,0.0,0.0,0.0,0.5,0.5,0.0,0.5,0.0,0.0,0.5,0.0
State: w17, Alice: ['e2', 'e1'], Bob: ['zero', 'e2'], Long Bob: e2, Transform: f9;0.0,0.0,0.0,0.5,0.5,0.5,0.5,0.0,0.0,0.5,0.0,0.0,0.5,0.0,0.5,0.5,0.5,0.5,0.0,0.5,0.0,0.0,0.5,0.0,0.0,0.5,0.5,0.5,0.5,0.0,0.0,0.0
State: w17, Alice: ['e2', 'e1'], Bob: ['e2', 'zero'], Long Bob: e2, Transform: f9;0.0,0.0,0.5,0.0,0.5,0.5,0.0,0.5,0.5,0.0,0.0,0.0,0.0,0.5,0.5,0.5,0.5,0.5,0.0,0.5,0.0,0.0,0.5,0.0,0.0,0.5,0.5,0.5,0.5,0.0,0.0,0.0
State: w17, Alice: ['e1', 'e2'], Bob: ['zero', 'e2'], Long Bob: e2, Transform: f10;0.0,0.5,0.0,0.0,0.5,0.0,0.5,0.5,0.0,0.0,0.0,0.5,0.5,0.5,0.5,0.0,0.0,0.5,0.5,0.0,0.5,0.0,0.0,0.5,0.5,0.0,0.0,0.5,0.0,0.5,0.5,0.0
State: w17, Alice: ['e1', 'e2'], Bob: ['e2', 'zero'], Long Bob: e2, Transform: f10;0.5,0.0,0.0,0.0,0.0,0.5,0.5,0.5,0.0,0.0,0.5,0.0,0.5,0.5,0.0,0.5,0.0,0.5,0.5,0.0,0.5,0.0,0.0,0.5,0.5,0.0,0.0,0.5,0.0,0.5,0.5,0.0
State: w17, Alice: ['e2', 'e1'], Bob: ['zero', 'e2'], Long Bob: e2, Transform: f10;0.0,0.0,0.0,0.5,0.5,0.5,0.5,0.0,0.0,0.5,0.0,0.0,0.5,0.0,0.5,0.5,0.5,0.0,0.0,0.5,0.0,0.5,0.5,0.0,0.0,0.5,0.5,0.0,0.5,0.0,0.0,0.5
State: w17, Alice: ['e2', 'e1'], Bob: ['e2', 'zero'], Long Bob: e2, Transform: f10;0.0,0.0,0.5,0.0,0.5,0.5,0.0,0.5,0.5,0.0,0.0,0.0,0.0,0.5,0.5,0.5,0.5,0.0,0.0,0.5,0.0,0.5,0.5,0.0,0.0,0.5,0.5,0.0,0.5,0.0,0.0,0.5
State: w17, Alice: ['e1', 'e2'], Bob: ['zero', 'e2'], Long Bob: e2, Transform: f12;0.0,0.5,0.0,0.0,0.5,0.0,0.5,0.5,0.0,0.0,0.0,0.5,0.5,0.5,0.5,0.0,0.0,0.5,0.0,0.0,0.5,0.0,0.5,0.5,0.0,0.0,0.0,0.5,0.5,0.5,0.5,0.0
State: w17, Alice: ['e1', 'e2'], Bob: ['e2', 'zero'], Long Bob: e2, Transform: f12;0.5,0.0,0.0,0.0,0.0,0.5,0.5,0.5,0.0,0.0,0.5,0.0,0.5,0.5,0.0,0.5,0.0,0.5,0.0,0.0,0.5,0.0,0.5,0.5,0.0,0.0,0.0,0.5,0.5,0.5,0.5,0.0
State: w17, Alice: ['e2', 'e1'], Bob: ['zero', 'e2'], Long Bob: e2, Transform: f12;0.0,0.0,0.0,0.5,0.5,0.5,0.5,0.0,0.0,0.5,0.0,0.0,0.5,0.0,0.5,0.5,0.0,0.0,0.0,0.5,0.5,0.5,0.5,0.0,0.0,0.5,0.0,0.0,0.5,0.0,0.5,0.5
State: w17, Alice: ['e2', 'e1'], Bob: ['e2', 'zero'], Long Bob: e2, Transform: f12;0.0,0.0,0.5,0.0,0.5,0.5,0.0,0.5,0.5,0.0,0.0,0.0,0.0,0.5,0.5,0.5,0.0,0.0,0.0,0.5,0.5,0.5,0.5,0.0,0.0,0.5,0.0,0.0,0.5,0.0,0.5,0.5
State: w17, Alice: ['e1', 'e2'], Bob: ['zero', 'e2'], Long Bob: e2, Transform: f13;0.0,0.5,0.0,0.0,0.5,0.0,0.5,0.5,0.0,0.0,0.0,0.5,0.5,0.5,0.5,0.0,0.0,0.0,0.5,0.5,0.5,0.5,0.0,0.0,0.5,0.5,0.0,0.0,0.0,0.0,0.5,0.5
State: w17, Alice: ['e1', 'e2'], Bob: ['e2', 'zero'], Long Bob: e2, Transform: f13;0.5,0.0,0.0,0.0,0.0,0.5,0.5,0.5,0.0,0.0,0.5,0.0,0.5,0.5,0.0,0.5,0.0,0.0,0.5,0.5,0.5,0.5,0.0,0.0,0.5,0.5,0.0,0.0,0.0,0.0,0.5,0.5
State: w17, Alice: ['e2', 'e1'], Bob: ['zero', 'e2'], Long Bob: e2, Transform: f13;0.0,0.0,0.0,0.5,0.5,0.5,0.5,0.0,0.0,0.5,0.0,0.0,0.5,0.0,0.5,0.5,0.5,0.5,0.0,0.0,0.0,0.0,0.5,0.5,0.0,0.0,0.5,0.5,0.5,0.5,0.0,0.0
State: w17, Alice: ['e2', 'e1'], Bob: ['e2', 'zero'], Long Bob: e2, Transform: f13;0.0,0.0,0.5,0.0,0.5,0.5,0.0,0.5,0.5,0.0,0.0,0.0,0.0,0.5,0.5,0.5,0.5,0.5,0.0,0.0,0.0,0.0,0.5,0.5,0.0,0.0,0.5,0.5,0.5,0.5,0.0,0.0
State: w17, Alice: ['e1', 'e2'], Bob: ['zero', 'e2'], Long Bob: e2, Transform: f14;0.0,0.5,0.0,0.0,0.5,0.0,0.5,0.5,0.0,0.0,0.0,0.5,0.5,0.5,0.5,0.0,0.0,0.0,0.5,0.0,0.5,0.5,0.0,0.5,0.5,0.0,0.0,0.0,0.0,0.5,0.5,0.5
State: w17, Alice: ['e1', 'e2'], Bob: ['e2', 'zero'], Long Bob: e2, Transform: f14;0.5,0.0,0.0,0.0,0.0,0.5,0.5,0.5,0.0,0.0,0.5,0.0,0.5,0.5,0.0,0.5,0.0,0.0,0.5,0.0,0.5,0.5,0.0,0.5,0.5,0.0,0.0,0.0,0.0,0.5,0.5,0.5
State: w17, Alice: ['e2', 'e1'], Bob: ['zero', 'e2'], Long Bob: e2, Transform: f14;0.0,0.0,0.0,0.5,0.5,0.5,0.5,0.0,0.0,0.5,0.0,0.0,0.5,0.0,0.5,0.5,0.5,0.0,0.0,0.0,0.0,0.5,0.5,0.5,0.0,0.0,0.5,0.0,0.5,0.5,0.0,0.5
State: w17, Alice: ['e2', 'e1'], Bob: ['e2', 'zero'], Long Bob: e2, Transform: f14;0.0,0.0,0.5,0.0,0.5,0.5,0.0,0.5,0.5,0.0,0.0,0.0,0.0,0.5,0.5,0.5,0.5,0.0,0.0,0.0,0.0,0.5,0.5,0.5,0.0,0.0,0.5,0.0,0.5,0.5,0.0,0.5
State: w17, Alice: ['e1', 'e2'], Bob: ['zero', 'e2'], Long Bob: e2, Transform: f15;0.0,0.5,0.0,0.0,0.5,0.0,0.5,0.5,0.0,0.0,0.0,0.5,0.5,0.5,0.5,0.0,0.0,0.0,0.0,0.5,0.5,0.5,0.5,0.0,0.0,0.5,0.0,0.0,0.5,0.0,0.5,0.5
State: w17, Alice: ['e1', 'e2'], Bob: ['e2', 'zero'], Long Bob: e2, Transform: f15;0.5,0.0,0.0,0.0,0.0,0.5,0.5,0.5,0.0,0.0,0.5,0.0,0.5,0.5,0.0,0.5,0.0,0.0,0.0,0.5,0.5,0.5,0.5,0.0,0.0,0.5,0.0,0.0,0.5,0.0,0.5,0.5
State: w17, Alice: ['e2', 'e1'], Bob: ['zero', 'e2'], Long Bob: e2, Transform: f15;0.0,0.0,0.0,0.5,0.5,0.5,0.5,0.0,0.0,0.5,0.0,0.0,0.5,0.0,0.5,0.5,0.0,0.5,0.0,0.0,0.5,0.0,0.5,0.5,0.0,0.0,0.0,0.5,0.5,0.5,0.5,0.0
State: w17, Alice: ['e2', 'e1'], Bob: ['e2', 'zero'], Long Bob: e2, Transform: f15;0.0,0.0,0.5,0.0,0.5,0.5,0.0,0.5,0.5,0.0,0.0,0.0,0.0,0.5,0.5,0.5,0.0,0.5,0.0,0.0,0.5,0.0,0.5,0.5,0.0,0.0,0.0,0.5,0.5,0.5,0.5,0.0
State: w17, Alice: ['e1', 'e2'], Bob: ['zero', 'e3'], Long Bob: e2, Transform: f2;0.0,0.5,0.0,0.5,0.5,0.0,0.5,0.0,0.0,0.0,0.0,0.0,0.5,0.5,0.5,0.5,0.5,0.5,0.5,0.0,0.0,0.0,0.0,0.5,0.5,0.0,0.5,0.5,0.0,0.5,0.0,0.0
State: w17, Alice: ['e1', 'e2'], Bob: ['e3', 'zero'], Long Bob: e2, Transform: f2;0.5,0.0,0.5,0.0,0.0,0.5,0.0,0.5,0.0,0.0,0.0,0.0,0.5,0.5,0.5,0.5,0.5,0.5,0.5,0.0,0.0,0.0,0.0,0.5,0.5,0.0,0.5,0.5,0.0,0.5,0.0,0.0
State: w17, Alice: ['e2', 'e1'], Bob: ['zero', 'e3'], Long Bob: e2, Transform: f2;0.0,0.5,0.0,0.5,0.5,0.0,0.5,0.0,0.0,0.0,0.0,0.0,0.5,0.5,0.5,0.5,0.5,0.0,0.5,0.5,0.0,0.5,0.0,0.0,0.5,0.5,0.5,0.0,0.0,0.0,0.0,0.5
State: w17, Alice: ['e2', 'e1'], Bob: ['e3', 'zero'], Long Bob: e2, Transform: f2;0.5,0.0,0.5,0.0,0.0,0.5,0.0,0.5,0.0,0.0,0.0,0.0,0.5,0.5,0.5,0.5,0.5,0.0,0.5,0.5,0.0,0.5,0.0,0.0,0.5,0.5,0.5,0.0,0.0,0.0,0.0,0.5
State: w17, Alice: ['e1', 'e2'], Bob: ['zero', 'e3'], Long Bob: e2, Transform: f3;0.0,0.5,0.0,0.5,0.5,0.0,0.5,0.0,0.0,0.0,0.0,0.0,0.5,0.5,0.5,0.5,0.5,0.5,0.0,0.5,0.0,0.0,0.5,0.0,0.0,0.5,0.5,0.5,0.5,0.0,0.0,0.0
State: w17, Alice: ['e1', 'e2'], Bob: ['e3', 'zero'], Long Bob: e2, Transform: f3;0.5,0.0,0.5,0.0,0.0,0.5,0.0,0.5,0.0,0.0,0.0,0.0,0.5,0.5,0.5,0.5,0.5,0.5,0.0,0.5,0.0,0.0,0.5,0.0,0.0,0.5,0.5,0.5,0.5,0.0,0.0,0.0
State: w17, Alice: ['e2', 'e1'], Bob: ['zero', 'e3'], Long Bob: e2, Transform: f3;0.0,0.5,0.0,0.5,0.5,0.0,0.5,0.0,0.0,0.0,0.0,0.0,0.5,0.5,0.5,0.5,0.0,0.5,0.5,0.5,0.5,0.0,0.0,0.0,0.5,0.5,0.0,0.5,0.0,0.0,0.5,0.0
State: w17, Alice: ['e2', 'e1'], Bob: ['e3', 'zero'], Long Bob: e2, Transform: f3;0.5,0.0,0.5,0.0,0.0,0.5,0.0,0.5,0.0,0.0,0.0,0.0,0.5,0.5,0.5,0.5,0.0,0.5,0.5,0.5,0.5,0.0,0.0,0.0,0.5,0.5,0.0,0.5,0.0,0.0,0.5,0.0
State: w17, Alice: ['e1', 'e2'], Bob: ['zero', 'e3'], Long Bob: e2, Transform: f4;0.0,0.5,0.0,0.5,0.5,0.0,0.5,0.0,0.0,0.0,0.0,0.0,0.5,0.5,0.5,0.5,0.5,0.5,0.0,0.0,0.0,0.0,0.5,0.5,0.0,0.0,0.5,0.5,0.5,0.5,0.0,0.0
State: w17, Alice: ['e1', 'e2'], Bob: ['e3', 'zero'], Long Bob: e2, Transform: f4;0.5,0.0,0.5,0.0,0.0,0.5,0.0,0.5,0.0,0.0,0.0,0.0,0.5,0.5,0.5,0.5,0.5,0.5,0.0,0.0,0.0,0.0,0.5,0.5,0.0,0.0,0.5,0.5,0.5,0.5,0.0,0.0
State: w17, Alice: ['e2', 'e1'], Bob: ['zero', 'e3'], Long Bob: e2, Transform: f4;0.0,0.5,0.0,0.5,0.5,0.0,0.5,0.0,0.0,0.0,0.0,0.0,0.5,0.5,0.5,0.5,0.0,0.0,0.5,0.5,0.5,0.5,0.0,0.0,0.5,0.5,0.0,0.0,0.0,0.0,0.5,0.5
State: w17, Alice: ['e2', 'e1'], Bob: ['e3', 'zero'], Long Bob: e2, Transform: f4;0.5,0.0,0.5,0.0,0.0,0.5,0.0,0.5,0.0,0.0,0.0,0.0,0.5,0.5,0.5,0.5,0.0,0.0,0.5,0.5,0.5,0.5,0.0,0.0,0.5,0.5,0.0,0.0,0.0,0.0,0.5,0.5
State: w17, Alice: ['e1', 'e2'], Bob: ['zero', 'e3'], Long Bob: e2, Transform: f7;0.0,0.5,0.0,0.5,0.5,0.0,0.5,0.0,0.0,0.0,0.0,0.0,0.5,0.5,0.5,0.5,0.5,0.0,0.0,0.5,0.0,0.5,0.5,0.0,0.0,0.5,0.5,0.0,0.5,0.0,0.0,0.5
State: w17, Alice: ['e1', 'e2'], Bob: ['e3', 'zero'], Long Bob: e2, Transform: f7;0.5,0.0,0.5,0.0,0.0,0.5,0.0,0.5,0.0,0.0,0.0,0.0,0.5,0.5,0.5,0.5,0.5,0.0,0.0,0.5,0.0,0.5,0.5,0.0,0.0,0.5,0.5,0.0,0.5,0.0,0.0,0.5
State: w17, Alice: ['e2', 'e1'], Bob: ['zero', 'e3'], Long Bob: e2, Transform: f7;0.0,0.5,0.0,0.5,0.5,0.0,0.5,0.0,0.0,0.0,0.0,0.0,0.5,0.5,0.5,0.5,0.0,0.5,0.5,0.0,0.5,0.0,0.0,0.5,0.5,0.0,0.0,0.5,0.0,0.5,0.5,0.0
State: w17, Alice: ['e2', 'e1'], Bob: ['e3', 'zero'], Long Bob: e2, Transform: f7;0.5,0.0,0.5,0.0,0.0,0.5,0.0,0.5,0.0,0.0,0.0,0.0,0.5,0.5,0.5,0.5,0.0,0.5,0.5,0.0,0.5,0.0,0.0,0.5,0.5,0.0,0.0,0.5,0.0,0.5,0.5,0.0
State: w17, Alice: ['e1', 'e2'], Bob: ['zero', 'e3'], Long Bob: e2, Transform: f8;0.0,0.5,0.0,0.5,0.5,0.0,0.5,0.0,0.0,0.0,0.0,0.0,0.5,0.5,0.5,0.5,0.5,0.0,0.0,0.0,0.0,0.5,0.5,0.5,0.0,0.0,0.5,0.0,0.5,0.5,0.0,0.5
State: w17, Alice: ['e1', 'e2'], Bob: ['e3', 'zero'], Long Bob: e2, Transform: f8;0.5,0.0,0.5,0.0,0.0,0.5,0.0,0.5,0.0,0.0,0.0,0.0,0.5,0.5,0.5,0.5,0.5,0.0,0.0,0.0,0.0,0.5,0.5,0.5,0.0,0.0,0.5,0.0,0.5,0.5,0.0,0.5
State: w17, Alice: ['e2', 'e1'], Bob: ['zero', 'e3'], Long Bob: e2, Transform: f8;0.0,0.5,0.0,0.5,0.5,0.0,0.5,0.0,0.0,0.0,0.0,0.0,0.5,0.5,0.5,0.5,0.0,0.0,0.5,0.0,0.5,0.5,0.0,0.5,0.5,0.0,0.0,0.0,0.0,0.5,0.5,0.5
State: w17, Alice: ['e2', 'e1'], Bob: ['e3', 'zero'], Long Bob: e2, Transform: f8;0.5,0.0,0.5,0.0,0.0,0.5,0.0,0.5,0.0,0.0,0.0,0.0,0.5,0.5,0.5,0.5,0.0,0.0,0.5,0.0,0.5,0.5,0.0,0.5,0.5,0.0,0.0,0.0,0.0,0.5,0.5,0.5
State: w17, Alice: ['e1', 'e2'], Bob: ['zero', 'e3'], Long Bob: e2, Transform: f12;0.0,0.5,0.0,0.5,0.5,0.0,0.5,0.0,0.0,0.0,0.0,0.0,0.5,0.5,0.5,0.5,0.0,0.5,0.0,0.0,0.5,0.0,0.5,0.5,0.0,0.0,0.0,0.5,0.5,0.5,0.5,0.0
State: w17, Alice: ['e1', 'e2'], Bob: ['e3', 'zero'], Long Bob: e2, Transform: f12;0.5,0.0,0.5,0.0,0.0,0.5,0.0,0.5,0.0,0.0,0.0,0.0,0.5,0.5,0.5,0.5,0.0,0.5,0.0,0.0,0.5,0.0,0.5,0.5,0.0,0.0,0.0,0.5,0.5,0.5,0.5,0.0
State: w17, Alice: ['e2', 'e1'], Bob: ['zero', 'e3'], Long Bob: e2, Transform: f12;0.0,0.5,0.0,0.5,0.5,0.0,0.5,0.0,0.0,0.0,0.0,0.0,0.5,0.5,0.5,0.5,0.0,0.0,0.0,0.5,0.5,0.5,0.5,0.0,0.0,0.5,0.0,0.0,0.5,0.0,0.5,0.5
State: w17, Alice: ['e2', 'e1'], Bob: ['e3', 'zero'], Long Bob: e2, Transform: f12;0.5,0.0,0.5,0.0,0.0,0.5,0.0,0.5,0.0,0.0,0.0,0.0,0.5,0.5,0.5,0.5,0.0,0.0,0.0,0.5,0.5,0.5,0.5,0.0,0.0,0.5,0.0,0.0,0.5,0.0,0.5,0.5
State: w17, Alice: ['e1', 'e2'], Bob: ['e1', 'e1'], Long Bob: e2, Transform: f2;0.0,0.0,0.0,0.0,0.5,0.5,0.5,0.5,0.5,0.5,0.5,0.5,0.0,0.0,0.0,0.0,0.5,0.5,0.5,0.0,0.0,0.0,0.0,0.5,0.5,0.0,0.5,0.5,0.0,0.5,0.0,0.0
State: w17, Alice: ['e2', 'e1'], Bob: ['e1', 'e1'], Long Bob: e2, Transform: f2;0.0,0.0,0.0,0.0,0.5,0.5,0.5,0.5,0.5,0.5,0.5,0.5,0.0,0.0,0.0,0.0,0.5,0.0,0.5,0.5,0.0,0.5,0.0,0.0,0.5,0.5,0.5,0.0,0.0,0.0,0.0,0.5
State: w17, Alice: ['e1', 'e2'], Bob: ['e1', 'e1'], Long Bob: e2, Transform: f3;0.0,0.0,0.0,0.0,0.5,0.5,0.5,0.5,0.5,0.5,0.5,0.5,0.0,0.0,0.0,0.0,0.5,0.5,0.0,0.5,0.0,0.0,0.5,0.0,0.0,0.5,0.5,0.5,0.5,0.0,0.0,0.0
State: w17, Alice: ['e2', 'e1'], Bob: ['e1', 'e1'], Long Bob: e2, Transform: f3;0.0,0.0,0.0,0.0,0.5,0.5,0.5,0.5,0.5,0.5,0.5,0.5,0.0,0.0,0.0,0.0,0.0,0.5,0.5,0.5,0.5,0.0,0.0,0.0,0.5,0.5,0.0,0.5,0.0,0.0,0.5,0.0
State: w17, Alice: ['e1', 'e2'], Bob: ['e1', 'e1'], Long Bob: e2, Transform: f4;0.0,0.0,0.0,0.0,0.5,0.5,0.5,0.5,0.5,0.5,0.5,0.5,0.0,0.0,0.0,0.0,0.5,0.5,0.0,0.0,0.0,0.0,0.5,0.5,0.0,0.0,0.5,0.5,0.5,0.5,0.0,0.0
State: w17, Alice: ['e2', 'e1'], Bob: ['e1', 'e1'], Long Bob: e2, Transform: f4;0.0,0.0,0.0,0.0,0.5,0.5,0.5,0.5,0.5,0.5,0.5,0.5,0.0,0.0,0.0,0.0,0.0,0.0,0.5,0.5,0.5,0.5,0.0,0.0,0.5,0.5,0.0,0.0,0.0,0.0,0.5,0.5
State: w17, Alice: ['e1', 'e2'], Bob: ['e1', 'e1'], Long Bob: e2, Transform: f7;0.0,0.0,0.0,0.0,0.5,0.5,0.5,0.5,0.5,0.5,0.5,0.5,0.0,0.0,0.0,0.0,0.5,0.0,0.0,0.5,0.0,0.5,0.5,0.0,0.0,0.5,0.5,0.0,0.5,0.0,0.0,0.5
State: w17, Alice: ['e2', 'e1'], Bob: ['e1', 'e1'], Long Bob: e2, Transform: f7;0.0,0.0,0.0,0.0,0.5,0.5,0.5,0.5,0.5,0.5,0.5,0.5,0.0,0.0,0.0,0.0,0.0,0.5,0.5,0.0,0.5,0.0,0.0,0.5,0.5,0.0,0.0,0.5,0.0,0.5,0.5,0.0
State: w17, Alice: ['e1', 'e2'], Bob: ['e1', 'e1'], Long Bob: e2, Transform: f8;0.0,0.0,0.0,0.0,0.5,0.5,0.5,0.5,0.5,0.5,0.5,0.5,0.0,0.0,0.0,0.0,0.5,0.0,0.0,0.0,0.0,0.5,0.5,0.5,0.0,0.0,0.5,0.0,0.5,0.5,0.0,0.5
State: w17, Alice: ['e2', 'e1'], Bob: ['e1', 'e1'], Long Bob: e2, Transform: f8;0.0,0.0,0.0,0.0,0.5,0.5,0.5,0.5,0.5,0.5,0.5,0.5,0.0,0.0,0.0,0.0,0.0,0.0,0.5,0.0,0.5,0.5,0.0,0.5,0.5,0.0,0.0,0.0,0.0,0.5,0.5,0.5
State: w17, Alice: ['e1', 'e2'], Bob: ['e1', 'e1'], Long Bob: e2, Transform: f12;0.0,0.0,0.0,0.0,0.5,0.5,0.5,0.5,0.5,0.5,0.5,0.5,0.0,0.0,0.0,0.0,0.0,0.5,0.0,0.0,0.5,0.0,0.5,0.5,0.0,0.0,0.0,0.5,0.5,0.5,0.5,0.0
State: w17, Alice: ['e2', 'e1'], Bob: ['e1', 'e1'], Long Bob: e2, Transform: f12;0.0,0.0,0.0,0.0,0.5,0.5,0.5,0.5,0.5,0.5,0.5,0.5,0.0,0.0,0.0,0.0,0.0,0.0,0.0,0.5,0.5,0.5,0.5,0.0,0.0,0.5,0.0,0.0,0.5,0.0,0.5,0.5
State: w17, Alice: ['e1', 'e2'], Bob: ['e1', 'e2'], Long Bob: u, Transform: f1;0.0,0.5,0.0,0.0,0.5,0.0,0.5,0.5,0.5,0.0,0.5,0.5,0.0,0.5,0.0,0.0,0.5,0.5,0.5,0.5,0.0,0.0,0.0,0.0,0.5,0.5,0.5,0.5,0.0,0.0,0.0,0.0
State: w17, Alice: ['e1', 'e2'], Bob: ['e2', 'e1'], Long Bob: u, Transform: f1;0.5,0.0,0.0,0.0,0.0,0.5,0.5,0.5,0.0,0.5,0.5,0.5,0.5,0.0,0.0,0.0,0.5,0.5,0.5,0.5,0.0,0.0,0.0,0.0,0.5,0.5,0.5,0.5,0.0,0.0,0.0,0.0
State: w17, Alice: ['e2', 'e1'], Bob: ['e1', 'e2'], Long Bob: u, Transform: f1;0.0,0.0,0.0,0.5,0.5,0.5,0.5,0.0,0.5,0.5,0.5,0.0,0.0,0.0,0.0,0.5,0.5,0.5,0.5,0.5,0.0,0.0,0.0,0.0,0.5,0.5,0.5,0.5,0.0,0.0,0.0,0.0
State: w17, Alice: ['e2', 'e1'], Bob: ['e2', 'e1'], Long Bob: u, Transform: f1;0.0,0.0,0.5,0.0,0.5,0.5,0.0,0.5,0.5,0.5,0.0,0.5,0.0,0.0,0.5,0.0,0.5,0.5,0.5,0.5,0.0,0.0,0.0,0.0,0.5,0.5,0.5,0.5,0.0,0.0,0.0,0.0
State: w17, Alice: ['e1', 'e2'], Bob: ['e1', 'e2'], Long Bob: u, Transform: f5;0.0,0.5,0.0,0.0,0.5,0.0,0.5,0.5,0.5,0.0,0.5,0.5,0.0,0.5,0.0,0.0,0.5,0.0,0.5,0.0,0.0,0.5,0.0,0.5,0.5,0.0,0.5,0.0,0.0,0.5,0.0,0.5
State: w17, Alice: ['e1', 'e2'], Bob: ['e2', 'e1'], Long Bob: u, Transform: f5;0.5,0.0,0.0,0.0,0.0,0.5,0.5,0.5,0.0,0.5,0.5,0.5,0.5,0.0,0.0,0.0,0.5,0.0,0.5,0.0,0.0,0.5,0.0,0.5,0.5,0.0,0.5,0.0,0.0,0.5,0.0,0.5
State: w17, Alice: ['e2', 'e1'], Bob: ['e1', 'e2'], Long Bob: u, Transform: f5;0.0,0.0,0.0,0.5,0.5,0.5,0.5,0.0,0.5,0.5,0.5,0.0,0.0,0.0,0.0,0.5,0.5,0.0,0.5,0.0,0.0,0.5,0.0,0.5,0.5,0.0,0.5,0.0,0.0,0.5,0.0,0.5
State: w17, Alice: ['e2', 'e1'], Bob: ['e2', 'e1'], Long Bob: u, Transform: f5;0.0,0.0,0.5,0.0,0.5,0.5,0.0,0.5,0.5,0.5,0.0,0.5,0.0,0.0,0.5,0.0,0.5,0.0,0.5,0.0,0.0,0.5,0.0,0.5,0.5,0.0,0.5,0.0,0.0,0.5,0.0,0.5
State: w17, Alice: ['e1', 'e2'], Bob: ['e1', 'e2'], Long Bob: u, Transform: f9;0.0,0.5,0.0,0.0,0.5,0.0,0.5,0.5,0.5,0.0,0.5,0.5,0.0,0.5,0.0,0.0,0.0,0.5,0.0,0.5,0.5,0.0,0.5,0.0,0.0,0.5,0.0,0.5,0.5,0.0,0.5,0.0
State: w17, Alice: ['e1', 'e2'], Bob: ['e2', 'e1'], Long Bob: u, Transform: f9;0.5,0.0,0.0,0.0,0.0,0.5,0.5,0.5,0.0,0.5,0.5,0.5,0.5,0.0,0.0,0.0,0.0,0.5,0.0,0.5,0.5,0.0,0.5,0.0,0.0,0.5,0.0,0.5,0.5,0.0,0.5,0.0
State: w17, Alice: ['e2', 'e1'], Bob: ['e1', 'e2'], Long Bob: u, Transform: f9;0.0,0.0,0.0,0.5,0.5,0.5,0.5,0.0,0.5,0.5,0.5,0.0,0.0,0.0,0.0,0.5,0.0,0.5,0.0,0.5,0.5,0.0,0.5,0.0,0.0,0.5,0.0,0.5,0.5,0.0,0.5,0.0
State: w17, Alice: ['e2', 'e1'], Bob: ['e2', 'e1'], Long Bob: u, Transform: f9;0.0,0.0,0.5,0.0,0.5,0.5,0.0,0.5,0.5,0.5,0.0,0.5,0.0,0.0,0.5,0.0,0.0,0.5,0.0,0.5,0.5,0.0,0.5,0.0,0.0,0.5,0.0,0.5,0.5,0.0,0.5,0.0
State: w17, Alice: ['e1', 'e2'], Bob: ['e1', 'e2'], Long Bob: u, Transform: f13;0.0,0.5,0.0,0.0,0.5,0.0,0.5,0.5,0.5,0.0,0.5,0.5,0.0,0.5,0.0,0.0,0.0,0.0,0.0,0.0,0.5,0.5,0.5,0.5,0.0,0.0,0.0,0.0,0.5,0.5,0.5,0.5
State: w17, Alice: ['e1', 'e2'], Bob: ['e2', 'e1'], Long Bob: u, Transform: f13;0.5,0.0,0.0,0.0,0.0,0.5,0.5,0.5,0.0,0.5,0.5,0.5,0.5,0.0,0.0,0.0,0.0,0.0,0.0,0.0,0.5,0.5,0.5,0.5,0.0,0.0,0.0,0.0,0.5,0.5,0.5,0.5
State: w17, Alice: ['e2', 'e1'], Bob: ['e1', 'e2'], Long Bob: u, Transform: f13;0.0,0.0,0.0,0.5,0.5,0.5,0.5,0.0,0.5,0.5,0.5,0.0,0.0,0.0,0.0,0.5,0.0,0.0,0.0,0.0,0.5,0.5,0.5,0.5,0.0,0.0,0.0,0.0,0.5,0.5,0.5,0.5
State: w17, Alice: ['e2', 'e1'], Bob: ['e2', 'e1'], Long Bob: u, Transform: f13;0.0,0.0,0.5,0.0,0.5,0.5,0.0,0.5,0.5,0.5,0.0,0.5,0.0,0.0,0.5,0.0,0.0,0.0,0.0,0.0,0.5,0.5,0.5,0.5,0.0,0.0,0.0,0.0,0.5,0.5,0.5,0.5
State: w17, Alice: ['e1', 'e2'], Bob: ['e1', 'e2'], Long Bob: e1, Transform: f2;0.0,0.5,0.0,0.0,0.5,0.0,0.5,0.5,0.5,0.0,0.5,0.5,0.0,0.5,0.0,0.0,0.5,0.0,0.5,0.0,0.0,0.5,0.0,0.5,0.5,0.5,0.5,0.5,0.0,0.0,0.0,0.0
State: w17, Alice: ['e1', 'e2'], Bob: ['e2', 'e1'], Long Bob: e1, Transform: f2;0.5,0.0,0.0,0.0,0.0,0.5,0.5,0.5,0.0,0.5,0.5,0.5,0.5,0.0,0.0,0.0,0.5,0.0,0.5,0.0,0.0,0.5,0.0,0.5,0.5,0.5,0.5,0.5,0.0,0.0,0.0,0.0
State: w17, Alice: ['e2', 'e1'], Bob: ['e1', 'e2'], Long Bob: e1, Transform: f2;0.0,0.0,0.0,0.5,0.5,0.5,0.5,0.0,0.5,0.5,0.5,0.0,0.0,0.0,0.0,0.5,0.5,0.0,0.5,0.0,0.0,0.5,0.0,0.5,0.5,0.5,0.5,0.5,0.0,0.0,0.0,0.0
State: w17, Alice: ['e2', 'e1'], Bob: ['e2', 'e1'], Long Bob: e1, Transform: f2;0.0,0.0,0.5,0.0,0.5,0.5,0.0,0.5,0.5,0.5,0.0,0.5,0.0,0.0,0.5,0.0,0.5,0.0,0.5,0.0,0.0,0.5,0.0,0.5,0.5,0.5,0.5,0.5,0.0,0.0,0.0,0.0
State: w17, Alice: ['e1', 'e2'], Bob: ['e1', 'e2'], Long Bob: e1, Transform: f3;0.0,0.5,0.0,0.0,0.5,0.0,0.5,0.5,0.5,0.0,0.5,0.5,0.0,0.5,0.0,0.0,0.0,0.5,0.0,0.5,0.5,0.0,0.5,0.0,0.5,0.5,0.5,0.5,0.0,0.0,0.0,0.0
State: w17, Alice: ['e1', 'e2'], Bob: ['e2', 'e1'], Long Bob: e1, Transform: f3;0.5,0.0,0.0,0.0,0.0,0.5,0.5,0.5,0.0,0.5,0.5,0.5,0.5,0.0,0.0,0.0,0.0,0.5,0.0,0.5,0.5,0.0,0.5,0.0,0.5,0.5,0.5,0.5,0.0,0.0,0.0,0.0
State: w17, Alice: ['e2', 'e1'], Bob: ['e1', 'e2'], Long Bob: e1, Transform: f3;0.0,0.0,0.0,0.5,0.5,0.5,0.5,0.0,0.5,0.5,0.5,0.0,0.0,0.0,0.0,0.5,0.0,0.5,0.0,0.5,0.5,0.0,0.5,0.0,0.5,0.5,0.5,0.5,0.0,0.0,0.0,0.0
State: w17, Alice: ['e2', 'e1'], Bob: ['e2', 'e1'], Long Bob: e1, Transform: f3;0.0,0.0,0.5,0.0,0.5,0.5,0.0,0.5,0.5,0.5,0.0,0.5,0.0,0.0,0.5,0.0,0.0,0.5,0.0,0.5,0.5,0.0,0.5,0.0,0.5,0.5,0.5,0.5,0.0,0.0,0.0,0.0
State: w17, Alice: ['e1', 'e2'], Bob: ['e1', 'e2'], Long Bob: e1, Transform: f4;0.0,0.5,0.0,0.0,0.5,0.0,0.5,0.5,0.5,0.0,0.5,0.5,0.0,0.5,0.0,0.0,0.0,0.0,0.0,0.0,0.5,0.5,0.5,0.5,0.5,0.5,0.5,0.5,0.0,0.0,0.0,0.0
State: w17, Alice: ['e1', 'e2'], Bob: ['e2', 'e1'], Long Bob: e1, Transform: f4;0.5,0.0,0.0,0.0,0.0,0.5,0.5,0.5,0.0,0.5,0.5,0.5,0.5,0.0,0.0,0.0,0.0,0.0,0.0,0.0,0.5,0.5,0.5,0.5,0.5,0.5,0.5,0.5,0.0,0.0,0.0,0.0
State: w17, Alice: ['e2', 'e1'], Bob: ['e1', 'e2'], Long Bob: e1, Transform: f4;0.0,0.0,0.0,0.5,0.5,0.5,0.5,0.0,0.5,0.5,0.5,0.0,0.0,0.0,0.0,0.5,0.0,0.0,0.0,0.0,0.5,0.5,0.5,0.5,0.5,0.5,0.5,0.5,0.0,0.0,0.0,0.0
State: w17, Alice: ['e2', 'e1'], Bob: ['e2', 'e1'], Long Bob: e1, Transform: f4;0.0,0.0,0.5,0.0,0.5,0.5,0.0,0.5,0.5,0.5,0.0,0.5,0.0,0.0,0.5,0.0,0.0,0.0,0.0,0.0,0.5,0.5,0.5,0.5,0.5,0.5,0.5,0.5,0.0,0.0,0.0,0.0
State: w17, Alice: ['e1', 'e2'], Bob: ['e1', 'e2'], Long Bob: e1, Transform: f5;0.0,0.5,0.0,0.0,0.5,0.0,0.5,0.5,0.5,0.0,0.5,0.5,0.0,0.5,0.0,0.0,0.5,0.5,0.5,0.5,0.0,0.0,0.0,0.0,0.5,0.0,0.5,0.0,0.0,0.5,0.0,0.5
State: w17, Alice: ['e1', 'e2'], Bob: ['e2', 'e1'], Long Bob: e1, Transform: f5;0.5,0.0,0.0,0.0,0.0,0.5,0.5,0.5,0.0,0.5,0.5,0.5,0.5,0.0,0.0,0.0,0.5,0.5,0.5,0.5,0.0,0.0,0.0,0.0,0.5,0.0,0.5,0.0,0.0,0.5,0.0,0.5
State: w17, Alice: ['e2', 'e1'], Bob: ['e1', 'e2'], Long Bob: e1, Transform: f5;0.0,0.0,0.0,0.5,0.5,0.5,0.5,0.0,0.5,0.5,0.5,0.0,0.0,0.0,0.0,0.5,0.5,0.5,0.5,0.5,0.0,0.0,0.0,0.0,0.5,0.0,0.5,0.0,0.0,0.5,0.0,0.5
State: w17, Alice: ['e2', 'e1'], Bob: ['e2', 'e1'], Long Bob: e1, Transform: f5;0.0,0.0,0.5,0.0,0.5,0.5,0.0,0.5,0.5,0.5,0.0,0.5,0.0,0.0,0.5,0.0,0.5,0.5,0.5,0.5,0.0,0.0,0.0,0.0,0.5,0.0,0.5,0.0,0.0,0.5,0.0,0.5
State: w17, Alice: ['e1', 'e2'], Bob: ['e1', 'e2'], Long Bob: e1, Transform: f7;0.0,0.5,0.0,0.0,0.5,0.0,0.5,0.5,0.5,0.0,0.5,0.5,0.0,0.5,0.0,0.0,0.0,0.5,0.0,0.5,0.5,0.0,0.5,0.0,0.5,0.0,0.5,0.0,0.0,0.5,0.0,0.5
State: w17, Alice: ['e1', 'e2'], Bob: ['e2', 'e1'], Long Bob: e1, Transform: f7;0.5,0.0,0.0,0.0,0.0,0.5,0.5,0.5,0.0,0.5,0.5,0.5,0.5,0.0,0.0,0.0,0.0,0.5,0.0,0.5,0.5,0.0,0.5,0.0,0.5,0.0,0.5,0.0,0.0,0.5,0.0,0.5
State: w17, Alice: ['e2', 'e1'], Bob: ['e1', 'e2'], Long Bob: e1, Transform: f7;0.0,0.0,0.0,0.5,0.5,0.5,0.5,0.0,0.5,0.5,0.5,0.0,0.0,0.0,0.0,0.5,0.0,0.5,0.0,0.5,0.5,0.0,0.5,0.0,0.5,0.0,0.5,0.0,0.0,0.5,0.0,0.5
State: w17, Alice: ['e2', 'e1'], Bob: ['e2', 'e1'], Long Bob: e1, Transform: f7;0.0,0.0,0.5,0.0,0.5,0.5,0.0,0.5,0.5,0.5,0.0,0.5,0.0,0.0,0.5,0.0,0.0,0.5,0.0,0.5,0.5,0.0,0.5,0.0,0.5,0.0,0.5,0.0,0.0,0.5,0.0,0.5
State: w17, Alice: ['e1', 'e2'], Bob: ['e1', 'e2'], Long Bob: e1, Transform: f8;0.0,0.5,0.0,0.0,0.5,0.0,0.5,0.5,0.5,0.0,0.5,0.5,0.0,0.5,0.0,0.0,0.0,0.0,0.0,0.0,0.5,0.5,0.5,0.5,0.5,0.0,0.5,0.0,0.0,0.5,0.0,0.5
State: w17, Alice: ['e1', 'e2'], Bob: ['e2', 'e1'], Long Bob: e1, Transform: f8;0.5,0.0,0.0,0.0,0.0,0.5,0.5,0.5,0.0,0.5,0.5,0.5,0.5,0.0,0.0,0.0,0.0,0.0,0.0,0.0,0.5,0.5,0.5,0.5,0.5,0.0,0.5,0.0,0.0,0.5,0.0,0.5
State: w17, Alice: ['e2', 'e1'], Bob: ['e1', 'e2'], Long Bob: e1, Transform: f8;0.0,0.0,0.0,0.5,0.5,0.5,0.5,0.0,0.5,0.5,0.5,0.0,0.0,0.0,0.0,0.5,0.0,0.0,0.0,0.0,0.5,0.5,0.5,0.5,0.5,0.0,0.5,0.0,0.0,0.5,0.0,0.5
State: w17, Alice: ['e2', 'e1'], Bob: ['e2', 'e1'], Long Bob: e1, Transform: f8;0.0,0.0,0.5,0.0,0.5,0.5,0.0,0.5,0.5,0.5,0.0,0.5,0.0,0.0,0.5,0.0,0.0,0.0,0.0,0.0,0.5,0.5,0.5,0.5,0.5,0.0,0.5,0.0,0.0,0.5,0.0,0.5
State: w17, Alice: ['e1', 'e2'], Bob: ['e1', 'e2'], Long Bob: e1, Transform: f9;0.0,0.5,0.0,0.0,0.5,0.0,0.5,0.5,0.5,0.0,0.5,0.5,0.0,0.5,0.0,0.0,0.5,0.5,0.5,0.5,0.0,0.0,0.0,0.0,0.0,0.5,0.0,0.5,0.5,0.0,0.5,0.0
State: w17, Alice: ['e1', 'e2'], Bob: ['e2', 'e1'], Long Bob: e1, Transform: f9;0.5,0.0,0.0,0.0,0.0,0.5,0.5,0.5,0.0,0.5,0.5,0.5,0.5,0.0,0.0,0.0,0.5,0.5,0.5,0.5,0.0,0.0,0.0,0.0,0.0,0.5,0.0,0.5,0.5,0.0,0.5,0.0
State: w17, Alice: ['e2', 'e1'], Bob: ['e1', 'e2'], Long Bob: e1, Transform: f9;0.0,0.0,0.0,0.5,0.5,0.5,0.5,0.0,0.5,0.5,0.5,0.0,0.0,0.0,0.0,0.5,0.5,0.5,0.5,0.5,0.0,0.0,0.0,0.0,0.0,0.5,0.0,0.5,0.5,0.0,0.5,0.0
State: w17, Alice: ['e2', 'e1'], Bob: ['e2', 'e1'], Long Bob: e1, Transform: f9;0.0,0.0,0.5,0.0,0.5,0.5,0.0,0.5,0.5,0.5,0.0,0.5,0.0,0.0,0.5,0.0,0.5,0.5,0.5,0.5,0.0,0.0,0.0,0.0,0.0,0.5,0.0,0.5,0.5,0.0,0.5,0.0
State: w17, Alice: ['e1', 'e2'], Bob: ['e1', 'e2'], Long Bob: e1, Transform: f10;0.0,0.5,0.0,0.0,0.5,0.0,0.5,0.5,0.5,0.0,0.5,0.5,0.0,0.5,0.0,0.0,0.5,0.0,0.5,0.0,0.0,0.5,0.0,0.5,0.0,0.5,0.0,0.5,0.5,0.0,0.5,0.0
State: w17, Alice: ['e1', 'e2'], Bob: ['e2', 'e1'], Long Bob: e1, Transform: f10;0.5,0.0,0.0,0.0,0.0,0.5,0.5,0.5,0.0,0.5,0.5,0.5,0.5,0.0,0.0,0.0,0.5,0.0,0.5,0.0,0.0,0.5,0.0,0.5,0.0,0.5,0.0,0.5,0.5,0.0,0.5,0.0
State: w17, Alice: ['e2', 'e1'], Bob: ['e1', 'e2'], Long Bob: e1, Transform: f10;0.0,0.0,0.0,0.5,0.5,0.5,0.5,0.0,0.5,0.5,0.5,0.0,0.0,0.0,0.0,0.5,0.5,0.0,0.5,0.0,0.0,0.5,0.0,0.5,0.0,0.5,0.0,0.5,0.5,0.0,0.5,0.0
State: w17, Alice: ['e2', 'e1'], Bob: ['e2', 'e1'], Long Bob: e1, Transform: f10;0.0,0.0,0.5,0.0,0.5,0.5,0.0,0.5,0.5,0.5,0.0,0.5,0.0,0.0,0.5,0.0,0.5,0.0,0.5,0.0,0.0,0.5,0.0,0.5,0.0,0.5,0.0,0.5,0.5,0.0,0.5,0.0
State: w17, Alice: ['e1', 'e2'], Bob: ['e1', 'e2'], Long Bob: e1, Transform: f12;0.0,0.5,0.0,0.0,0.5,0.0,0.5,0.5,0.5,0.0,0.5,0.5,0.0,0.5,0.0,0.0,0.0,0.0,0.0,0.0,0.5,0.5,0.5,0.5,0.0,0.5,0.0,0.5,0.5,0.0,0.5,0.0
State: w17, Alice: ['e1', 'e2'], Bob: ['e2', 'e1'], Long Bob: e1, Transform: f12;0.5,0.0,0.0,0.0,0.0,0.5,0.5,0.5,0.0,0.5,0.5,0.5,0.5,0.0,0.0,0.0,0.0,0.0,0.0,0.0,0.5,0.5,0.5,0.5,0.0,0.5,0.0,0.5,0.5,0.0,0.5,0.0
State: w17, Alice: ['e2', 'e1'], Bob: ['e1', 'e2'], Long Bob: e1, Transform: f12;0.0,0.0,0.0,0.5,0.5,0.5,0.5,0.0,0.5,0.5,0.5,0.0,0.0,0.0,0.0,0.5,0.0,0.0,0.0,0.0,0.5,0.5,0.5,0.5,0.0,0.5,0.0,0.5,0.5,0.0,0.5,0.0
State: w17, Alice: ['e2', 'e1'], Bob: ['e2', 'e1'], Long Bob: e1, Transform: f12;0.0,0.0,0.5,0.0,0.5,0.5,0.0,0.5,0.5,0.5,0.0,0.5,0.0,0.0,0.5,0.0,0.0,0.0,0.0,0.0,0.5,0.5,0.5,0.5,0.0,0.5,0.0,0.5,0.5,0.0,0.5,0.0
State: w17, Alice: ['e1', 'e2'], Bob: ['e1', 'e2'], Long Bob: e1, Transform: f13;0.0,0.5,0.0,0.0,0.5,0.0,0.5,0.5,0.5,0.0,0.5,0.5,0.0,0.5,0.0,0.0,0.5,0.5,0.5,0.5,0.0,0.0,0.0,0.0,0.0,0.0,0.0,0.0,0.5,0.5,0.5,0.5
State: w17, Alice: ['e1', 'e2'], Bob: ['e2', 'e1'], Long Bob: e1, Transform: f13;0.5,0.0,0.0,0.0,0.0,0.5,0.5,0.5,0.0,0.5,0.5,0.5,0.5,0.0,0.0,0.0,0.5,0.5,0.5,0.5,0.0,0.0,0.0,0.0,0.0,0.0,0.0,0.0,0.5,0.5,0.5,0.5
State: w17, Alice: ['e2', 'e1'], Bob: ['e1', 'e2'], Long Bob: e1, Transform: f13;0.0,0.0,0.0,0.5,0.5,0.5,0.5,0.0,0.5,0.5,0.5,0.0,0.0,0.0,0.0,0.5,0.5,0.5,0.5,0.5,0.0,0.0,0.0,0.0,0.0,0.0,0.0,0.0,0.5,0.5,0.5,0.5
State: w17, Alice: ['e2', 'e1'], Bob: ['e2', 'e1'], Long Bob: e1, Transform: f13;0.0,0.0,0.5,0.0,0.5,0.5,0.0,0.5,0.5,0.5,0.0,0.5,0.0,0.0,0.5,0.0,0.5,0.5,0.5,0.5,0.0,0.0,0.0,0.0,0.0,0.0,0.0,0.0,0.5,0.5,0.5,0.5
State: w17, Alice: ['e1', 'e2'], Bob: ['e1', 'e2'], Long Bob: e1, Transform: f14;0.0,0.5,0.0,0.0,0.5,0.0,0.5,0.5,0.5,0.0,0.5,0.5,0.0,0.5,0.0,0.0,0.5,0.0,0.5,0.0,0.0,0.5,0.0,0.5,0.0,0.0,0.0,0.0,0.5,0.5,0.5,0.5
State: w17, Alice: ['e1', 'e2'], Bob: ['e2', 'e1'], Long Bob: e1, Transform: f14;0.5,0.0,0.0,0.0,0.0,0.5,0.5,0.5,0.0,0.5,0.5,0.5,0.5,0.0,0.0,0.0,0.5,0.0,0.5,0.0,0.0,0.5,0.0,0.5,0.0,0.0,0.0,0.0,0.5,0.5,0.5,0.5
State: w17, Alice: ['e2', 'e1'], Bob: ['e1', 'e2'], Long Bob: e1, Transform: f14;0.0,0.0,0.0,0.5,0.5,0.5,0.5,0.0,0.5,0.5,0.5,0.0,0.0,0.0,0.0,0.5,0.5,0.0,0.5,0.0,0.0,0.5,0.0,0.5,0.0,0.0,0.0,0.0,0.5,0.5,0.5,0.5
State: w17, Alice: ['e2', 'e1'], Bob: ['e2', 'e1'], Long Bob: e1, Transform: f14;0.0,0.0,0.5,0.0,0.5,0.5,0.0,0.5,0.5,0.5,0.0,0.5,0.0,0.0,0.5,0.0,0.5,0.0,0.5,0.0,0.0,0.5,0.0,0.5,0.0,0.0,0.0,0.0,0.5,0.5,0.5,0.5
State: w17, Alice: ['e1', 'e2'], Bob: ['e1', 'e2'], Long Bob: e1, Transform: f15;0.0,0.5,0.0,0.0,0.5,0.0,0.5,0.5,0.5,0.0,0.5,0.5,0.0,0.5,0.0,0.0,0.0,0.5,0.0,0.5,0.5,0.0,0.5,0.0,0.0,0.0,0.0,0.0,0.5,0.5,0.5,0.5
State: w17, Alice: ['e1', 'e2'], Bob: ['e2', 'e1'], Long Bob: e1, Transform: f15;0.5,0.0,0.0,0.0,0.0,0.5,0.5,0.5,0.0,0.5,0.5,0.5,0.5,0.0,0.0,0.0,0.0,0.5,0.0,0.5,0.5,0.0,0.5,0.0,0.0,0.0,0.0,0.0,0.5,0.5,0.5,0.5
State: w17, Alice: ['e2', 'e1'], Bob: ['e1', 'e2'], Long Bob: e1, Transform: f15;0.0,0.0,0.0,0.5,0.5,0.5,0.5,0.0,0.5,0.5,0.5,0.0,0.0,0.0,0.0,0.5,0.0,0.5,0.0,0.5,0.5,0.0,0.5,0.0,0.0,0.0,0.0,0.0,0.5,0.5,0.5,0.5
State: w17, Alice: ['e2', 'e1'], Bob: ['e2', 'e1'], Long Bob: e1, Transform: f15;0.0,0.0,0.5,0.0,0.5,0.5,0.0,0.5,0.5,0.5,0.0,0.5,0.0,0.0,0.5,0.0,0.0,0.5,0.0,0.5,0.5,0.0,0.5,0.0,0.0,0.0,0.0,0.0,0.5,0.5,0.5,0.5
State: w17, Alice: ['e1', 'e2'], Bob: ['e1', 'e2'], Long Bob: e2, Transform: f2;0.0,0.5,0.0,0.0,0.5,0.0,0.5,0.5,0.5,0.0,0.5,0.5,0.0,0.5,0.0,0.0,0.5,0.5,0.5,0.0,0.0,0.0,0.0,0.5,0.5,0.0,0.5,0.5,0.0,0.5,0.0,0.0
State: w17, Alice: ['e1', 'e2'], Bob: ['e2', 'e1'], Long Bob: e2, Transform: f2;0.5,0.0,0.0,0.0,0.0,0.5,0.5,0.5,0.0,0.5,0.5,0.5,0.5,0.0,0.0,0.0,0.5,0.5,0.5,0.0,0.0,0.0,0.0,0.5,0.5,0.0,0.5,0.5,0.0,0.5,0.0,0.0
State: w17, Alice: ['e2', 'e1'], Bob: ['e1', 'e2'], Long Bob: e2, Transform: f2;0.0,0.0,0.0,0.5,0.5,0.5,0.5,0.0,0.5,0.5,0.5,0.0,0.0,0.0,0.0,0.5,0.5,0.0,0.5,0.5,0.0,0.5,0.0,0.0,0.5,0.5,0.5,0.0,0.0,0.0,0.0,0.5
State: w17, Alice: ['e2', 'e1'], Bob: ['e2', 'e1'], Long Bob: e2, Transform: f2;0.0,0.0,0.5,0.0,0.5,0.5,0.0,0.5,0.5,0.5,0.0,0.5,0.0,0.0,0.5,0.0,0.5,0.0,0.5,0.5,0.0,0.5,0.0,0.0,0.5,0.5,0.5,0.0,0.0,0.0,0.0,0.5
State: w17, Alice: ['e1', 'e2'], Bob: ['e1', 'e2'], Long Bob: e2, Transform: f3;0.0,0.5,0.0,0.0,0.5,0.0,0.5,0.5,0.5,0.0,0.5,0.5,0.0,0.5,0.0,0.0,0.5,0.5,0.0,0.5,0.0,0.0,0.5,0.0,0.0,0.5,0.5,0.5,0.5,0.0,0.0,0.0
State: w17, Alice: ['e1', 'e2'], Bob: ['e2', 'e1'], Long Bob: e2, Transform: f3;0.5,0.0,0.0,0.0,0.0,0.5,0.5,0.5,0.0,0.5,0.5,0.5,0.5,0.0,0.0,0.0,0.5,0.5,0.0,0.5,0.0,0.0,0.5,0.0,0.0,0.5,0.5,0.5,0.5,0.0,0.0,0.0
State: w17, Alice: ['e2', 'e1'], Bob: ['e1', 'e2'], Long Bob: e2, Transform: f3;0.0,0.0,0.0,0.5,0.5,0.5,0.5,0.0,0.5,0.5,0.5,0.0,0.0,0.0,0.0,0.5,0.0,0.5,0.5,0.5,0.5,0.0,0.0,0.0,0.5,0.5,0.0,0.5,0.0,0.0,0.5,0.0
State: w17, Alice: ['e2', 'e1'], Bob: ['e2', 'e1'], Long Bob: e2, Transform: f3;0.0,0.0,0.5,0.0,0.5,0.5,0.0,0.5,0.5,0.5,0.0,0.5,0.0,0.0,0.5,0.0,0.0,0.5,0.5,0.5,0.5,0.0,0.0,0.0,0.5,0.5,0.0,0.5,0.0,0.0,0.5,0.0
State: w17, Alice: ['e1', 'e2'], Bob: ['e1', 'e2'], Long Bob: e2, Transform: f4;0.0,0.5,0.0,0.0,0.5,0.0,0.5,0.5,0.5,0.0,0.5,0.5,0.0,0.5,0.0,0.0,0.5,0.5,0.0,0.0,0.0,0.0,0.5,0.5,0.0,0.0,0.5,0.5,0.5,0.5,0.0,0.0
State: w17, Alice: ['e1', 'e2'], Bob: ['e2', 'e1'], Long Bob: e2, Transform: f4;0.5,0.0,0.0,0.0,0.0,0.5,0.5,0.5,0.0,0.5,0.5,0.5,0.5,0.0,0.0,0.0,0.5,0.5,0.0,0.0,0.0,0.0,0.5,0.5,0.0,0.0,0.5,0.5,0.5,0.5,0.0,0.0
State: w17, Alice: ['e2', 'e1'], Bob: ['e1', 'e2'], Long Bob: e2, Transform: f4;0.0,0.0,0.0,0.5,0.5,0.5,0.5,0.0,0.5,0.5,0.5,0.0,0.0,0.0,0.0,0.5,0.0,0.0,0.5,0.5,0.5,0.5,0.0,0.0,0.5,0.5,0.0,0.0,0.0,0.0,0.5,0.5
State: w17, Alice: ['e2', 'e1'], Bob: ['e2', 'e1'], Long Bob: e2, Transform: f4;0.0,0.0,0.5,0.0,0.5,0.5,0.0,0.5,0.5,0.5,0.0,0.5,0.0,0.0,0.5,0.0,0.0,0.0,0.5,0.5,0.5,0.5,0.0,0.0,0.5,0.5,0.0,0.0,0.0,0.0,0.5,0.5
State: w17, Alice: ['e1', 'e2'], Bob: ['e1', 'e2'], Long Bob: e2, Transform: f5;0.0,0.5,0.0,0.0,0.5,0.0,0.5,0.5,0.5,0.0,0.5,0.5,0.0,0.5,0.0,0.0,0.5,0.0,0.5,0.5,0.0,0.5,0.0,0.0,0.5,0.5,0.5,0.0,0.0,0.0,0.0,0.5
State: w17, Alice: ['e1', 'e2'], Bob: ['e2', 'e1'], Long Bob: e2, Transform: f5;0.5,0.0,0.0,0.0,0.0,0.5,0.5,0.5,0.0,0.5,0.5,0.5,0.5,0.0,0.0,0.0,0.5,0.0,0.5,0.5,0.0,0.5,0.0,0.0,0.5,0.5,0.5,0.0,0.0,0.0,0.0,0.5
State: w17, Alice: ['e2', 'e1'], Bob: ['e1', 'e2'], Long Bob: e2, Transform: f5;0.0,0.0,0.0,0.5,0.5,0.5,0.5,0.0,0.5,0.5,0.5,0.0,0.0,0.0,0.0,0.5,0.5,0.5,0.5,0.0,0.0,0.0,0.0,0.5,0.5,0.0,0.5,0.5,0.0,0.5,0.0,0.0
State: w17, Alice: ['e2', 'e1'], Bob: ['e2', 'e1'], Long Bob: e2, Transform: f5;0.0,0.0,0.5,0.0,0.5,0.5,0.0,0.5,0.5,0.5,0.0,0.5,0.0,0.0,0.5,0.0,0.5,0.5,0.5,0.0,0.0,0.0,0.0,0.5,0.5,0.0,0.5,0.5,0.0,0.5,0.0,0.0
State: w17, Alice: ['e1', 'e2'], Bob: ['e1', 'e2'], Long Bob: e2, Transform: f7;0.0,0.5,0.0,0.0,0.5,0.0,0.5,0.5,0.5,0.0,0.5,0.5,0.0,0.5,0.0,0.0,0.5,0.0,0.0,0.5,0.0,0.5,0.5,0.0,0.0,0.5,0.5,0.0,0.5,0.0,0.0,0.5
State: w17, Alice: ['e1', 'e2'], Bob: ['e2', 'e1'], Long Bob: e2, Transform: f7;0.5,0.0,0.0,0.0,0.0,0.5,0.5,0.5,0.0,0.5,0.5,0.5,0.5,0.0,0.0,0.0,0.5,0.0,0.0,0.5,0.0,0.5,0.5,0.0,0.0,0.5,0.5,0.0,0.5,0.0,0.0,0.5
State: w17, Alice: ['e2', 'e1'], Bob: ['e1', 'e2'], Long Bob: e2, Transform: f7;0.0,0.0,0.0,0.5,0.5,0.5,0.5,0.0,0.5,0.5,0.5,0.0,0.0,0.0,0.0,0.5,0.0,0.5,0.5,0.0,0.5,0.0,0.0,0.5,0.5,0.0,0.0,0.5,0.0,0.5,0.5,0.0
State: w17, Alice: ['e2', 'e1'], Bob: ['e2', 'e1'], Long Bob: e2, Transform: f7;0.0,0.0,0.5,0.0,0.5,0.5,0.0,0.5,0.5,0.5,0.0,0.5,0.0,0.0,0.5,0.0,0.0,0.5,0.5,0.0,0.5,0.0,0.0,0.5,0.5,0.0,0.0,0.5,0.0,0.5,0.5,0.0
State: w17, Alice: ['e1', 'e2'], Bob: ['e1', 'e2'], Long Bob: e2, Transform: f8;0.0,0.5,0.0,0.0,0.5,0.0,0.5,0.5,0.5,0.0,0.5,0.5,0.0,0.5,0.0,0.0,0.5,0.0,0.0,0.0,0.0,0.5,0.5,0.5,0.0,0.0,0.5,0.0,0.5,0.5,0.0,0.5
State: w17, Alice: ['e1', 'e2'], Bob: ['e2', 'e1'], Long Bob: e2, Transform: f8;0.5,0.0,0.0,0.0,0.0,0.5,0.5,0.5,0.0,0.5,0.5,0.5,0.5,0.0,0.0,0.0,0.5,0.0,0.0,0.0,0.0,0.5,0.5,0.5,0.0,0.0,0.5,0.0,0.5,0.5,0.0,0.5
State: w17, Alice: ['e2', 'e1'], Bob: ['e1', 'e2'], Long Bob: e2, Transform: f8;0.0,0.0,0.0,0.5,0.5,0.5,0.5,0.0,0.5,0.5,0.5,0.0,0.0,0.0,0.0,0.5,0.0,0.0,0.5,0.0,0.5,0.5,0.0,0.5,0.5,0.0,0.0,0.0,0.0,0.5,0.5,0.5
State: w17, Alice: ['e2', 'e1'], Bob: ['e2', 'e1'], Long Bob: e2, Transform: f8;0.0,0.0,0.5,0.0,0.5,0.5,0.0,0.5,0.5,0.5,0.0,0.5,0.0,0.0,0.5,0.0,0.0,0.0,0.5,0.0,0.5,0.5,0.0,0.5,0.5,0.0,0.0,0.0,0.0,0.5,0.5,0.5
State: w17, Alice: ['e1', 'e2'], Bob: ['e1', 'e2'], Long Bob: e2, Transform: f9;0.0,0.5,0.0,0.0,0.5,0.0,0.5,0.5,0.5,0.0,0.5,0.5,0.0,0.5,0.0,0.0,0.0,0.5,0.5,0.5,0.5,0.0,0.0,0.0,0.5,0.5,0.0,0.5,0.0,0.0,0.5,0.0
State: w17, Alice: ['e1', 'e2'], Bob: ['e2', 'e1'], Long Bob: e2, Transform: f9;0.5,0.0,0.0,0.0,0.0,0.5,0.5,0.5,0.0,0.5,0.5,0.5,0.5,0.0,0.0,0.0,0.0,0.5,0.5,0.5,0.5,0.0,0.0,0.0,0.5,0.5,0.0,0.5,0.0,0.0,0.5,0.0
State: w17, Alice: ['e2', 'e1'], Bob: ['e1', 'e2'], Long Bob: e2, Transform: f9;0.0,0.0,0.0,0.5,0.5,0.5,0.5,0.0,0.5,0.5,0.5,0.0,0.0,0.0,0.0,0.5,0.5,0.5,0.0,0.5,0.0,0.0,0.5,0.0,0.0,0.5,0.5,0.5,0.5,0.0,0.0,0.0
State: w17, Alice: ['e2', 'e1'], Bob: ['e2', 'e1'], Long Bob: e2, Transform: f9;0.0,0.0,0.5,0.0,0.5,0.5,0.0,0.5,0.5,0.5,0.0,0.5,0.0,0.0,0.5,0.0,0.5,0.5,0.0,0.5,0.0,0.0,0.5,0.0,0.0,0.5,0.5,0.5,0.5,0.0,0.0,0.0
State: w17, Alice: ['e1', 'e2'], Bob: ['e1', 'e2'], Long Bob: e2, Transform: f10;0.0,0.5,0.0,0.0,0.5,0.0,0.5,0.5,0.5,0.0,0.5,0.5,0.0,0.5,0.0,0.0,0.0,0.5,0.5,0.0,0.5,0.0,0.0,0.5,0.5,0.0,0.0,0.5,0.0,0.5,0.5,0.0
State: w17, Alice: ['e1', 'e2'], Bob: ['e2', 'e1'], Long Bob: e2, Transform: f10;0.5,0.0,0.0,0.0,0.0,0.5,0.5,0.5,0.0,0.5,0.5,0.5,0.5,0.0,0.0,0.0,0.0,0.5,0.5,0.0,0.5,0.0,0.0,0.5,0.5,0.0,0.0,0.5,0.0,0.5,0.5,0.0
State: w17, Alice: ['e2', 'e1'], Bob: ['e1', 'e2'], Long Bob: e2, Transform: f10;0.0,0.0,0.0,0.5,0.5,0.5,0.5,0.0,0.5,0.5,0.5,0.0,0.0,0.0,0.0,0.5,0.5,0.0,0.0,0.5,0.0,0.5,0.5,0.0,0.0,0.5,0.5,0.0,0.5,0.0,0.0,0.5
State: w17, Alice: ['e2', 'e1'], Bob: ['e2', 'e1'], Long Bob: e2, Transform: f10;0.0,0.0,0.5,0.0,0.5,0.5,0.0,0.5,0.5,0.5,0.0,0.5,0.0,0.0,0.5,0.0,0.5,0.0,0.0,0.5,0.0,0.5,0.5,0.0,0.0,0.5,0.5,0.0,0.5,0.0,0.0,0.5
State: w17, Alice: ['e1', 'e2'], Bob: ['e1', 'e2'], Long Bob: e2, Transform: f12;0.0,0.5,0.0,0.0,0.5,0.0,0.5,0.5,0.5,0.0,0.5,0.5,0.0,0.5,0.0,0.0,0.0,0.5,0.0,0.0,0.5,0.0,0.5,0.5,0.0,0.0,0.0,0.5,0.5,0.5,0.5,0.0
State: w17, Alice: ['e1', 'e2'], Bob: ['e2', 'e1'], Long Bob: e2, Transform: f12;0.5,0.0,0.0,0.0,0.0,0.5,0.5,0.5,0.0,0.5,0.5,0.5,0.5,0.0,0.0,0.0,0.0,0.5,0.0,0.0,0.5,0.0,0.5,0.5,0.0,0.0,0.0,0.5,0.5,0.5,0.5,0.0
State: w17, Alice: ['e2', 'e1'], Bob: ['e1', 'e2'], Long Bob: e2, Transform: f12;0.0,0.0,0.0,0.5,0.5,0.5,0.5,0.0,0.5,0.5,0.5,0.0,0.0,0.0,0.0,0.5,0.0,0.0,0.0,0.5,0.5,0.5,0.5,0.0,0.0,0.5,0.0,0.0,0.5,0.0,0.5,0.5
State: w17, Alice: ['e2', 'e1'], Bob: ['e2', 'e1'], Long Bob: e2, Transform: f12;0.0,0.0,0.5,0.0,0.5,0.5,0.0,0.5,0.5,0.5,0.0,0.5,0.0,0.0,0.5,0.0,0.0,0.0,0.0,0.5,0.5,0.5,0.5,0.0,0.0,0.5,0.0,0.0,0.5,0.0,0.5,0.5
State: w17, Alice: ['e1', 'e2'], Bob: ['e1', 'e2'], Long Bob: e2, Transform: f13;0.0,0.5,0.0,0.0,0.5,0.0,0.5,0.5,0.5,0.0,0.5,0.5,0.0,0.5,0.0,0.0,0.0,0.0,0.5,0.5,0.5,0.5,0.0,0.0,0.5,0.5,0.0,0.0,0.0,0.0,0.5,0.5
State: w17, Alice: ['e1', 'e2'], Bob: ['e2', 'e1'], Long Bob: e2, Transform: f13;0.5,0.0,0.0,0.0,0.0,0.5,0.5,0.5,0.0,0.5,0.5,0.5,0.5,0.0,0.0,0.0,0.0,0.0,0.5,0.5,0.5,0.5,0.0,0.0,0.5,0.5,0.0,0.0,0.0,0.0,0.5,0.5
State: w17, Alice: ['e2', 'e1'], Bob: ['e1', 'e2'], Long Bob: e2, Transform: f13;0.0,0.0,0.0,0.5,0.5,0.5,0.5,0.0,0.5,0.5,0.5,0.0,0.0,0.0,0.0,0.5,0.5,0.5,0.0,0.0,0.0,0.0,0.5,0.5,0.0,0.0,0.5,0.5,0.5,0.5,0.0,0.0
State: w17, Alice: ['e2', 'e1'], Bob: ['e2', 'e1'], Long Bob: e2, Transform: f13;0.0,0.0,0.5,0.0,0.5,0.5,0.0,0.5,0.5,0.5,0.0,0.5,0.0,0.0,0.5,0.0,0.5,0.5,0.0,0.0,0.0,0.0,0.5,0.5,0.0,0.0,0.5,0.5,0.5,0.5,0.0,0.0
State: w17, Alice: ['e1', 'e2'], Bob: ['e1', 'e2'], Long Bob: e2, Transform: f14;0.0,0.5,0.0,0.0,0.5,0.0,0.5,0.5,0.5,0.0,0.5,0.5,0.0,0.5,0.0,0.0,0.0,0.0,0.5,0.0,0.5,0.5,0.0,0.5,0.5,0.0,0.0,0.0,0.0,0.5,0.5,0.5
State: w17, Alice: ['e1', 'e2'], Bob: ['e2', 'e1'], Long Bob: e2, Transform: f14;0.5,0.0,0.0,0.0,0.0,0.5,0.5,0.5,0.0,0.5,0.5,0.5,0.5,0.0,0.0,0.0,0.0,0.0,0.5,0.0,0.5,0.5,0.0,0.5,0.5,0.0,0.0,0.0,0.0,0.5,0.5,0.5
State: w17, Alice: ['e2', 'e1'], Bob: ['e1', 'e2'], Long Bob: e2, Transform: f14;0.0,0.0,0.0,0.5,0.5,0.5,0.5,0.0,0.5,0.5,0.5,0.0,0.0,0.0,0.0,0.5,0.5,0.0,0.0,0.0,0.0,0.5,0.5,0.5,0.0,0.0,0.5,0.0,0.5,0.5,0.0,0.5
State: w17, Alice: ['e2', 'e1'], Bob: ['e2', 'e1'], Long Bob: e2, Transform: f14;0.0,0.0,0.5,0.0,0.5,0.5,0.0,0.5,0.5,0.5,0.0,0.5,0.0,0.0,0.5,0.0,0.5,0.0,0.0,0.0,0.0,0.5,0.5,0.5,0.0,0.0,0.5,0.0,0.5,0.5,0.0,0.5
State: w17, Alice: ['e1', 'e2'], Bob: ['e1', 'e2'], Long Bob: e2, Transform: f15;0.0,0.5,0.0,0.0,0.5,0.0,0.5,0.5,0.5,0.0,0.5,0.5,0.0,0.5,0.0,0.0,0.0,0.0,0.0,0.5,0.5,0.5,0.5,0.0,0.0,0.5,0.0,0.0,0.5,0.0,0.5,0.5
State: w17, Alice: ['e1', 'e2'], Bob: ['e2', 'e1'], Long Bob: e2, Transform: f15;0.5,0.0,0.0,0.0,0.0,0.5,0.5,0.5,0.0,0.5,0.5,0.5,0.5,0.0,0.0,0.0,0.0,0.0,0.0,0.5,0.5,0.5,0.5,0.0,0.0,0.5,0.0,0.0,0.5,0.0,0.5,0.5
State: w17, Alice: ['e2', 'e1'], Bob: ['e1', 'e2'], Long Bob: e2, Transform: f15;0.0,0.0,0.0,0.5,0.5,0.5,0.5,0.0,0.5,0.5,0.5,0.0,0.0,0.0,0.0,0.5,0.0,0.5,0.0,0.0,0.5,0.0,0.5,0.5,0.0,0.0,0.0,0.5,0.5,0.5,0.5,0.0
State: w17, Alice: ['e2', 'e1'], Bob: ['e2', 'e1'], Long Bob: e2, Transform: f15;0.0,0.0,0.5,0.0,0.5,0.5,0.0,0.5,0.5,0.5,0.0,0.5,0.0,0.0,0.5,0.0,0.0,0.5,0.0,0.0,0.5,0.0,0.5,0.5,0.0,0.0,0.0,0.5,0.5,0.5,0.5,0.0
State: w17, Alice: ['e1', 'e2'], Bob: ['e1', 'e3'], Long Bob: e2, Transform: f2;0.0,0.5,0.0,0.5,0.5,0.0,0.5,0.0,0.5,0.0,0.5,0.0,0.0,0.5,0.0,0.5,0.5,0.5,0.5,0.0,0.0,0.0,0.0,0.5,0.5,0.0,0.5,0.5,0.0,0.5,0.0,0.0
State: w17, Alice: ['e1', 'e2'], Bob: ['e3', 'e1'], Long Bob: e2, Transform: f2;0.5,0.0,0.5,0.0,0.0,0.5,0.0,0.5,0.0,0.5,0.0,0.5,0.5,0.0,0.5,0.0,0.5,0.5,0.5,0.0,0.0,0.0,0.0,0.5,0.5,0.0,0.5,0.5,0.0,0.5,0.0,0.0
State: w17, Alice: ['e2', 'e1'], Bob: ['e1', 'e3'], Long Bob: e2, Transform: f2;0.0,0.5,0.0,0.5,0.5,0.0,0.5,0.0,0.5,0.0,0.5,0.0,0.0,0.5,0.0,0.5,0.5,0.0,0.5,0.5,0.0,0.5,0.0,0.0,0.5,0.5,0.5,0.0,0.0,0.0,0.0,0.5
State: w17, Alice: ['e2', 'e1'], Bob: ['e3', 'e1'], Long Bob: e2, Transform: f2;0.5,0.0,0.5,0.0,0.0,0.5,0.0,0.5,0.0,0.5,0.0,0.5,0.5,0.0,0.5,0.0,0.5,0.0,0.5,0.5,0.0,0.5,0.0,0.0,0.5,0.5,0.5,0.0,0.0,0.0,0.0,0.5
State: w17, Alice: ['e1', 'e2'], Bob: ['e1', 'e3'], Long Bob: e2, Transform: f3;0.0,0.5,0.0,0.5,0.5,0.0,0.5,0.0,0.5,0.0,0.5,0.0,0.0,0.5,0.0,0.5,0.5,0.5,0.0,0.5,0.0,0.0,0.5,0.0,0.0,0.5,0.5,0.5,0.5,0.0,0.0,0.0
State: w17, Alice: ['e1', 'e2'], Bob: ['e3', 'e1'], Long Bob: e2, Transform: f3;0.5,0.0,0.5,0.0,0.0,0.5,0.0,0.5,0.0,0.5,0.0,0.5,0.5,0.0,0.5,0.0,0.5,0.5,0.0,0.5,0.0,0.0,0.5,0.0,0.0,0.5,0.5,0.5,0.5,0.0,0.0,0.0
State: w17, Alice: ['e2', 'e1'], Bob: ['e1', 'e3'], Long Bob: e2, Transform: f3;0.0,0.5,0.0,0.5,0.5,0.0,0.5,0.0,0.5,0.0,0.5,0.0,0.0,0.5,0.0,0.5,0.0,0.5,0.5,0.5,0.5,0.0,0.0,0.0,0.5,0.5,0.0,0.5,0.0,0.0,0.5,0.0
State: w17, Alice: ['e2', 'e1'], Bob: ['e3', 'e1'], Long Bob: e2, Transform: f3;0.5,0.0,0.5,0.0,0.0,0.5,0.0,0.5,0.0,0.5,0.0,0.5,0.5,0.0,0.5,0.0,0.0,0.5,0.5,0.5,0.5,0.0,0.0,0.0,0.5,0.5,0.0,0.5,0.0,0.0,0.5,0.0
State: w17, Alice: ['e1', 'e2'], Bob: ['e1', 'e3'], Long Bob: e2, Transform: f4;0.0,0.5,0.0,0.5,0.5,0.0,0.5,0.0,0.5,0.0,0.5,0.0,0.0,0.5,0.0,0.5,0.5,0.5,0.0,0.0,0.0,0.0,0.5,0.5,0.0,0.0,0.5,0.5,0.5,0.5,0.0,0.0
State: w17, Alice: ['e1', 'e2'], Bob: ['e3', 'e1'], Long Bob: e2, Transform: f4;0.5,0.0,0.5,0.0,0.0,0.5,0.0,0.5,0.0,0.5,0.0,0.5,0.5,0.0,0.5,0.0,0.5,0.5,0.0,0.0,0.0,0.0,0.5,0.5,0.0,0.0,0.5,0.5,0.5,0.5,0.0,0.0
State: w17, Alice: ['e2', 'e1'], Bob: ['e1', 'e3'], Long Bob: e2, Transform: f4;0.0,0.5,0.0,0.5,0.5,0.0,0.5,0.0,0.5,0.0,0.5,0.0,0.0,0.5,0.0,0.5,0.0,0.0,0.5,0.5,0.5,0.5,0.0,0.0,0.5,0.5,0.0,0.0,0.0,0.0,0.5,0.5
State: w17, Alice: ['e2', 'e1'], Bob: ['e3', 'e1'], Long Bob: e2, Transform: f4;0.5,0.0,0.5,0.0,0.0,0.5,0.0,0.5,0.0,0.5,0.0,0.5,0.5,0.0,0.5,0.0,0.0,0.0,0.5,0.5,0.5,0.5,0.0,0.0,0.5,0.5,0.0,0.0,0.0,0.0,0.5,0.5
State: w17, Alice: ['e1', 'e2'], Bob: ['e1', 'e3'], Long Bob: e2, Transform: f7;0.0,0.5,0.0,0.5,0.5,0.0,0.5,0.0,0.5,0.0,0.5,0.0,0.0,0.5,0.0,0.5,0.5,0.0,0.0,0.5,0.0,0.5,0.5,0.0,0.0,0.5,0.5,0.0,0.5,0.0,0.0,0.5
State: w17, Alice: ['e1', 'e2'], Bob: ['e3', 'e1'], Long Bob: e2, Transform: f7;0.5,0.0,0.5,0.0,0.0,0.5,0.0,0.5,0.0,0.5,0.0,0.5,0.5,0.0,0.5,0.0,0.5,0.0,0.0,0.5,0.0,0.5,0.5,0.0,0.0,0.5,0.5,0.0,0.5,0.0,0.0,0.5
State: w17, Alice: ['e2', 'e1'], Bob: ['e1', 'e3'], Long Bob: e2, Transform: f7;0.0,0.5,0.0,0.5,0.5,0.0,0.5,0.0,0.5,0.0,0.5,0.0,0.0,0.5,0.0,0.5,0.0,0.5,0.5,0.0,0.5,0.0,0.0,0.5,0.5,0.0,0.0,0.5,0.0,0.5,0.5,0.0
State: w17, Alice: ['e2', 'e1'], Bob: ['e3', 'e1'], Long Bob: e2, Transform: f7;0.5,0.0,0.5,0.0,0.0,0.5,0.0,0.5,0.0,0.5,0.0,0.5,0.5,0.0,0.5,0.0,0.0,0.5,0.5,0.0,0.5,0.0,0.0,0.5,0.5,0.0,0.0,0.5,0.0,0.5,0.5,0.0
State: w17, Alice: ['e1', 'e2'], Bob: ['e1', 'e3'], Long Bob: e2, Transform: f8;0.0,0.5,0.0,0.5,0.5,0.0,0.5,0.0,0.5,0.0,0.5,0.0,0.0,0.5,0.0,0.5,0.5,0.0,0.0,0.0,0.0,0.5,0.5,0.5,0.0,0.0,0.5,0.0,0.5,0.5,0.0,0.5
State: w17, Alice: ['e1', 'e2'], Bob: ['e3', 'e1'], Long Bob: e2, Transform: f8;0.5,0.0,0.5,0.0,0.0,0.5,0.0,0.5,0.0,0.5,0.0,0.5,0.5,0.0,0.5,0.0,0.5,0.0,0.0,0.0,0.0,0.5,0.5,0.5,0.0,0.0,0.5,0.0,0.5,0.5,0.0,0.5
State: w17, Alice: ['e2', 'e1'], Bob: ['e1', 'e3'], Long Bob: e2, Transform: f8;0.0,0.5,0.0,0.5,0.5,0.0,0.5,0.0,0.5,0.0,0.5,0.0,0.0,0.5,0.0,0.5,0.0,0.0,0.5,0.0,0.5,0.5,0.0,0.5,0.5,0.0,0.0,0.0,0.0,0.5,0.5,0.5
State: w17, Alice: ['e2', 'e1'], Bob: ['e3', 'e1'], Long Bob: e2, Transform: f8;0.5,0.0,0.5,0.0,0.0,0.5,0.0,0.5,0.0,0.5,0.0,0.5,0.5,0.0,0.5,0.0,0.0,0.0,0.5,0.0,0.5,0.5,0.0,0.5,0.5,0.0,0.0,0.0,0.0,0.5,0.5,0.5
State: w17, Alice: ['e1', 'e2'], Bob: ['e1', 'e3'], Long Bob: e2, Transform: f12;0.0,0.5,0.0,0.5,0.5,0.0,0.5,0.0,0.5,0.0,0.5,0.0,0.0,0.5,0.0,0.5,0.0,0.5,0.0,0.0,0.5,0.0,0.5,0.5,0.0,0.0,0.0,0.5,0.5,0.5,0.5,0.0
State: w17, Alice: ['e1', 'e2'], Bob: ['e3', 'e1'], Long Bob: e2, Transform: f12;0.5,0.0,0.5,0.0,0.0,0.5,0.0,0.5,0.0,0.5,0.0,0.5,0.5,0.0,0.5,0.0,0.0,0.5,0.0,0.0,0.5,0.0,0.5,0.5,0.0,0.0,0.0,0.5,0.5,0.5,0.5,0.0
State: w17, Alice: ['e2', 'e1'], Bob: ['e1', 'e3'], Long Bob: e2, Transform: f12;0.0,0.5,0.0,0.5,0.5,0.0,0.5,0.0,0.5,0.0,0.5,0.0,0.0,0.5,0.0,0.5,0.0,0.0,0.0,0.5,0.5,0.5,0.5,0.0,0.0,0.5,0.0,0.0,0.5,0.0,0.5,0.5
State: w17, Alice: ['e2', 'e1'], Bob: ['e3', 'e1'], Long Bob: e2, Transform: f12;0.5,0.0,0.5,0.0,0.0,0.5,0.0,0.5,0.0,0.5,0.0,0.5,0.5,0.0,0.5,0.0,0.0,0.0,0.0,0.5,0.5,0.5,0.5,0.0,0.0,0.5,0.0,0.0,0.5,0.0,0.5,0.5
State: w17, Alice: ['e1', 'e2'], Bob: ['e2', 'e2'], Long Bob: u, Transform: f1;0.5,0.5,0.0,0.0,0.0,0.0,0.5,0.5,0.0,0.0,0.5,0.5,0.5,0.5,0.0,0.0,0.5,0.5,0.5,0.5,0.0,0.0,0.0,0.0,0.5,0.5,0.5,0.5,0.0,0.0,0.0,0.0
State: w17, Alice: ['e2', 'e1'], Bob: ['e2', 'e2'], Long Bob: u, Transform: f1;0.0,0.0,0.5,0.5,0.5,0.5,0.0,0.0,0.5,0.5,0.0,0.0,0.0,0.0,0.5,0.5,0.5,0.5,0.5,0.5,0.0,0.0,0.0,0.0,0.5,0.5,0.5,0.5,0.0,0.0,0.0,0.0
State: w17, Alice: ['e1', 'e2'], Bob: ['e2', 'e2'], Long Bob: u, Transform: f5;0.5,0.5,0.0,0.0,0.0,0.0,0.5,0.5,0.0,0.0,0.5,0.5,0.5,0.5,0.0,0.0,0.5,0.0,0.5,0.0,0.0,0.5,0.0,0.5,0.5,0.0,0.5,0.0,0.0,0.5,0.0,0.5
State: w17, Alice: ['e2', 'e1'], Bob: ['e2', 'e2'], Long Bob: u, Transform: f5;0.0,0.0,0.5,0.5,0.5,0.5,0.0,0.0,0.5,0.5,0.0,0.0,0.0,0.0,0.5,0.5,0.5,0.0,0.5,0.0,0.0,0.5,0.0,0.5,0.5,0.0,0.5,0.0,0.0,0.5,0.0,0.5
State: w17, Alice: ['e1', 'e2'], Bob: ['e2', 'e2'], Long Bob: u, Transform: f9;0.5,0.5,0.0,0.0,0.0,0.0,0.5,0.5,0.0,0.0,0.5,0.5,0.5,0.5,0.0,0.0,0.0,0.5,0.0,0.5,0.5,0.0,0.5,0.0,0.0,0.5,0.0,0.5,0.5,0.0,0.5,0.0
State: w17, Alice: ['e2', 'e1'], Bob: ['e2', 'e2'], Long Bob: u, Transform: f9;0.0,0.0,0.5,0.5,0.5,0.5,0.0,0.0,0.5,0.5,0.0,0.0,0.0,0.0,0.5,0.5,0.0,0.5,0.0,0.5,0.5,0.0,0.5,0.0,0.0,0.5,0.0,0.5,0.5,0.0,0.5,0.0
State: w17, Alice: ['e1', 'e2'], Bob: ['e2', 'e2'], Long Bob: u, Transform: f13;0.5,0.5,0.0,0.0,0.0,0.0,0.5,0.5,0.0,0.0,0.5,0.5,0.5,0.5,0.0,0.0,0.0,0.0,0.0,0.0,0.5,0.5,0.5,0.5,0.0,0.0,0.0,0.0,0.5,0.5,0.5,0.5
State: w17, Alice: ['e2', 'e1'], Bob: ['e2', 'e2'], Long Bob: u, Transform: f13;0.0,0.0,0.5,0.5,0.5,0.5,0.0,0.0,0.5,0.5,0.0,0.0,0.0,0.0,0.5,0.5,0.0,0.0,0.0,0.0,0.5,0.5,0.5,0.5,0.0,0.0,0.0,0.0,0.5,0.5,0.5,0.5
State: w17, Alice: ['e1', 'e2'], Bob: ['e2', 'e2'], Long Bob: e1, Transform: f2;0.5,0.5,0.0,0.0,0.0,0.0,0.5,0.5,0.0,0.0,0.5,0.5,0.5,0.5,0.0,0.0,0.5,0.0,0.5,0.0,0.0,0.5,0.0,0.5,0.5,0.5,0.5,0.5,0.0,0.0,0.0,0.0
State: w17, Alice: ['e2', 'e1'], Bob: ['e2', 'e2'], Long Bob: e1, Transform: f2;0.0,0.0,0.5,0.5,0.5,0.5,0.0,0.0,0.5,0.5,0.0,0.0,0.0,0.0,0.5,0.5,0.5,0.0,0.5,0.0,0.0,0.5,0.0,0.5,0.5,0.5,0.5,0.5,0.0,0.0,0.0,0.0
State: w17, Alice: ['e1', 'e2'], Bob: ['e2', 'e2'], Long Bob: e1, Transform: f3;0.5,0.5,0.0,0.0,0.0,0.0,0.5,0.5,0.0,0.0,0.5,0.5,0.5,0.5,0.0,0.0,0.0,0.5,0.0,0.5,0.5,0.0,0.5,0.0,0.5,0.5,0.5,0.5,0.0,0.0,0.0,0.0
State: w17, Alice: ['e2', 'e1'], Bob: ['e2', 'e2'], Long Bob: e1, Transform: f3;0.0,0.0,0.5,0.5,0.5,0.5,0.0,0.0,0.5,0.5,0.0,0.0,0.0,0.0,0.5,0.5,0.0,0.5,0.0,0.5,0.5,0.0,0.5,0.0,0.5,0.5,0.5,0.5,0.0,0.0,0.0,0.0
State: w17, Alice: ['e1', 'e2'], Bob: ['e2', 'e2'], Long Bob: e1, Transform: f4;0.5,0.5,0.0,0.0,0.0,0.0,0.5,0.5,0.0,0.0,0.5,0.5,0.5,0.5,0.0,0.0,0.0,0.0,0.0,0.0,0.5,0.5,0.5,0.5,0.5,0.5,0.5,0.5,0.0,0.0,0.0,0.0
State: w17, Alice: ['e2', 'e1'], Bob: ['e2', 'e2'], Long Bob: e1, Transform: f4;0.0,0.0,0.5,0.5,0.5,0.5,0.0,0.0,0.5,0.5,0.0,0.0,0.0,0.0,0.5,0.5,0.0,0.0,0.0,0.0,0.5,0.5,0.5,0.5,0.5,0.5,0.5,0.5,0.0,0.0,0.0,0.0
State: w17, Alice: ['e1', 'e2'], Bob: ['e2', 'e2'], Long Bob: e1, Transform: f5;0.5,0.5,0.0,0.0,0.0,0.0,0.5,0.5,0.0,0.0,0.5,0.5,0.5,0.5,0.0,0.0,0.5,0.5,0.5,0.5,0.0,0.0,0.0,0.0,0.5,0.0,0.5,0.0,0.0,0.5,0.0,0.5
State: w17, Alice: ['e2', 'e1'], Bob: ['e2', 'e2'], Long Bob: e1, Transform: f5;0.0,0.0,0.5,0.5,0.5,0.5,0.0,0.0,0.5,0.5,0.0,0.0,0.0,0.0,0.5,0.5,0.5,0.5,0.5,0.5,0.0,0.0,0.0,0.0,0.5,0.0,0.5,0.0,0.0,0.5,0.0,0.5
State: w17, Alice: ['e1', 'e2'], Bob: ['e2', 'e2'], Long Bob: e1, Transform: f7;0.5,0.5,0.0,0.0,0.0,0.0,0.5,0.5,0.0,0.0,0.5,0.5,0.5,0.5,0.0,0.0,0.0,0.5,0.0,0.5,0.5,0.0,0.5,0.0,0.5,0.0,0.5,0.0,0.0,0.5,0.0,0.5
State: w17, Alice: ['e2', 'e1'], Bob: ['e2', 'e2'], Long Bob: e1, Transform: f7;0.0,0.0,0.5,0.5,0.5,0.5,0.0,0.0,0.5,0.5,0.0,0.0,0.0,0.0,0.5,0.5,0.0,0.5,0.0,0.5,0.5,0.0,0.5,0.0,0.5,0.0,0.5,0.0,0.0,0.5,0.0,0.5
State: w17, Alice: ['e1', 'e2'], Bob: ['e2', 'e2'], Long Bob: e1, Transform: f8;0.5,0.5,0.0,0.0,0.0,0.0,0.5,0.5,0.0,0.0,0.5,0.5,0.5,0.5,0.0,0.0,0.0,0.0,0.0,0.0,0.5,0.5,0.5,0.5,0.5,0.0,0.5,0.0,0.0,0.5,0.0,0.5
State: w17, Alice: ['e2', 'e1'], Bob: ['e2', 'e2'], Long Bob: e1, Transform: f8;0.0,0.0,0.5,0.5,0.5,0.5,0.0,0.0,0.5,0.5,0.0,0.0,0.0,0.0,0.5,0.5,0.0,0.0,0.0,0.0,0.5,0.5,0.5,0.5,0.5,0.0,0.5,0.0,0.0,0.5,0.0,0.5
State: w17, Alice: ['e1', 'e2'], Bob: ['e2', 'e2'], Long Bob: e1, Transform: f9;0.5,0.5,0.0,0.0,0.0,0.0,0.5,0.5,0.0,0.0,0.5,0.5,0.5,0.5,0.0,0.0,0.5,0.5,0.5,0.5,0.0,0.0,0.0,0.0,0.0,0.5,0.0,0.5,0.5,0.0,0.5,0.0
State: w17, Alice: ['e2', 'e1'], Bob: ['e2', 'e2'], Long Bob: e1, Transform: f9;0.0,0.0,0.5,0.5,0.5,0.5,0.0,0.0,0.5,0.5,0.0,0.0,0.0,0.0,0.5,0.5,0.5,0.5,0.5,0.5,0.0,0.0,0.0,0.0,0.0,0.5,0.0,0.5,0.5,0.0,0.5,0.0
State: w17, Alice: ['e1', 'e2'], Bob: ['e2', 'e2'], Long Bob: e1, Transform: f10;0.5,0.5,0.0,0.0,0.0,0.0,0.5,0.5,0.0,0.0,0.5,0.5,0.5,0.5,0.0,0.0,0.5,0.0,0.5,0.0,0.0,0.5,0.0,0.5,0.0,0.5,0.0,0.5,0.5,0.0,0.5,0.0
State: w17, Alice: ['e2', 'e1'], Bob: ['e2', 'e2'], Long Bob: e1, Transform: f10;0.0,0.0,0.5,0.5,0.5,0.5,0.0,0.0,0.5,0.5,0.0,0.0,0.0,0.0,0.5,0.5,0.5,0.0,0.5,0.0,0.0,0.5,0.0,0.5,0.0,0.5,0.0,0.5,0.5,0.0,0.5,0.0
State: w17, Alice: ['e1', 'e2'], Bob: ['e2', 'e2'], Long Bob: e1, Transform: f12;0.5,0.5,0.0,0.0,0.0,0.0,0.5,0.5,0.0,0.0,0.5,0.5,0.5,0.5,0.0,0.0,0.0,0.0,0.0,0.0,0.5,0.5,0.5,0.5,0.0,0.5,0.0,0.5,0.5,0.0,0.5,0.0
State: w17, Alice: ['e2', 'e1'], Bob: ['e2', 'e2'], Long Bob: e1, Transform: f12;0.0,0.0,0.5,0.5,0.5,0.5,0.0,0.0,0.5,0.5,0.0,0.0,0.0,0.0,0.5,0.5,0.0,0.0,0.0,0.0,0.5,0.5,0.5,0.5,0.0,0.5,0.0,0.5,0.5,0.0,0.5,0.0
State: w17, Alice: ['e1', 'e2'], Bob: ['e2', 'e2'], Long Bob: e1, Transform: f13;0.5,0.5,0.0,0.0,0.0,0.0,0.5,0.5,0.0,0.0,0.5,0.5,0.5,0.5,0.0,0.0,0.5,0.5,0.5,0.5,0.0,0.0,0.0,0.0,0.0,0.0,0.0,0.0,0.5,0.5,0.5,0.5
State: w17, Alice: ['e2', 'e1'], Bob: ['e2', 'e2'], Long Bob: e1, Transform: f13;0.0,0.0,0.5,0.5,0.5,0.5,0.0,0.0,0.5,0.5,0.0,0.0,0.0,0.0,0.5,0.5,0.5,0.5,0.5,0.5,0.0,0.0,0.0,0.0,0.0,0.0,0.0,0.0,0.5,0.5,0.5,0.5
State: w17, Alice: ['e1', 'e2'], Bob: ['e2', 'e2'], Long Bob: e1, Transform: f14;0.5,0.5,0.0,0.0,0.0,0.0,0.5,0.5,0.0,0.0,0.5,0.5,0.5,0.5,0.0,0.0,0.5,0.0,0.5,0.0,0.0,0.5,0.0,0.5,0.0,0.0,0.0,0.0,0.5,0.5,0.5,0.5
State: w17, Alice: ['e2', 'e1'], Bob: ['e2', 'e2'], Long Bob: e1, Transform: f14;0.0,0.0,0.5,0.5,0.5,0.5,0.0,0.0,0.5,0.5,0.0,0.0,0.0,0.0,0.5,0.5,0.5,0.0,0.5,0.0,0.0,0.5,0.0,0.5,0.0,0.0,0.0,0.0,0.5,0.5,0.5,0.5
State: w17, Alice: ['e1', 'e2'], Bob: ['e2', 'e2'], Long Bob: e1, Transform: f15;0.5,0.5,0.0,0.0,0.0,0.0,0.5,0.5,0.0,0.0,0.5,0.5,0.5,0.5,0.0,0.0,0.0,0.5,0.0,0.5,0.5,0.0,0.5,0.0,0.0,0.0,0.0,0.0,0.5,0.5,0.5,0.5
State: w17, Alice: ['e2', 'e1'], Bob: ['e2', 'e2'], Long Bob: e1, Transform: f15;0.0,0.0,0.5,0.5,0.5,0.5,0.0,0.0,0.5,0.5,0.0,0.0,0.0,0.0,0.5,0.5,0.0,0.5,0.0,0.5,0.5,0.0,0.5,0.0,0.0,0.0,0.0,0.0,0.5,0.5,0.5,0.5
State: w17, Alice: ['e1', 'e2'], Bob: ['e2', 'e2'], Long Bob: e2, Transform: f2;0.5,0.5,0.0,0.0,0.0,0.0,0.5,0.5,0.0,0.0,0.5,0.5,0.5,0.5,0.0,0.0,0.5,0.5,0.5,0.0,0.0,0.0,0.0,0.5,0.5,0.0,0.5,0.5,0.0,0.5,0.0,0.0
State: w17, Alice: ['e2', 'e1'], Bob: ['e2', 'e2'], Long Bob: e2, Transform: f2;0.0,0.0,0.5,0.5,0.5,0.5,0.0,0.0,0.5,0.5,0.0,0.0,0.0,0.0,0.5,0.5,0.5,0.0,0.5,0.5,0.0,0.5,0.0,0.0,0.5,0.5,0.5,0.0,0.0,0.0,0.0,0.5
State: w17, Alice: ['e1', 'e2'], Bob: ['e2', 'e2'], Long Bob: e2, Transform: f3;0.5,0.5,0.0,0.0,0.0,0.0,0.5,0.5,0.0,0.0,0.5,0.5,0.5,0.5,0.0,0.0,0.5,0.5,0.0,0.5,0.0,0.0,0.5,0.0,0.0,0.5,0.5,0.5,0.5,0.0,0.0,0.0
State: w17, Alice: ['e2', 'e1'], Bob: ['e2', 'e2'], Long Bob: e2, Transform: f3;0.0,0.0,0.5,0.5,0.5,0.5,0.0,0.0,0.5,0.5,0.0,0.0,0.0,0.0,0.5,0.5,0.0,0.5,0.5,0.5,0.5,0.0,0.0,0.0,0.5,0.5,0.0,0.5,0.0,0.0,0.5,0.0
State: w17, Alice: ['e1', 'e2'], Bob: ['e2', 'e2'], Long Bob: e2, Transform: f4;0.5,0.5,0.0,0.0,0.0,0.0,0.5,0.5,0.0,0.0,0.5,0.5,0.5,0.5,0.0,0.0,0.5,0.5,0.0,0.0,0.0,0.0,0.5,0.5,0.0,0.0,0.5,0.5,0.5,0.5,0.0,0.0
State: w17, Alice: ['e2', 'e1'], Bob: ['e2', 'e2'], Long Bob: e2, Transform: f4;0.0,0.0,0.5,0.5,0.5,0.5,0.0,0.0,0.5,0.5,0.0,0.0,0.0,0.0,0.5,0.5,0.0,0.0,0.5,0.5,0.5,0.5,0.0,0.0,0.5,0.5,0.0,0.0,0.0,0.0,0.5,0.5
State: w17, Alice: ['e1', 'e2'], Bob: ['e2', 'e2'], Long Bob: e2, Transform: f5;0.5,0.5,0.0,0.0,0.0,0.0,0.5,0.5,0.0,0.0,0.5,0.5,0.5,0.5,0.0,0.0,0.5,0.0,0.5,0.5,0.0,0.5,0.0,0.0,0.5,0.5,0.5,0.0,0.0,0.0,0.0,0.5
State: w17, Alice: ['e2', 'e1'], Bob: ['e2', 'e2'], Long Bob: e2, Transform: f5;0.0,0.0,0.5,0.5,0.5,0.5,0.0,0.0,0.5,0.5,0.0,0.0,0.0,0.0,0.5,0.5,0.5,0.5,0.5,0.0,0.0,0.0,0.0,0.5,0.5,0.0,0.5,0.5,0.0,0.5,0.0,0.0
State: w17, Alice: ['e1', 'e2'], Bob: ['e2', 'e2'], Long Bob: e2, Transform: f7;0.5,0.5,0.0,0.0,0.0,0.0,0.5,0.5,0.0,0.0,0.5,0.5,0.5,0.5,0.0,0.0,0.5,0.0,0.0,0.5,0.0,0.5,0.5,0.0,0.0,0.5,0.5,0.0,0.5,0.0,0.0,0.5
State: w17, Alice: ['e2', 'e1'], Bob: ['e2', 'e2'], Long Bob: e2, Transform: f7;0.0,0.0,0.5,0.5,0.5,0.5,0.0,0.0,0.5,0.5,0.0,0.0,0.0,0.0,0.5,0.5,0.0,0.5,0.5,0.0,0.5,0.0,0.0,0.5,0.5,0.0,0.0,0.5,0.0,0.5,0.5,0.0
State: w17, Alice: ['e1', 'e2'], Bob: ['e2', 'e2'], Long Bob: e2, Transform: f8;0.5,0.5,0.0,0.0,0.0,0.0,0.5,0.5,0.0,0.0,0.5,0.5,0.5,0.5,0.0,0.0,0.5,0.0,0.0,0.0,0.0,0.5,0.5,0.5,0.0,0.0,0.5,0.0,0.5,0.5,0.0,0.5
State: w17, Alice: ['e2', 'e1'], Bob: ['e2', 'e2'], Long Bob: e2, Transform: f8;0.0,0.0,0.5,0.5,0.5,0.5,0.0,0.0,0.5,0.5,0.0,0.0,0.0,0.0,0.5,0.5,0.0,0.0,0.5,0.0,0.5,0.5,0.0,0.5,0.5,0.0,0.0,0.0,0.0,0.5,0.5,0.5
State: w17, Alice: ['e1', 'e2'], Bob: ['e2', 'e2'], Long Bob: e2, Transform: f9;0.5,0.5,0.0,0.0,0.0,0.0,0.5,0.5,0.0,0.0,0.5,0.5,0.5,0.5,0.0,0.0,0.0,0.5,0.5,0.5,0.5,0.0,0.0,0.0,0.5,0.5,0.0,0.5,0.0,0.0,0.5,0.0
State: w17, Alice: ['e2', 'e1'], Bob: ['e2', 'e2'], Long Bob: e2, Transform: f9;0.0,0.0,0.5,0.5,0.5,0.5,0.0,0.0,0.5,0.5,0.0,0.0,0.0,0.0,0.5,0.5,0.5,0.5,0.0,0.5,0.0,0.0,0.5,0.0,0.0,0.5,0.5,0.5,0.5,0.0,0.0,0.0
State: w17, Alice: ['e1', 'e2'], Bob: ['e2', 'e2'], Long Bob: e2, Transform: f10;0.5,0.5,0.0,0.0,0.0,0.0,0.5,0.5,0.0,0.0,0.5,0.5,0.5,0.5,0.0,0.0,0.0,0.5,0.5,0.0,0.5,0.0,0.0,0.5,0.5,0.0,0.0,0.5,0.0,0.5,0.5,0.0
State: w17, Alice: ['e2', 'e1'], Bob: ['e2', 'e2'], Long Bob: e2, Transform: f10;0.0,0.0,0.5,0.5,0.5,0.5,0.0,0.0,0.5,0.5,0.0,0.0,0.0,0.0,0.5,0.5,0.5,0.0,0.0,0.5,0.0,0.5,0.5,0.0,0.0,0.5,0.5,0.0,0.5,0.0,0.0,0.5
State: w17, Alice: ['e1', 'e2'], Bob: ['e2', 'e2'], Long Bob: e2, Transform: f12;0.5,0.5,0.0,0.0,0.0,0.0,0.5,0.5,0.0,0.0,0.5,0.5,0.5,0.5,0.0,0.0,0.0,0.5,0.0,0.0,0.5,0.0,0.5,0.5,0.0,0.0,0.0,0.5,0.5,0.5,0.5,0.0
State: w17, Alice: ['e2', 'e1'], Bob: ['e2', 'e2'], Long Bob: e2, Transform: f12;0.0,0.0,0.5,0.5,0.5,0.5,0.0,0.0,0.5,0.5,0.0,0.0,0.0,0.0,0.5,0.5,0.0,0.0,0.0,0.5,0.5,0.5,0.5,0.0,0.0,0.5,0.0,0.0,0.5,0.0,0.5,0.5
State: w17, Alice: ['e1', 'e2'], Bob: ['e2', 'e2'], Long Bob: e2, Transform: f13;0.5,0.5,0.0,0.0,0.0,0.0,0.5,0.5,0.0,0.0,0.5,0.5,0.5,0.5,0.0,0.0,0.0,0.0,0.5,0.5,0.5,0.5,0.0,0.0,0.5,0.5,0.0,0.0,0.0,0.0,0.5,0.5
State: w17, Alice: ['e2', 'e1'], Bob: ['e2', 'e2'], Long Bob: e2, Transform: f13;0.0,0.0,0.5,0.5,0.5,0.5,0.0,0.0,0.5,0.5,0.0,0.0,0.0,0.0,0.5,0.5,0.5,0.5,0.0,0.0,0.0,0.0,0.5,0.5,0.0,0.0,0.5,0.5,0.5,0.5,0.0,0.0
State: w17, Alice: ['e1', 'e2'], Bob: ['e2', 'e2'], Long Bob: e2, Transform: f14;0.5,0.5,0.0,0.0,0.0,0.0,0.5,0.5,0.0,0.0,0.5,0.5,0.5,0.5,0.0,0.0,0.0,0.0,0.5,0.0,0.5,0.5,0.0,0.5,0.5,0.0,0.0,0.0,0.0,0.5,0.5,0.5
State: w17, Alice: ['e2', 'e1'], Bob: ['e2', 'e2'], Long Bob: e2, Transform: f14;0.0,0.0,0.5,0.5,0.5,0.5,0.0,0.0,0.5,0.5,0.0,0.0,0.0,0.0,0.5,0.5,0.5,0.0,0.0,0.0,0.0,0.5,0.5,0.5,0.0,0.0,0.5,0.0,0.5,0.5,0.0,0.5
State: w17, Alice: ['e1', 'e2'], Bob: ['e2', 'e2'], Long Bob: e2, Transform: f15;0.5,0.5,0.0,0.0,0.0,0.0,0.5,0.5,0.0,0.0,0.5,0.5,0.5,0.5,0.0,0.0,0.0,0.0,0.0,0.5,0.5,0.5,0.5,0.0,0.0,0.5,0.0,0.0,0.5,0.0,0.5,0.5
State: w17, Alice: ['e2', 'e1'], Bob: ['e2', 'e2'], Long Bob: e2, Transform: f15;0.0,0.0,0.5,0.5,0.5,0.5,0.0,0.0,0.5,0.5,0.0,0.0,0.0,0.0,0.5,0.5,0.0,0.5,0.0,0.0,0.5,0.0,0.5,0.5,0.0,0.0,0.0,0.5,0.5,0.5,0.5,0.0
State: w17, Alice: ['e1', 'e2'], Bob: ['e2', 'e3'], Long Bob: u, Transform: f1;0.5,0.5,0.0,0.5,0.0,0.0,0.5,0.0,0.0,0.0,0.5,0.0,0.5,0.5,0.0,0.5,0.5,0.5,0.5,0.5,0.0,0.0,0.0,0.0,0.5,0.5,0.5,0.5,0.0,0.0,0.0,0.0
State: w17, Alice: ['e1', 'e2'], Bob: ['e3', 'e2'], Long Bob: u, Transform: f1;0.5,0.5,0.5,0.0,0.0,0.0,0.0,0.5,0.0,0.0,0.0,0.5,0.5,0.5,0.5,0.0,0.5,0.5,0.5,0.5,0.0,0.0,0.0,0.0,0.5,0.5,0.5,0.5,0.0,0.0,0.0,0.0
State: w17, Alice: ['e2', 'e1'], Bob: ['e2', 'e3'], Long Bob: u, Transform: f1;0.0,0.5,0.5,0.5,0.5,0.0,0.0,0.0,0.5,0.0,0.0,0.0,0.0,0.5,0.5,0.5,0.5,0.5,0.5,0.5,0.0,0.0,0.0,0.0,0.5,0.5,0.5,0.5,0.0,0.0,0.0,0.0
State: w17, Alice: ['e2', 'e1'], Bob: ['e3', 'e2'], Long Bob: u, Transform: f1;0.5,0.0,0.5,0.5,0.0,0.5,0.0,0.0,0.0,0.5,0.0,0.0,0.5,0.0,0.5,0.5,0.5,0.5,0.5,0.5,0.0,0.0,0.0,0.0,0.5,0.5,0.5,0.5,0.0,0.0,0.0,0.0
State: w17, Alice: ['e1', 'e2'], Bob: ['e2', 'e3'], Long Bob: u, Transform: f5;0.5,0.5,0.0,0.5,0.0,0.0,0.5,0.0,0.0,0.0,0.5,0.0,0.5,0.5,0.0,0.5,0.5,0.0,0.5,0.0,0.0,0.5,0.0,0.5,0.5,0.0,0.5,0.0,0.0,0.5,0.0,0.5
State: w17, Alice: ['e1', 'e2'], Bob: ['e3', 'e2'], Long Bob: u, Transform: f5;0.5,0.5,0.5,0.0,0.0,0.0,0.0,0.5,0.0,0.0,0.0,0.5,0.5,0.5,0.5,0.0,0.5,0.0,0.5,0.0,0.0,0.5,0.0,0.5,0.5,0.0,0.5,0.0,0.0,0.5,0.0,0.5
State: w17, Alice: ['e2', 'e1'], Bob: ['e2', 'e3'], Long Bob: u, Transform: f5;0.0,0.5,0.5,0.5,0.5,0.0,0.0,0.0,0.5,0.0,0.0,0.0,0.0,0.5,0.5,0.5,0.5,0.0,0.5,0.0,0.0,0.5,0.0,0.5,0.5,0.0,0.5,0.0,0.0,0.5,0.0,0.5
State: w17, Alice: ['e2', 'e1'], Bob: ['e3', 'e2'], Long Bob: u, Transform: f5;0.5,0.0,0.5,0.5,0.0,0.5,0.0,0.0,0.0,0.5,0.0,0.0,0.5,0.0,0.5,0.5,0.5,0.0,0.5,0.0,0.0,0.5,0.0,0.5,0.5,0.0,0.5,0.0,0.0,0.5,0.0,0.5
State: w17, Alice: ['e1', 'e2'], Bob: ['e2', 'e3'], Long Bob: u, Transform: f9;0.5,0.5,0.0,0.5,0.0,0.0,0.5,0.0,0.0,0.0,0.5,0.0,0.5,0.5,0.0,0.5,0.0,0.5,0.0,0.5,0.5,0.0,0.5,0.0,0.0,0.5,0.0,0.5,0.5,0.0,0.5,0.0
State: w17, Alice: ['e1', 'e2'], Bob: ['e3', 'e2'], Long Bob: u, Transform: f9;0.5,0.5,0.5,0.0,0.0,0.0,0.0,0.5,0.0,0.0,0.0,0.5,0.5,0.5,0.5,0.0,0.0,0.5,0.0,0.5,0.5,0.0,0.5,0.0,0.0,0.5,0.0,0.5,0.5,0.0,0.5,0.0
State: w17, Alice: ['e2', 'e1'], Bob: ['e2', 'e3'], Long Bob: u, Transform: f9;0.0,0.5,0.5,0.5,0.5,0.0,0.0,0.0,0.5,0.0,0.0,0.0,0.0,0.5,0.5,0.5,0.0,0.5,0.0,0.5,0.5,0.0,0.5,0.0,0.0,0.5,0.0,0.5,0.5,0.0,0.5,0.0
State: w17, Alice: ['e2', 'e1'], Bob: ['e3', 'e2'], Long Bob: u, Transform: f9;0.5,0.0,0.5,0.5,0.0,0.5,0.0,0.0,0.0,0.5,0.0,0.0,0.5,0.0,0.5,0.5,0.0,0.5,0.0,0.5,0.5,0.0,0.5,0.0,0.0,0.5,0.0,0.5,0.5,0.0,0.5,0.0
State: w17, Alice: ['e1', 'e2'], Bob: ['e2', 'e3'], Long Bob: u, Transform: f13;0.5,0.5,0.0,0.5,0.0,0.0,0.5,0.0,0.0,0.0,0.5,0.0,0.5,0.5,0.0,0.5,0.0,0.0,0.0,0.0,0.5,0.5,0.5,0.5,0.0,0.0,0.0,0.0,0.5,0.5,0.5,0.5
State: w17, Alice: ['e1', 'e2'], Bob: ['e3', 'e2'], Long Bob: u, Transform: f13;0.5,0.5,0.5,0.0,0.0,0.0,0.0,0.5,0.0,0.0,0.0,0.5,0.5,0.5,0.5,0.0,0.0,0.0,0.0,0.0,0.5,0.5,0.5,0.5,0.0,0.0,0.0,0.0,0.5,0.5,0.5,0.5
State: w17, Alice: ['e2', 'e1'], Bob: ['e2', 'e3'], Long Bob: u, Transform: f13;0.0,0.5,0.5,0.5,0.5,0.0,0.0,0.0,0.5,0.0,0.0,0.0,0.0,0.5,0.5,0.5,0.0,0.0,0.0,0.0,0.5,0.5,0.5,0.5,0.0,0.0,0.0,0.0,0.5,0.5,0.5,0.5
State: w17, Alice: ['e2', 'e1'], Bob: ['e3', 'e2'], Long Bob: u, Transform: f13;0.5,0.0,0.5,0.5,0.0,0.5,0.0,0.0,0.0,0.5,0.0,0.0,0.5,0.0,0.5,0.5,0.0,0.0,0.0,0.0,0.5,0.5,0.5,0.5,0.0,0.0,0.0,0.0,0.5,0.5,0.5,0.5
State: w17, Alice: ['e1', 'e2'], Bob: ['e2', 'e3'], Long Bob: e1, Transform: f2;0.5,0.5,0.0,0.5,0.0,0.0,0.5,0.0,0.0,0.0,0.5,0.0,0.5,0.5,0.0,0.5,0.5,0.0,0.5,0.0,0.0,0.5,0.0,0.5,0.5,0.5,0.5,0.5,0.0,0.0,0.0,0.0
State: w17, Alice: ['e1', 'e2'], Bob: ['e3', 'e2'], Long Bob: e1, Transform: f2;0.5,0.5,0.5,0.0,0.0,0.0,0.0,0.5,0.0,0.0,0.0,0.5,0.5,0.5,0.5,0.0,0.5,0.0,0.5,0.0,0.0,0.5,0.0,0.5,0.5,0.5,0.5,0.5,0.0,0.0,0.0,0.0
State: w17, Alice: ['e2', 'e1'], Bob: ['e2', 'e3'], Long Bob: e1, Transform: f2;0.0,0.5,0.5,0.5,0.5,0.0,0.0,0.0,0.5,0.0,0.0,0.0,0.0,0.5,0.5,0.5,0.5,0.0,0.5,0.0,0.0,0.5,0.0,0.5,0.5,0.5,0.5,0.5,0.0,0.0,0.0,0.0
State: w17, Alice: ['e2', 'e1'], Bob: ['e3', 'e2'], Long Bob: e1, Transform: f2;0.5,0.0,0.5,0.5,0.0,0.5,0.0,0.0,0.0,0.5,0.0,0.0,0.5,0.0,0.5,0.5,0.5,0.0,0.5,0.0,0.0,0.5,0.0,0.5,0.5,0.5,0.5,0.5,0.0,0.0,0.0,0.0
State: w17, Alice: ['e1', 'e2'], Bob: ['e2', 'e3'], Long Bob: e1, Transform: f3;0.5,0.5,0.0,0.5,0.0,0.0,0.5,0.0,0.0,0.0,0.5,0.0,0.5,0.5,0.0,0.5,0.0,0.5,0.0,0.5,0.5,0.0,0.5,0.0,0.5,0.5,0.5,0.5,0.0,0.0,0.0,0.0
State: w17, Alice: ['e1', 'e2'], Bob: ['e3', 'e2'], Long Bob: e1, Transform: f3;0.5,0.5,0.5,0.0,0.0,0.0,0.0,0.5,0.0,0.0,0.0,0.5,0.5,0.5,0.5,0.0,0.0,0.5,0.0,0.5,0.5,0.0,0.5,0.0,0.5,0.5,0.5,0.5,0.0,0.0,0.0,0.0
State: w17, Alice: ['e2', 'e1'], Bob: ['e2', 'e3'], Long Bob: e1, Transform: f3;0.0,0.5,0.5,0.5,0.5,0.0,0.0,0.0,0.5,0.0,0.0,0.0,0.0,0.5,0.5,0.5,0.0,0.5,0.0,0.5,0.5,0.0,0.5,0.0,0.5,0.5,0.5,0.5,0.0,0.0,0.0,0.0
State: w17, Alice: ['e2', 'e1'], Bob: ['e3', 'e2'], Long Bob: e1, Transform: f3;0.5,0.0,0.5,0.5,0.0,0.5,0.0,0.0,0.0,0.5,0.0,0.0,0.5,0.0,0.5,0.5,0.0,0.5,0.0,0.5,0.5,0.0,0.5,0.0,0.5,0.5,0.5,0.5,0.0,0.0,0.0,0.0
State: w17, Alice: ['e1', 'e2'], Bob: ['e2', 'e3'], Long Bob: e1, Transform: f4;0.5,0.5,0.0,0.5,0.0,0.0,0.5,0.0,0.0,0.0,0.5,0.0,0.5,0.5,0.0,0.5,0.0,0.0,0.0,0.0,0.5,0.5,0.5,0.5,0.5,0.5,0.5,0.5,0.0,0.0,0.0,0.0
State: w17, Alice: ['e1', 'e2'], Bob: ['e3', 'e2'], Long Bob: e1, Transform: f4;0.5,0.5,0.5,0.0,0.0,0.0,0.0,0.5,0.0,0.0,0.0,0.5,0.5,0.5,0.5,0.0,0.0,0.0,0.0,0.0,0.5,0.5,0.5,0.5,0.5,0.5,0.5,0.5,0.0,0.0,0.0,0.0
State: w17, Alice: ['e2', 'e1'], Bob: ['e2', 'e3'], Long Bob: e1, Transform: f4;0.0,0.5,0.5,0.5,0.5,0.0,0.0,0.0,0.5,0.0,0.0,0.0,0.0,0.5,0.5,0.5,0.0,0.0,0.0,0.0,0.5,0.5,0.5,0.5,0.5,0.5,0.5,0.5,0.0,0.0,0.0,0.0
State: w17, Alice: ['e2', 'e1'], Bob: ['e3', 'e2'], Long Bob: e1, Transform: f4;0.5,0.0,0.5,0.5,0.0,0.5,0.0,0.0,0.0,0.5,0.0,0.0,0.5,0.0,0.5,0.5,0.0,0.0,0.0,0.0,0.5,0.5,0.5,0.5,0.5,0.5,0.5,0.5,0.0,0.0,0.0,0.0
State: w17, Alice: ['e1', 'e2'], Bob: ['e2', 'e3'], Long Bob: e1, Transform: f5;0.5,0.5,0.0,0.5,0.0,0.0,0.5,0.0,0.0,0.0,0.5,0.0,0.5,0.5,0.0,0.5,0.5,0.5,0.5,0.5,0.0,0.0,0.0,0.0,0.5,0.0,0.5,0.0,0.0,0.5,0.0,0.5
State: w17, Alice: ['e1', 'e2'], Bob: ['e3', 'e2'], Long Bob: e1, Transform: f5;0.5,0.5,0.5,0.0,0.0,0.0,0.0,0.5,0.0,0.0,0.0,0.5,0.5,0.5,0.5,0.0,0.5,0.5,0.5,0.5,0.0,0.0,0.0,0.0,0.5,0.0,0.5,0.0,0.0,0.5,0.0,0.5
State: w17, Alice: ['e2', 'e1'], Bob: ['e2', 'e3'], Long Bob: e1, Transform: f5;0.0,0.5,0.5,0.5,0.5,0.0,0.0,0.0,0.5,0.0,0.0,0.0,0.0,0.5,0.5,0.5,0.5,0.5,0.5,0.5,0.0,0.0,0.0,0.0,0.5,0.0,0.5,0.0,0.0,0.5,0.0,0.5
State: w17, Alice: ['e2', 'e1'], Bob: ['e3', 'e2'], Long Bob: e1, Transform: f5;0.5,0.0,0.5,0.5,0.0,0.5,0.0,0.0,0.0,0.5,0.0,0.0,0.5,0.0,0.5,0.5,0.5,0.5,0.5,0.5,0.0,0.0,0.0,0.0,0.5,0.0,0.5,0.0,0.0,0.5,0.0,0.5
State: w17, Alice: ['e1', 'e2'], Bob: ['e2', 'e3'], Long Bob: e1, Transform: f7;0.5,0.5,0.0,0.5,0.0,0.0,0.5,0.0,0.0,0.0,0.5,0.0,0.5,0.5,0.0,0.5,0.0,0.5,0.0,0.5,0.5,0.0,0.5,0.0,0.5,0.0,0.5,0.0,0.0,0.5,0.0,0.5
State: w17, Alice: ['e1', 'e2'], Bob: ['e3', 'e2'], Long Bob: e1, Transform: f7;0.5,0.5,0.5,0.0,0.0,0.0,0.0,0.5,0.0,0.0,0.0,0.5,0.5,0.5,0.5,0.0,0.0,0.5,0.0,0.5,0.5,0.0,0.5,0.0,0.5,0.0,0.5,0.0,0.0,0.5,0.0,0.5
State: w17, Alice: ['e2', 'e1'], Bob: ['e2', 'e3'], Long Bob: e1, Transform: f7;0.0,0.5,0.5,0.5,0.5,0.0,0.0,0.0,0.5,0.0,0.0,0.0,0.0,0.5,0.5,0.5,0.0,0.5,0.0,0.5,0.5,0.0,0.5,0.0,0.5,0.0,0.5,0.0,0.0,0.5,0.0,0.5
State: w17, Alice: ['e2', 'e1'], Bob: ['e3', 'e2'], Long Bob: e1, Transform: f7;0.5,0.0,0.5,0.5,0.0,0.5,0.0,0.0,0.0,0.5,0.0,0.0,0.5,0.0,0.5,0.5,0.0,0.5,0.0,0.5,0.5,0.0,0.5,0.0,0.5,0.0,0.5,0.0,0.0,0.5,0.0,0.5
State: w17, Alice: ['e1', 'e2'], Bob: ['e2', 'e3'], Long Bob: e1, Transform: f8;0.5,0.5,0.0,0.5,0.0,0.0,0.5,0.0,0.0,0.0,0.5,0.0,0.5,0.5,0.0,0.5,0.0,0.0,0.0,0.0,0.5,0.5,0.5,0.5,0.5,0.0,0.5,0.0,0.0,0.5,0.0,0.5
State: w17, Alice: ['e1', 'e2'], Bob: ['e3', 'e2'], Long Bob: e1, Transform: f8;0.5,0.5,0.5,0.0,0.0,0.0,0.0,0.5,0.0,0.0,0.0,0.5,0.5,0.5,0.5,0.0,0.0,0.0,0.0,0.0,0.5,0.5,0.5,0.5,0.5,0.0,0.5,0.0,0.0,0.5,0.0,0.5
State: w17, Alice: ['e2', 'e1'], Bob: ['e2', 'e3'], Long Bob: e1, Transform: f8;0.0,0.5,0.5,0.5,0.5,0.0,0.0,0.0,0.5,0.0,0.0,0.0,0.0,0.5,0.5,0.5,0.0,0.0,0.0,0.0,0.5,0.5,0.5,0.5,0.5,0.0,0.5,0.0,0.0,0.5,0.0,0.5
State: w17, Alice: ['e2', 'e1'], Bob: ['e3', 'e2'], Long Bob: e1, Transform: f8;0.5,0.0,0.5,0.5,0.0,0.5,0.0,0.0,0.0,0.5,0.0,0.0,0.5,0.0,0.5,0.5,0.0,0.0,0.0,0.0,0.5,0.5,0.5,0.5,0.5,0.0,0.5,0.0,0.0,0.5,0.0,0.5
State: w17, Alice: ['e1', 'e2'], Bob: ['e2', 'e3'], Long Bob: e1, Transform: f9;0.5,0.5,0.0,0.5,0.0,0.0,0.5,0.0,0.0,0.0,0.5,0.0,0.5,0.5,0.0,0.5,0.5,0.5,0.5,0.5,0.0,0.0,0.0,0.0,0.0,0.5,0.0,0.5,0.5,0.0,0.5,0.0
State: w17, Alice: ['e1', 'e2'], Bob: ['e3', 'e2'], Long Bob: e1, Transform: f9;0.5,0.5,0.5,0.0,0.0,0.0,0.0,0.5,0.0,0.0,0.0,0.5,0.5,0.5,0.5,0.0,0.5,0.5,0.5,0.5,0.0,0.0,0.0,0.0,0.0,0.5,0.0,0.5,0.5,0.0,0.5,0.0
State: w17, Alice: ['e2', 'e1'], Bob: ['e2', 'e3'], Long Bob: e1, Transform: f9;0.0,0.5,0.5,0.5,0.5,0.0,0.0,0.0,0.5,0.0,0.0,0.0,0.0,0.5,0.5,0.5,0.5,0.5,0.5,0.5,0.0,0.0,0.0,0.0,0.0,0.5,0.0,0.5,0.5,0.0,0.5,0.0
State: w17, Alice: ['e2', 'e1'], Bob: ['e3', 'e2'], Long Bob: e1, Transform: f9;0.5,0.0,0.5,0.5,0.0,0.5,0.0,0.0,0.0,0.5,0.0,0.0,0.5,0.0,0.5,0.5,0.5,0.5,0.5,0.5,0.0,0.0,0.0,0.0,0.0,0.5,0.0,0.5,0.5,0.0,0.5,0.0
State: w17, Alice: ['e1', 'e2'], Bob: ['e2', 'e3'], Long Bob: e1, Transform: f10;0.5,0.5,0.0,0.5,0.0,0.0,0.5,0.0,0.0,0.0,0.5,0.0,0.5,0.5,0.0,0.5,0.5,0.0,0.5,0.0,0.0,0.5,0.0,0.5,0.0,0.5,0.0,0.5,0.5,0.0,0.5,0.0
State: w17, Alice: ['e1', 'e2'], Bob: ['e3', 'e2'], Long Bob: e1, Transform: f10;0.5,0.5,0.5,0.0,0.0,0.0,0.0,0.5,0.0,0.0,0.0,0.5,0.5,0.5,0.5,0.0,0.5,0.0,0.5,0.0,0.0,0.5,0.0,0.5,0.0,0.5,0.0,0.5,0.5,0.0,0.5,0.0
State: w17, Alice: ['e2', 'e1'], Bob: ['e2', 'e3'], Long Bob: e1, Transform: f10;0.0,0.5,0.5,0.5,0.5,0.0,0.0,0.0,0.5,0.0,0.0,0.0,0.0,0.5,0.5,0.5,0.5,0.0,0.5,0.0,0.0,0.5,0.0,0.5,0.0,0.5,0.0,0.5,0.5,0.0,0.5,0.0
State: w17, Alice: ['e2', 'e1'], Bob: ['e3', 'e2'], Long Bob: e1, Transform: f10;0.5,0.0,0.5,0.5,0.0,0.5,0.0,0.0,0.0,0.5,0.0,0.0,0.5,0.0,0.5,0.5,0.5,0.0,0.5,0.0,0.0,0.5,0.0,0.5,0.0,0.5,0.0,0.5,0.5,0.0,0.5,0.0
State: w17, Alice: ['e1', 'e2'], Bob: ['e2', 'e3'], Long Bob: e1, Transform: f12;0.5,0.5,0.0,0.5,0.0,0.0,0.5,0.0,0.0,0.0,0.5,0.0,0.5,0.5,0.0,0.5,0.0,0.0,0.0,0.0,0.5,0.5,0.5,0.5,0.0,0.5,0.0,0.5,0.5,0.0,0.5,0.0
State: w17, Alice: ['e1', 'e2'], Bob: ['e3', 'e2'], Long Bob: e1, Transform: f12;0.5,0.5,0.5,0.0,0.0,0.0,0.0,0.5,0.0,0.0,0.0,0.5,0.5,0.5,0.5,0.0,0.0,0.0,0.0,0.0,0.5,0.5,0.5,0.5,0.0,0.5,0.0,0.5,0.5,0.0,0.5,0.0
State: w17, Alice: ['e2', 'e1'], Bob: ['e2', 'e3'], Long Bob: e1, Transform: f12;0.0,0.5,0.5,0.5,0.5,0.0,0.0,0.0,0.5,0.0,0.0,0.0,0.0,0.5,0.5,0.5,0.0,0.0,0.0,0.0,0.5,0.5,0.5,0.5,0.0,0.5,0.0,0.5,0.5,0.0,0.5,0.0
State: w17, Alice: ['e2', 'e1'], Bob: ['e3', 'e2'], Long Bob: e1, Transform: f12;0.5,0.0,0.5,0.5,0.0,0.5,0.0,0.0,0.0,0.5,0.0,0.0,0.5,0.0,0.5,0.5,0.0,0.0,0.0,0.0,0.5,0.5,0.5,0.5,0.0,0.5,0.0,0.5,0.5,0.0,0.5,0.0
State: w17, Alice: ['e1', 'e2'], Bob: ['e2', 'e3'], Long Bob: e1, Transform: f13;0.5,0.5,0.0,0.5,0.0,0.0,0.5,0.0,0.0,0.0,0.5,0.0,0.5,0.5,0.0,0.5,0.5,0.5,0.5,0.5,0.0,0.0,0.0,0.0,0.0,0.0,0.0,0.0,0.5,0.5,0.5,0.5
State: w17, Alice: ['e1', 'e2'], Bob: ['e3', 'e2'], Long Bob: e1, Transform: f13;0.5,0.5,0.5,0.0,0.0,0.0,0.0,0.5,0.0,0.0,0.0,0.5,0.5,0.5,0.5,0.0,0.5,0.5,0.5,0.5,0.0,0.0,0.0,0.0,0.0,0.0,0.0,0.0,0.5,0.5,0.5,0.5
State: w17, Alice: ['e2', 'e1'], Bob: ['e2', 'e3'], Long Bob: e1, Transform: f13;0.0,0.5,0.5,0.5,0.5,0.0,0.0,0.0,0.5,0.0,0.0,0.0,0.0,0.5,0.5,0.5,0.5,0.5,0.5,0.5,0.0,0.0,0.0,0.0,0.0,0.0,0.0,0.0,0.5,0.5,0.5,0.5
State: w17, Alice: ['e2', 'e1'], Bob: ['e3', 'e2'], Long Bob: e1, Transform: f13;0.5,0.0,0.5,0.5,0.0,0.5,0.0,0.0,0.0,0.5,0.0,0.0,0.5,0.0,0.5,0.5,0.5,0.5,0.5,0.5,0.0,0.0,0.0,0.0,0.0,0.0,0.0,0.0,0.5,0.5,0.5,0.5
State: w17, Alice: ['e1', 'e2'], Bob: ['e2', 'e3'], Long Bob: e1, Transform: f14;0.5,0.5,0.0,0.5,0.0,0.0,0.5,0.0,0.0,0.0,0.5,0.0,0.5,0.5,0.0,0.5,0.5,0.0,0.5,0.0,0.0,0.5,0.0,0.5,0.0,0.0,0.0,0.0,0.5,0.5,0.5,0.5
State: w17, Alice: ['e1', 'e2'], Bob: ['e3', 'e2'], Long Bob: e1, Transform: f14;0.5,0.5,0.5,0.0,0.0,0.0,0.0,0.5,0.0,0.0,0.0,0.5,0.5,0.5,0.5,0.0,0.5,0.0,0.5,0.0,0.0,0.5,0.0,0.5,0.0,0.0,0.0,0.0,0.5,0.5,0.5,0.5
State: w17, Alice: ['e2', 'e1'], Bob: ['e2', 'e3'], Long Bob: e1, Transform: f14;0.0,0.5,0.5,0.5,0.5,0.0,0.0,0.0,0.5,0.0,0.0,0.0,0.0,0.5,0.5,0.5,0.5,0.0,0.5,0.0,0.0,0.5,0.0,0.5,0.0,0.0,0.0,0.0,0.5,0.5,0.5,0.5
State: w17, Alice: ['e2', 'e1'], Bob: ['e3', 'e2'], Long Bob: e1, Transform: f14;0.5,0.0,0.5,0.5,0.0,0.5,0.0,0.0,0.0,0.5,0.0,0.0,0.5,0.0,0.5,0.5,0.5,0.0,0.5,0.0,0.0,0.5,0.0,0.5,0.0,0.0,0.0,0.0,0.5,0.5,0.5,0.5
State: w17, Alice: ['e1', 'e2'], Bob: ['e2', 'e3'], Long Bob: e1, Transform: f15;0.5,0.5,0.0,0.5,0.0,0.0,0.5,0.0,0.0,0.0,0.5,0.0,0.5,0.5,0.0,0.5,0.0,0.5,0.0,0.5,0.5,0.0,0.5,0.0,0.0,0.0,0.0,0.0,0.5,0.5,0.5,0.5
State: w17, Alice: ['e1', 'e2'], Bob: ['e3', 'e2'], Long Bob: e1, Transform: f15;0.5,0.5,0.5,0.0,0.0,0.0,0.0,0.5,0.0,0.0,0.0,0.5,0.5,0.5,0.5,0.0,0.0,0.5,0.0,0.5,0.5,0.0,0.5,0.0,0.0,0.0,0.0,0.0,0.5,0.5,0.5,0.5
State: w17, Alice: ['e2', 'e1'], Bob: ['e2', 'e3'], Long Bob: e1, Transform: f15;0.0,0.5,0.5,0.5,0.5,0.0,0.0,0.0,0.5,0.0,0.0,0.0,0.0,0.5,0.5,0.5,0.0,0.5,0.0,0.5,0.5,0.0,0.5,0.0,0.0,0.0,0.0,0.0,0.5,0.5,0.5,0.5
State: w17, Alice: ['e2', 'e1'], Bob: ['e3', 'e2'], Long Bob: e1, Transform: f15;0.5,0.0,0.5,0.5,0.0,0.5,0.0,0.0,0.0,0.5,0.0,0.0,0.5,0.0,0.5,0.5,0.0,0.5,0.0,0.5,0.5,0.0,0.5,0.0,0.0,0.0,0.0,0.0,0.5,0.5,0.5,0.5
State: w17, Alice: ['e1', 'e2'], Bob: ['e2', 'e3'], Long Bob: e2, Transform: f2;0.5,0.5,0.0,0.5,0.0,0.0,0.5,0.0,0.0,0.0,0.5,0.0,0.5,0.5,0.0,0.5,0.5,0.5,0.5,0.0,0.0,0.0,0.0,0.5,0.5,0.0,0.5,0.5,0.0,0.5,0.0,0.0
State: w17, Alice: ['e1', 'e2'], Bob: ['e3', 'e2'], Long Bob: e2, Transform: f2;0.5,0.5,0.5,0.0,0.0,0.0,0.0,0.5,0.0,0.0,0.0,0.5,0.5,0.5,0.5,0.0,0.5,0.5,0.5,0.0,0.0,0.0,0.0,0.5,0.5,0.0,0.5,0.5,0.0,0.5,0.0,0.0
State: w17, Alice: ['e2', 'e1'], Bob: ['e2', 'e3'], Long Bob: e2, Transform: f2;0.0,0.5,0.5,0.5,0.5,0.0,0.0,0.0,0.5,0.0,0.0,0.0,0.0,0.5,0.5,0.5,0.5,0.0,0.5,0.5,0.0,0.5,0.0,0.0,0.5,0.5,0.5,0.0,0.0,0.0,0.0,0.5
State: w17, Alice: ['e2', 'e1'], Bob: ['e3', 'e2'], Long Bob: e2, Transform: f2;0.5,0.0,0.5,0.5,0.0,0.5,0.0,0.0,0.0,0.5,0.0,0.0,0.5,0.0,0.5,0.5,0.5,0.0,0.5,0.5,0.0,0.5,0.0,0.0,0.5,0.5,0.5,0.0,0.0,0.0,0.0,0.5
State: w17, Alice: ['e1', 'e2'], Bob: ['e2', 'e3'], Long Bob: e2, Transform: f3;0.5,0.5,0.0,0.5,0.0,0.0,0.5,0.0,0.0,0.0,0.5,0.0,0.5,0.5,0.0,0.5,0.5,0.5,0.0,0.5,0.0,0.0,0.5,0.0,0.0,0.5,0.5,0.5,0.5,0.0,0.0,0.0
State: w17, Alice: ['e1', 'e2'], Bob: ['e3', 'e2'], Long Bob: e2, Transform: f3;0.5,0.5,0.5,0.0,0.0,0.0,0.0,0.5,0.0,0.0,0.0,0.5,0.5,0.5,0.5,0.0,0.5,0.5,0.0,0.5,0.0,0.0,0.5,0.0,0.0,0.5,0.5,0.5,0.5,0.0,0.0,0.0
State: w17, Alice: ['e2', 'e1'], Bob: ['e2', 'e3'], Long Bob: e2, Transform: f3;0.0,0.5,0.5,0.5,0.5,0.0,0.0,0.0,0.5,0.0,0.0,0.0,0.0,0.5,0.5,0.5,0.0,0.5,0.5,0.5,0.5,0.0,0.0,0.0,0.5,0.5,0.0,0.5,0.0,0.0,0.5,0.0
State: w17, Alice: ['e2', 'e1'], Bob: ['e3', 'e2'], Long Bob: e2, Transform: f3;0.5,0.0,0.5,0.5,0.0,0.5,0.0,0.0,0.0,0.5,0.0,0.0,0.5,0.0,0.5,0.5,0.0,0.5,0.5,0.5,0.5,0.0,0.0,0.0,0.5,0.5,0.0,0.5,0.0,0.0,0.5,0.0
State: w17, Alice: ['e1', 'e2'], Bob: ['e2', 'e3'], Long Bob: e2, Transform: f4;0.5,0.5,0.0,0.5,0.0,0.0,0.5,0.0,0.0,0.0,0.5,0.0,0.5,0.5,0.0,0.5,0.5,0.5,0.0,0.0,0.0,0.0,0.5,0.5,0.0,0.0,0.5,0.5,0.5,0.5,0.0,0.0
State: w17, Alice: ['e1', 'e2'], Bob: ['e3', 'e2'], Long Bob: e2, Transform: f4;0.5,0.5,0.5,0.0,0.0,0.0,0.0,0.5,0.0,0.0,0.0,0.5,0.5,0.5,0.5,0.0,0.5,0.5,0.0,0.0,0.0,0.0,0.5,0.5,0.0,0.0,0.5,0.5,0.5,0.5,0.0,0.0
State: w17, Alice: ['e2', 'e1'], Bob: ['e2', 'e3'], Long Bob: e2, Transform: f4;0.0,0.5,0.5,0.5,0.5,0.0,0.0,0.0,0.5,0.0,0.0,0.0,0.0,0.5,0.5,0.5,0.0,0.0,0.5,0.5,0.5,0.5,0.0,0.0,0.5,0.5,0.0,0.0,0.0,0.0,0.5,0.5
State: w17, Alice: ['e2', 'e1'], Bob: ['e3', 'e2'], Long Bob: e2, Transform: f4;0.5,0.0,0.5,0.5,0.0,0.5,0.0,0.0,0.0,0.5,0.0,0.0,0.5,0.0,0.5,0.5,0.0,0.0,0.5,0.5,0.5,0.5,0.0,0.0,0.5,0.5,0.0,0.0,0.0,0.0,0.5,0.5
State: w17, Alice: ['e1', 'e2'], Bob: ['e2', 'e3'], Long Bob: e2, Transform: f5;0.5,0.5,0.0,0.5,0.0,0.0,0.5,0.0,0.0,0.0,0.5,0.0,0.5,0.5,0.0,0.5,0.5,0.0,0.5,0.5,0.0,0.5,0.0,0.0,0.5,0.5,0.5,0.0,0.0,0.0,0.0,0.5
State: w17, Alice: ['e1', 'e2'], Bob: ['e3', 'e2'], Long Bob: e2, Transform: f5;0.5,0.5,0.5,0.0,0.0,0.0,0.0,0.5,0.0,0.0,0.0,0.5,0.5,0.5,0.5,0.0,0.5,0.0,0.5,0.5,0.0,0.5,0.0,0.0,0.5,0.5,0.5,0.0,0.0,0.0,0.0,0.5
State: w17, Alice: ['e2', 'e1'], Bob: ['e2', 'e3'], Long Bob: e2, Transform: f5;0.0,0.5,0.5,0.5,0.5,0.0,0.0,0.0,0.5,0.0,0.0,0.0,0.0,0.5,0.5,0.5,0.5,0.5,0.5,0.0,0.0,0.0,0.0,0.5,0.5,0.0,0.5,0.5,0.0,0.5,0.0,0.0
State: w17, Alice: ['e2', 'e1'], Bob: ['e3', 'e2'], Long Bob: e2, Transform: f5;0.5,0.0,0.5,0.5,0.0,0.5,0.0,0.0,0.0,0.5,0.0,0.0,0.5,0.0,0.5,0.5,0.5,0.5,0.5,0.0,0.0,0.0,0.0,0.5,0.5,0.0,0.5,0.5,0.0,0.5,0.0,0.0
State: w17, Alice: ['e1', 'e2'], Bob: ['e2', 'e3'], Long Bob: e2, Transform: f7;0.5,0.5,0.0,0.5,0.0,0.0,0.5,0.0,0.0,0.0,0.5,0.0,0.5,0.5,0.0,0.5,0.5,0.0,0.0,0.5,0.0,0.5,0.5,0.0,0.0,0.5,0.5,0.0,0.5,0.0,0.0,0.5
State: w17, Alice: ['e1', 'e2'], Bob: ['e3', 'e2'], Long Bob: e2, Transform: f7;0.5,0.5,0.5,0.0,0.0,0.0,0.0,0.5,0.0,0.0,0.0,0.5,0.5,0.5,0.5,0.0,0.5,0.0,0.0,0.5,0.0,0.5,0.5,0.0,0.0,0.5,0.5,0.0,0.5,0.0,0.0,0.5
State: w17, Alice: ['e2', 'e1'], Bob: ['e2', 'e3'], Long Bob: e2, Transform: f7;0.0,0.5,0.5,0.5,0.5,0.0,0.0,0.0,0.5,0.0,0.0,0.0,0.0,0.5,0.5,0.5,0.0,0.5,0.5,0.0,0.5,0.0,0.0,0.5,0.5,0.0,0.0,0.5,0.0,0.5,0.5,0.0
State: w17, Alice: ['e2', 'e1'], Bob: ['e3', 'e2'], Long Bob: e2, Transform: f7;0.5,0.0,0.5,0.5,0.0,0.5,0.0,0.0,0.0,0.5,0.0,0.0,0.5,0.0,0.5,0.5,0.0,0.5,0.5,0.0,0.5,0.0,0.0,0.5,0.5,0.0,0.0,0.5,0.0,0.5,0.5,0.0
State: w17, Alice: ['e1', 'e2'], Bob: ['e2', 'e3'], Long Bob: e2, Transform: f8;0.5,0.5,0.0,0.5,0.0,0.0,0.5,0.0,0.0,0.0,0.5,0.0,0.5,0.5,0.0,0.5,0.5,0.0,0.0,0.0,0.0,0.5,0.5,0.5,0.0,0.0,0.5,0.0,0.5,0.5,0.0,0.5
State: w17, Alice: ['e1', 'e2'], Bob: ['e3', 'e2'], Long Bob: e2, Transform: f8;0.5,0.5,0.5,0.0,0.0,0.0,0.0,0.5,0.0,0.0,0.0,0.5,0.5,0.5,0.5,0.0,0.5,0.0,0.0,0.0,0.0,0.5,0.5,0.5,0.0,0.0,0.5,0.0,0.5,0.5,0.0,0.5
State: w17, Alice: ['e2', 'e1'], Bob: ['e2', 'e3'], Long Bob: e2, Transform: f8;0.0,0.5,0.5,0.5,0.5,0.0,0.0,0.0,0.5,0.0,0.0,0.0,0.0,0.5,0.5,0.5,0.0,0.0,0.5,0.0,0.5,0.5,0.0,0.5,0.5,0.0,0.0,0.0,0.0,0.5,0.5,0.5
State: w17, Alice: ['e2', 'e1'], Bob: ['e3', 'e2'], Long Bob: e2, Transform: f8;0.5,0.0,0.5,0.5,0.0,0.5,0.0,0.0,0.0,0.5,0.0,0.0,0.5,0.0,0.5,0.5,0.0,0.0,0.5,0.0,0.5,0.5,0.0,0.5,0.5,0.0,0.0,0.0,0.0,0.5,0.5,0.5
State: w17, Alice: ['e1', 'e2'], Bob: ['e2', 'e3'], Long Bob: e2, Transform: f9;0.5,0.5,0.0,0.5,0.0,0.0,0.5,0.0,0.0,0.0,0.5,0.0,0.5,0.5,0.0,0.5,0.0,0.5,0.5,0.5,0.5,0.0,0.0,0.0,0.5,0.5,0.0,0.5,0.0,0.0,0.5,0.0
State: w17, Alice: ['e1', 'e2'], Bob: ['e3', 'e2'], Long Bob: e2, Transform: f9;0.5,0.5,0.5,0.0,0.0,0.0,0.0,0.5,0.0,0.0,0.0,0.5,0.5,0.5,0.5,0.0,0.0,0.5,0.5,0.5,0.5,0.0,0.0,0.0,0.5,0.5,0.0,0.5,0.0,0.0,0.5,0.0
State: w17, Alice: ['e2', 'e1'], Bob: ['e2', 'e3'], Long Bob: e2, Transform: f9;0.0,0.5,0.5,0.5,0.5,0.0,0.0,0.0,0.5,0.0,0.0,0.0,0.0,0.5,0.5,0.5,0.5,0.5,0.0,0.5,0.0,0.0,0.5,0.0,0.0,0.5,0.5,0.5,0.5,0.0,0.0,0.0
State: w17, Alice: ['e2', 'e1'], Bob: ['e3', 'e2'], Long Bob: e2, Transform: f9;0.5,0.0,0.5,0.5,0.0,0.5,0.0,0.0,0.0,0.5,0.0,0.0,0.5,0.0,0.5,0.5,0.5,0.5,0.0,0.5,0.0,0.0,0.5,0.0,0.0,0.5,0.5,0.5,0.5,0.0,0.0,0.0
State: w17, Alice: ['e1', 'e2'], Bob: ['e2', 'e3'], Long Bob: e2, Transform: f10;0.5,0.5,0.0,0.5,0.0,0.0,0.5,0.0,0.0,0.0,0.5,0.0,0.5,0.5,0.0,0.5,0.0,0.5,0.5,0.0,0.5,0.0,0.0,0.5,0.5,0.0,0.0,0.5,0.0,0.5,0.5,0.0
State: w17, Alice: ['e1', 'e2'], Bob: ['e3', 'e2'], Long Bob: e2, Transform: f10;0.5,0.5,0.5,0.0,0.0,0.0,0.0,0.5,0.0,0.0,0.0,0.5,0.5,0.5,0.5,0.0,0.0,0.5,0.5,0.0,0.5,0.0,0.0,0.5,0.5,0.0,0.0,0.5,0.0,0.5,0.5,0.0
State: w17, Alice: ['e2', 'e1'], Bob: ['e2', 'e3'], Long Bob: e2, Transform: f10;0.0,0.5,0.5,0.5,0.5,0.0,0.0,0.0,0.5,0.0,0.0,0.0,0.0,0.5,0.5,0.5,0.5,0.0,0.0,0.5,0.0,0.5,0.5,0.0,0.0,0.5,0.5,0.0,0.5,0.0,0.0,0.5
State: w17, Alice: ['e2', 'e1'], Bob: ['e3', 'e2'], Long Bob: e2, Transform: f10;0.5,0.0,0.5,0.5,0.0,0.5,0.0,0.0,0.0,0.5,0.0,0.0,0.5,0.0,0.5,0.5,0.5,0.0,0.0,0.5,0.0,0.5,0.5,0.0,0.0,0.5,0.5,0.0,0.5,0.0,0.0,0.5
State: w17, Alice: ['e1', 'e2'], Bob: ['e2', 'e3'], Long Bob: e2, Transform: f12;0.5,0.5,0.0,0.5,0.0,0.0,0.5,0.0,0.0,0.0,0.5,0.0,0.5,0.5,0.0,0.5,0.0,0.5,0.0,0.0,0.5,0.0,0.5,0.5,0.0,0.0,0.0,0.5,0.5,0.5,0.5,0.0
State: w17, Alice: ['e1', 'e2'], Bob: ['e3', 'e2'], Long Bob: e2, Transform: f12;0.5,0.5,0.5,0.0,0.0,0.0,0.0,0.5,0.0,0.0,0.0,0.5,0.5,0.5,0.5,0.0,0.0,0.5,0.0,0.0,0.5,0.0,0.5,0.5,0.0,0.0,0.0,0.5,0.5,0.5,0.5,0.0
State: w17, Alice: ['e2', 'e1'], Bob: ['e2', 'e3'], Long Bob: e2, Transform: f12;0.0,0.5,0.5,0.5,0.5,0.0,0.0,0.0,0.5,0.0,0.0,0.0,0.0,0.5,0.5,0.5,0.0,0.0,0.0,0.5,0.5,0.5,0.5,0.0,0.0,0.5,0.0,0.0,0.5,0.0,0.5,0.5
State: w17, Alice: ['e2', 'e1'], Bob: ['e3', 'e2'], Long Bob: e2, Transform: f12;0.5,0.0,0.5,0.5,0.0,0.5,0.0,0.0,0.0,0.5,0.0,0.0,0.5,0.0,0.5,0.5,0.0,0.0,0.0,0.5,0.5,0.5,0.5,0.0,0.0,0.5,0.0,0.0,0.5,0.0,0.5,0.5
State: w17, Alice: ['e1', 'e2'], Bob: ['e2', 'e3'], Long Bob: e2, Transform: f13;0.5,0.5,0.0,0.5,0.0,0.0,0.5,0.0,0.0,0.0,0.5,0.0,0.5,0.5,0.0,0.5,0.0,0.0,0.5,0.5,0.5,0.5,0.0,0.0,0.5,0.5,0.0,0.0,0.0,0.0,0.5,0.5
State: w17, Alice: ['e1', 'e2'], Bob: ['e3', 'e2'], Long Bob: e2, Transform: f13;0.5,0.5,0.5,0.0,0.0,0.0,0.0,0.5,0.0,0.0,0.0,0.5,0.5,0.5,0.5,0.0,0.0,0.0,0.5,0.5,0.5,0.5,0.0,0.0,0.5,0.5,0.0,0.0,0.0,0.0,0.5,0.5
State: w17, Alice: ['e2', 'e1'], Bob: ['e2', 'e3'], Long Bob: e2, Transform: f13;0.0,0.5,0.5,0.5,0.5,0.0,0.0,0.0,0.5,0.0,0.0,0.0,0.0,0.5,0.5,0.5,0.5,0.5,0.0,0.0,0.0,0.0,0.5,0.5,0.0,0.0,0.5,0.5,0.5,0.5,0.0,0.0
State: w17, Alice: ['e2', 'e1'], Bob: ['e3', 'e2'], Long Bob: e2, Transform: f13;0.5,0.0,0.5,0.5,0.0,0.5,0.0,0.0,0.0,0.5,0.0,0.0,0.5,0.0,0.5,0.5,0.5,0.5,0.0,0.0,0.0,0.0,0.5,0.5,0.0,0.0,0.5,0.5,0.5,0.5,0.0,0.0
State: w17, Alice: ['e1', 'e2'], Bob: ['e2', 'e3'], Long Bob: e2, Transform: f14;0.5,0.5,0.0,0.5,0.0,0.0,0.5,0.0,0.0,0.0,0.5,0.0,0.5,0.5,0.0,0.5,0.0,0.0,0.5,0.0,0.5,0.5,0.0,0.5,0.5,0.0,0.0,0.0,0.0,0.5,0.5,0.5
State: w17, Alice: ['e1', 'e2'], Bob: ['e3', 'e2'], Long Bob: e2, Transform: f14;0.5,0.5,0.5,0.0,0.0,0.0,0.0,0.5,0.0,0.0,0.0,0.5,0.5,0.5,0.5,0.0,0.0,0.0,0.5,0.0,0.5,0.5,0.0,0.5,0.5,0.0,0.0,0.0,0.0,0.5,0.5,0.5
State: w17, Alice: ['e2', 'e1'], Bob: ['e2', 'e3'], Long Bob: e2, Transform: f14;0.0,0.5,0.5,0.5,0.5,0.0,0.0,0.0,0.5,0.0,0.0,0.0,0.0,0.5,0.5,0.5,0.5,0.0,0.0,0.0,0.0,0.5,0.5,0.5,0.0,0.0,0.5,0.0,0.5,0.5,0.0,0.5
State: w17, Alice: ['e2', 'e1'], Bob: ['e3', 'e2'], Long Bob: e2, Transform: f14;0.5,0.0,0.5,0.5,0.0,0.5,0.0,0.0,0.0,0.5,0.0,0.0,0.5,0.0,0.5,0.5,0.5,0.0,0.0,0.0,0.0,0.5,0.5,0.5,0.0,0.0,0.5,0.0,0.5,0.5,0.0,0.5
State: w17, Alice: ['e1', 'e2'], Bob: ['e2', 'e3'], Long Bob: e2, Transform: f15;0.5,0.5,0.0,0.5,0.0,0.0,0.5,0.0,0.0,0.0,0.5,0.0,0.5,0.5,0.0,0.5,0.0,0.0,0.0,0.5,0.5,0.5,0.5,0.0,0.0,0.5,0.0,0.0,0.5,0.0,0.5,0.5
State: w17, Alice: ['e1', 'e2'], Bob: ['e3', 'e2'], Long Bob: e2, Transform: f15;0.5,0.5,0.5,0.0,0.0,0.0,0.0,0.5,0.0,0.0,0.0,0.5,0.5,0.5,0.5,0.0,0.0,0.0,0.0,0.5,0.5,0.5,0.5,0.0,0.0,0.5,0.0,0.0,0.5,0.0,0.5,0.5
State: w17, Alice: ['e2', 'e1'], Bob: ['e2', 'e3'], Long Bob: e2, Transform: f15;0.0,0.5,0.5,0.5,0.5,0.0,0.0,0.0,0.5,0.0,0.0,0.0,0.0,0.5,0.5,0.5,0.0,0.5,0.0,0.0,0.5,0.0,0.5,0.5,0.0,0.0,0.0,0.5,0.5,0.5,0.5,0.0
State: w17, Alice: ['e2', 'e1'], Bob: ['e3', 'e2'], Long Bob: e2, Transform: f15;0.5,0.0,0.5,0.5,0.0,0.5,0.0,0.0,0.0,0.5,0.0,0.0,0.5,0.0,0.5,0.5,0.0,0.5,0.0,0.0,0.5,0.0,0.5,0.5,0.0,0.0,0.0,0.5,0.5,0.5,0.5,0.0
State: w17, Alice: ['e1', 'e2'], Bob: ['e2', 'e4'], Long Bob: u, Transform: f1;0.5,0.0,0.0,0.5,0.0,0.5,0.5,0.0,0.0,0.5,0.5,0.0,0.5,0.0,0.0,0.5,0.5,0.5,0.5,0.5,0.0,0.0,0.0,0.0,0.5,0.5,0.5,0.5,0.0,0.0,0.0,0.0
State: w17, Alice: ['e1', 'e2'], Bob: ['e4', 'e2'], Long Bob: u, Transform: f1;0.0,0.5,0.5,0.0,0.5,0.0,0.0,0.5,0.5,0.0,0.0,0.5,0.0,0.5,0.5,0.0,0.5,0.5,0.5,0.5,0.0,0.0,0.0,0.0,0.5,0.5,0.5,0.5,0.0,0.0,0.0,0.0
State: w17, Alice: ['e1', 'e2'], Bob: ['e2', 'e4'], Long Bob: u, Transform: f5;0.5,0.0,0.0,0.5,0.0,0.5,0.5,0.0,0.0,0.5,0.5,0.0,0.5,0.0,0.0,0.5,0.5,0.0,0.5,0.0,0.0,0.5,0.0,0.5,0.5,0.0,0.5,0.0,0.0,0.5,0.0,0.5
State: w17, Alice: ['e1', 'e2'], Bob: ['e4', 'e2'], Long Bob: u, Transform: f5;0.0,0.5,0.5,0.0,0.5,0.0,0.0,0.5,0.5,0.0,0.0,0.5,0.0,0.5,0.5,0.0,0.5,0.0,0.5,0.0,0.0,0.5,0.0,0.5,0.5,0.0,0.5,0.0,0.0,0.5,0.0,0.5
State: w17, Alice: ['e1', 'e2'], Bob: ['e2', 'e4'], Long Bob: u, Transform: f9;0.5,0.0,0.0,0.5,0.0,0.5,0.5,0.0,0.0,0.5,0.5,0.0,0.5,0.0,0.0,0.5,0.0,0.5,0.0,0.5,0.5,0.0,0.5,0.0,0.0,0.5,0.0,0.5,0.5,0.0,0.5,0.0
State: w17, Alice: ['e1', 'e2'], Bob: ['e4', 'e2'], Long Bob: u, Transform: f9;0.0,0.5,0.5,0.0,0.5,0.0,0.0,0.5,0.5,0.0,0.0,0.5,0.0,0.5,0.5,0.0,0.0,0.5,0.0,0.5,0.5,0.0,0.5,0.0,0.0,0.5,0.0,0.5,0.5,0.0,0.5,0.0
State: w17, Alice: ['e1', 'e2'], Bob: ['e2', 'e4'], Long Bob: u, Transform: f13;0.5,0.0,0.0,0.5,0.0,0.5,0.5,0.0,0.0,0.5,0.5,0.0,0.5,0.0,0.0,0.5,0.0,0.0,0.0,0.0,0.5,0.5,0.5,0.5,0.0,0.0,0.0,0.0,0.5,0.5,0.5,0.5
State: w17, Alice: ['e1', 'e2'], Bob: ['e4', 'e2'], Long Bob: u, Transform: f13;0.0,0.5,0.5,0.0,0.5,0.0,0.0,0.5,0.5,0.0,0.0,0.5,0.0,0.5,0.5,0.0,0.0,0.0,0.0,0.0,0.5,0.5,0.5,0.5,0.0,0.0,0.0,0.0,0.5,0.5,0.5,0.5
State: w17, Alice: ['e1', 'e2'], Bob: ['e2', 'e4'], Long Bob: e1, Transform: f2;0.5,0.0,0.0,0.5,0.0,0.5,0.5,0.0,0.0,0.5,0.5,0.0,0.5,0.0,0.0,0.5,0.5,0.0,0.5,0.0,0.0,0.5,0.0,0.5,0.5,0.5,0.5,0.5,0.0,0.0,0.0,0.0
State: w17, Alice: ['e1', 'e2'], Bob: ['e4', 'e2'], Long Bob: e1, Transform: f2;0.0,0.5,0.5,0.0,0.5,0.0,0.0,0.5,0.5,0.0,0.0,0.5,0.0,0.5,0.5,0.0,0.5,0.0,0.5,0.0,0.0,0.5,0.0,0.5,0.5,0.5,0.5,0.5,0.0,0.0,0.0,0.0
State: w17, Alice: ['e1', 'e2'], Bob: ['e2', 'e4'], Long Bob: e1, Transform: f3;0.5,0.0,0.0,0.5,0.0,0.5,0.5,0.0,0.0,0.5,0.5,0.0,0.5,0.0,0.0,0.5,0.0,0.5,0.0,0.5,0.5,0.0,0.5,0.0,0.5,0.5,0.5,0.5,0.0,0.0,0.0,0.0
State: w17, Alice: ['e1', 'e2'], Bob: ['e4', 'e2'], Long Bob: e1, Transform: f3;0.0,0.5,0.5,0.0,0.5,0.0,0.0,0.5,0.5,0.0,0.0,0.5,0.0,0.5,0.5,0.0,0.0,0.5,0.0,0.5,0.5,0.0,0.5,0.0,0.5,0.5,0.5,0.5,0.0,0.0,0.0,0.0
State: w17, Alice: ['e1', 'e2'], Bob: ['e2', 'e4'], Long Bob: e1, Transform: f4;0.5,0.0,0.0,0.5,0.0,0.5,0.5,0.0,0.0,0.5,0.5,0.0,0.5,0.0,0.0,0.5,0.0,0.0,0.0,0.0,0.5,0.5,0.5,0.5,0.5,0.5,0.5,0.5,0.0,0.0,0.0,0.0
State: w17, Alice: ['e1', 'e2'], Bob: ['e4', 'e2'], Long Bob: e1, Transform: f4;0.0,0.5,0.5,0.0,0.5,0.0,0.0,0.5,0.5,0.0,0.0,0.5,0.0,0.5,0.5,0.0,0.0,0.0,0.0,0.0,0.5,0.5,0.5,0.5,0.5,0.5,0.5,0.5,0.0,0.0,0.0,0.0
State: w17, Alice: ['e1', 'e2'], Bob: ['e2', 'e4'], Long Bob: e1, Transform: f5;0.5,0.0,0.0,0.5,0.0,0.5,0.5,0.0,0.0,0.5,0.5,0.0,0.5,0.0,0.0,0.5,0.5,0.5,0.5,0.5,0.0,0.0,0.0,0.0,0.5,0.0,0.5,0.0,0.0,0.5,0.0,0.5
State: w17, Alice: ['e1', 'e2'], Bob: ['e4', 'e2'], Long Bob: e1, Transform: f5;0.0,0.5,0.5,0.0,0.5,0.0,0.0,0.5,0.5,0.0,0.0,0.5,0.0,0.5,0.5,0.0,0.5,0.5,0.5,0.5,0.0,0.0,0.0,0.0,0.5,0.0,0.5,0.0,0.0,0.5,0.0,0.5
State: w17, Alice: ['e1', 'e2'], Bob: ['e2', 'e4'], Long Bob: e1, Transform: f7;0.5,0.0,0.0,0.5,0.0,0.5,0.5,0.0,0.0,0.5,0.5,0.0,0.5,0.0,0.0,0.5,0.0,0.5,0.0,0.5,0.5,0.0,0.5,0.0,0.5,0.0,0.5,0.0,0.0,0.5,0.0,0.5
State: w17, Alice: ['e1', 'e2'], Bob: ['e4', 'e2'], Long Bob: e1, Transform: f7;0.0,0.5,0.5,0.0,0.5,0.0,0.0,0.5,0.5,0.0,0.0,0.5,0.0,0.5,0.5,0.0,0.0,0.5,0.0,0.5,0.5,0.0,0.5,0.0,0.5,0.0,0.5,0.0,0.0,0.5,0.0,0.5
State: w17, Alice: ['e1', 'e2'], Bob: ['e2', 'e4'], Long Bob: e1, Transform: f8;0.5,0.0,0.0,0.5,0.0,0.5,0.5,0.0,0.0,0.5,0.5,0.0,0.5,0.0,0.0,0.5,0.0,0.0,0.0,0.0,0.5,0.5,0.5,0.5,0.5,0.0,0.5,0.0,0.0,0.5,0.0,0.5
State: w17, Alice: ['e1', 'e2'], Bob: ['e4', 'e2'], Long Bob: e1, Transform: f8;0.0,0.5,0.5,0.0,0.5,0.0,0.0,0.5,0.5,0.0,0.0,0.5,0.0,0.5,0.5,0.0,0.0,0.0,0.0,0.0,0.5,0.5,0.5,0.5,0.5,0.0,0.5,0.0,0.0,0.5,0.0,0.5
State: w17, Alice: ['e1', 'e2'], Bob: ['e2', 'e4'], Long Bob: e1, Transform: f9;0.5,0.0,0.0,0.5,0.0,0.5,0.5,0.0,0.0,0.5,0.5,0.0,0.5,0.0,0.0,0.5,0.5,0.5,0.5,0.5,0.0,0.0,0.0,0.0,0.0,0.5,0.0,0.5,0.5,0.0,0.5,0.0
State: w17, Alice: ['e1', 'e2'], Bob: ['e4', 'e2'], Long Bob: e1, Transform: f9;0.0,0.5,0.5,0.0,0.5,0.0,0.0,0.5,0.5,0.0,0.0,0.5,0.0,0.5,0.5,0.0,0.5,0.5,0.5,0.5,0.0,0.0,0.0,0.0,0.0,0.5,0.0,0.5,0.5,0.0,0.5,0.0
State: w17, Alice: ['e1', 'e2'], Bob: ['e2', 'e4'], Long Bob: e1, Transform: f10;0.5,0.0,0.0,0.5,0.0,0.5,0.5,0.0,0.0,0.5,0.5,0.0,0.5,0.0,0.0,0.5,0.5,0.0,0.5,0.0,0.0,0.5,0.0,0.5,0.0,0.5,0.0,0.5,0.5,0.0,0.5,0.0
State: w17, Alice: ['e1', 'e2'], Bob: ['e4', 'e2'], Long Bob: e1, Transform: f10;0.0,0.5,0.5,0.0,0.5,0.0,0.0,0.5,0.5,0.0,0.0,0.5,0.0,0.5,0.5,0.0,0.5,0.0,0.5,0.0,0.0,0.5,0.0,0.5,0.0,0.5,0.0,0.5,0.5,0.0,0.5,0.0
State: w17, Alice: ['e1', 'e2'], Bob: ['e2', 'e4'], Long Bob: e1, Transform: f12;0.5,0.0,0.0,0.5,0.0,0.5,0.5,0.0,0.0,0.5,0.5,0.0,0.5,0.0,0.0,0.5,0.0,0.0,0.0,0.0,0.5,0.5,0.5,0.5,0.0,0.5,0.0,0.5,0.5,0.0,0.5,0.0
State: w17, Alice: ['e1', 'e2'], Bob: ['e4', 'e2'], Long Bob: e1, Transform: f12;0.0,0.5,0.5,0.0,0.5,0.0,0.0,0.5,0.5,0.0,0.0,0.5,0.0,0.5,0.5,0.0,0.0,0.0,0.0,0.0,0.5,0.5,0.5,0.5,0.0,0.5,0.0,0.5,0.5,0.0,0.5,0.0
State: w17, Alice: ['e1', 'e2'], Bob: ['e2', 'e4'], Long Bob: e1, Transform: f13;0.5,0.0,0.0,0.5,0.0,0.5,0.5,0.0,0.0,0.5,0.5,0.0,0.5,0.0,0.0,0.5,0.5,0.5,0.5,0.5,0.0,0.0,0.0,0.0,0.0,0.0,0.0,0.0,0.5,0.5,0.5,0.5
State: w17, Alice: ['e1', 'e2'], Bob: ['e4', 'e2'], Long Bob: e1, Transform: f13;0.0,0.5,0.5,0.0,0.5,0.0,0.0,0.5,0.5,0.0,0.0,0.5,0.0,0.5,0.5,0.0,0.5,0.5,0.5,0.5,0.0,0.0,0.0,0.0,0.0,0.0,0.0,0.0,0.5,0.5,0.5,0.5
State: w17, Alice: ['e1', 'e2'], Bob: ['e2', 'e4'], Long Bob: e1, Transform: f14;0.5,0.0,0.0,0.5,0.0,0.5,0.5,0.0,0.0,0.5,0.5,0.0,0.5,0.0,0.0,0.5,0.5,0.0,0.5,0.0,0.0,0.5,0.0,0.5,0.0,0.0,0.0,0.0,0.5,0.5,0.5,0.5
State: w17, Alice: ['e1', 'e2'], Bob: ['e4', 'e2'], Long Bob: e1, Transform: f14;0.0,0.5,0.5,0.0,0.5,0.0,0.0,0.5,0.5,0.0,0.0,0.5,0.0,0.5,0.5,0.0,0.5,0.0,0.5,0.0,0.0,0.5,0.0,0.5,0.0,0.0,0.0,0.0,0.5,0.5,0.5,0.5
State: w17, Alice: ['e1', 'e2'], Bob: ['e2', 'e4'], Long Bob: e1, Transform: f15;0.5,0.0,0.0,0.5,0.0,0.5,0.5,0.0,0.0,0.5,0.5,0.0,0.5,0.0,0.0,0.5,0.0,0.5,0.0,0.5,0.5,0.0,0.5,0.0,0.0,0.0,0.0,0.0,0.5,0.5,0.5,0.5
State: w17, Alice: ['e1', 'e2'], Bob: ['e4', 'e2'], Long Bob: e1, Transform: f15;0.0,0.5,0.5,0.0,0.5,0.0,0.0,0.5,0.5,0.0,0.0,0.5,0.0,0.5,0.5,0.0,0.0,0.5,0.0,0.5,0.5,0.0,0.5,0.0,0.0,0.0,0.0,0.0,0.5,0.5,0.5,0.5
State: w17, Alice: ['e1', 'e2'], Bob: ['e2', 'e4'], Long Bob: e2, Transform: f2;0.5,0.0,0.0,0.5,0.0,0.5,0.5,0.0,0.0,0.5,0.5,0.0,0.5,0.0,0.0,0.5,0.5,0.5,0.5,0.0,0.0,0.0,0.0,0.5,0.5,0.0,0.5,0.5,0.0,0.5,0.0,0.0
State: w17, Alice: ['e1', 'e2'], Bob: ['e4', 'e2'], Long Bob: e2, Transform: f2;0.0,0.5,0.5,0.0,0.5,0.0,0.0,0.5,0.5,0.0,0.0,0.5,0.0,0.5,0.5,0.0,0.5,0.5,0.5,0.0,0.0,0.0,0.0,0.5,0.5,0.0,0.5,0.5,0.0,0.5,0.0,0.0
State: w17, Alice: ['e2', 'e1'], Bob: ['e2', 'e4'], Long Bob: e2, Transform: f2;0.0,0.5,0.5,0.0,0.5,0.0,0.0,0.5,0.5,0.0,0.0,0.5,0.0,0.5,0.5,0.0,0.5,0.0,0.5,0.5,0.0,0.5,0.0,0.0,0.5,0.5,0.5,0.0,0.0,0.0,0.0,0.5
State: w17, Alice: ['e2', 'e1'], Bob: ['e4', 'e2'], Long Bob: e2, Transform: f2;0.5,0.0,0.0,0.5,0.0,0.5,0.5,0.0,0.0,0.5,0.5,0.0,0.5,0.0,0.0,0.5,0.5,0.0,0.5,0.5,0.0,0.5,0.0,0.0,0.5,0.5,0.5,0.0,0.0,0.0,0.0,0.5
State: w17, Alice: ['e1', 'e2'], Bob: ['e2', 'e4'], Long Bob: e2, Transform: f3;0.5,0.0,0.0,0.5,0.0,0.5,0.5,0.0,0.0,0.5,0.5,0.0,0.5,0.0,0.0,0.5,0.5,0.5,0.0,0.5,0.0,0.0,0.5,0.0,0.0,0.5,0.5,0.5,0.5,0.0,0.0,0.0
State: w17, Alice: ['e1', 'e2'], Bob: ['e4', 'e2'], Long Bob: e2, Transform: f3;0.0,0.5,0.5,0.0,0.5,0.0,0.0,0.5,0.5,0.0,0.0,0.5,0.0,0.5,0.5,0.0,0.5,0.5,0.0,0.5,0.0,0.0,0.5,0.0,0.0,0.5,0.5,0.5,0.5,0.0,0.0,0.0
State: w17, Alice: ['e2', 'e1'], Bob: ['e2', 'e4'], Long Bob: e2, Transform: f3;0.0,0.5,0.5,0.0,0.5,0.0,0.0,0.5,0.5,0.0,0.0,0.5,0.0,0.5,0.5,0.0,0.0,0.5,0.5,0.5,0.5,0.0,0.0,0.0,0.5,0.5,0.0,0.5,0.0,0.0,0.5,0.0
State: w17, Alice: ['e2', 'e1'], Bob: ['e4', 'e2'], Long Bob: e2, Transform: f3;0.5,0.0,0.0,0.5,0.0,0.5,0.5,0.0,0.0,0.5,0.5,0.0,0.5,0.0,0.0,0.5,0.0,0.5,0.5,0.5,0.5,0.0,0.0,0.0,0.5,0.5,0.0,0.5,0.0,0.0,0.5,0.0
State: w17, Alice: ['e1', 'e2'], Bob: ['e2', 'e4'], Long Bob: e2, Transform: f4;0.5,0.0,0.0,0.5,0.0,0.5,0.5,0.0,0.0,0.5,0.5,0.0,0.5,0.0,0.0,0.5,0.5,0.5,0.0,0.0,0.0,0.0,0.5,0.5,0.0,0.0,0.5,0.5,0.5,0.5,0.0,0.0
State: w17, Alice: ['e1', 'e2'], Bob: ['e4', 'e2'], Long Bob: e2, Transform: f4;0.0,0.5,0.5,0.0,0.5,0.0,0.0,0.5,0.5,0.0,0.0,0.5,0.0,0.5,0.5,0.0,0.5,0.5,0.0,0.0,0.0,0.0,0.5,0.5,0.0,0.0,0.5,0.5,0.5,0.5,0.0,0.0
State: w17, Alice: ['e2', 'e1'], Bob: ['e2', 'e4'], Long Bob: e2, Transform: f4;0.0,0.5,0.5,0.0,0.5,0.0,0.0,0.5,0.5,0.0,0.0,0.5,0.0,0.5,0.5,0.0,0.0,0.0,0.5,0.5,0.5,0.5,0.0,0.0,0.5,0.5,0.0,0.0,0.0,0.0,0.5,0.5
State: w17, Alice: ['e2', 'e1'], Bob: ['e4', 'e2'], Long Bob: e2, Transform: f4;0.5,0.0,0.0,0.5,0.0,0.5,0.5,0.0,0.0,0.5,0.5,0.0,0.5,0.0,0.0,0.5,0.0,0.0,0.5,0.5,0.5,0.5,0.0,0.0,0.5,0.5,0.0,0.0,0.0,0.0,0.5,0.5
State: w17, Alice: ['e1', 'e2'], Bob: ['e2', 'e4'], Long Bob: e2, Transform: f7;0.5,0.0,0.0,0.5,0.0,0.5,0.5,0.0,0.0,0.5,0.5,0.0,0.5,0.0,0.0,0.5,0.5,0.0,0.0,0.5,0.0,0.5,0.5,0.0,0.0,0.5,0.5,0.0,0.5,0.0,0.0,0.5
State: w17, Alice: ['e1', 'e2'], Bob: ['e4', 'e2'], Long Bob: e2, Transform: f7;0.0,0.5,0.5,0.0,0.5,0.0,0.0,0.5,0.5,0.0,0.0,0.5,0.0,0.5,0.5,0.0,0.5,0.0,0.0,0.5,0.0,0.5,0.5,0.0,0.0,0.5,0.5,0.0,0.5,0.0,0.0,0.5
State: w17, Alice: ['e2', 'e1'], Bob: ['e2', 'e4'], Long Bob: e2, Transform: f7;0.0,0.5,0.5,0.0,0.5,0.0,0.0,0.5,0.5,0.0,0.0,0.5,0.0,0.5,0.5,0.0,0.0,0.5,0.5,0.0,0.5,0.0,0.0,0.5,0.5,0.0,0.0,0.5,0.0,0.5,0.5,0.0
State: w17, Alice: ['e2', 'e1'], Bob: ['e4', 'e2'], Long Bob: e2, Transform: f7;0.5,0.0,0.0,0.5,0.0,0.5,0.5,0.0,0.0,0.5,0.5,0.0,0.5,0.0,0.0,0.5,0.0,0.5,0.5,0.0,0.5,0.0,0.0,0.5,0.5,0.0,0.0,0.5,0.0,0.5,0.5,0.0
State: w17, Alice: ['e1', 'e2'], Bob: ['e2', 'e4'], Long Bob: e2, Transform: f8;0.5,0.0,0.0,0.5,0.0,0.5,0.5,0.0,0.0,0.5,0.5,0.0,0.5,0.0,0.0,0.5,0.5,0.0,0.0,0.0,0.0,0.5,0.5,0.5,0.0,0.0,0.5,0.0,0.5,0.5,0.0,0.5
State: w17, Alice: ['e1', 'e2'], Bob: ['e4', 'e2'], Long Bob: e2, Transform: f8;0.0,0.5,0.5,0.0,0.5,0.0,0.0,0.5,0.5,0.0,0.0,0.5,0.0,0.5,0.5,0.0,0.5,0.0,0.0,0.0,0.0,0.5,0.5,0.5,0.0,0.0,0.5,0.0,0.5,0.5,0.0,0.5
State: w17, Alice: ['e2', 'e1'], Bob: ['e2', 'e4'], Long Bob: e2, Transform: f8;0.0,0.5,0.5,0.0,0.5,0.0,0.0,0.5,0.5,0.0,0.0,0.5,0.0,0.5,0.5,0.0,0.0,0.0,0.5,0.0,0.5,0.5,0.0,0.5,0.5,0.0,0.0,0.0,0.0,0.5,0.5,0.5
State: w17, Alice: ['e2', 'e1'], Bob: ['e4', 'e2'], Long Bob: e2, Transform: f8;0.5,0.0,0.0,0.5,0.0,0.5,0.5,0.0,0.0,0.5,0.5,0.0,0.5,0.0,0.0,0.5,0.0,0.0,0.5,0.0,0.5,0.5,0.0,0.5,0.5,0.0,0.0,0.0,0.0,0.5,0.5,0.5
State: w17, Alice: ['e1', 'e2'], Bob: ['e2', 'e4'], Long Bob: e2, Transform: f12;0.5,0.0,0.0,0.5,0.0,0.5,0.5,0.0,0.0,0.5,0.5,0.0,0.5,0.0,0.0,0.5,0.0,0.5,0.0,0.0,0.5,0.0,0.5,0.5,0.0,0.0,0.0,0.5,0.5,0.5,0.5,0.0
State: w17, Alice: ['e1', 'e2'], Bob: ['e4', 'e2'], Long Bob: e2, Transform: f12;0.0,0.5,0.5,0.0,0.5,0.0,0.0,0.5,0.5,0.0,0.0,0.5,0.0,0.5,0.5,0.0,0.0,0.5,0.0,0.0,0.5,0.0,0.5,0.5,0.0,0.0,0.0,0.5,0.5,0.5,0.5,0.0
State: w17, Alice: ['e2', 'e1'], Bob: ['e2', 'e4'], Long Bob: e2, Transform: f12;0.0,0.5,0.5,0.0,0.5,0.0,0.0,0.5,0.5,0.0,0.0,0.5,0.0,0.5,0.5,0.0,0.0,0.0,0.0,0.5,0.5,0.5,0.5,0.0,0.0,0.5,0.0,0.0,0.5,0.0,0.5,0.5
State: w17, Alice: ['e2', 'e1'], Bob: ['e4', 'e2'], Long Bob: e2, Transform: f12;0.5,0.0,0.0,0.5,0.0,0.5,0.5,0.0,0.0,0.5,0.5,0.0,0.5,0.0,0.0,0.5,0.0,0.0,0.0,0.5,0.5,0.5,0.5,0.0,0.0,0.5,0.0,0.0,0.5,0.0,0.5,0.5
State: w17, Alice: ['e1', 'e2'], Bob: ['e3', 'e3'], Long Bob: e2, Transform: f2;0.5,0.5,0.5,0.5,0.0,0.0,0.0,0.0,0.0,0.0,0.0,0.0,0.5,0.5,0.5,0.5,0.5,0.5,0.5,0.0,0.0,0.0,0.0,0.5,0.5,0.0,0.5,0.5,0.0,0.5,0.0,0.0
State: w17, Alice: ['e2', 'e1'], Bob: ['e3', 'e3'], Long Bob: e2, Transform: f2;0.5,0.5,0.5,0.5,0.0,0.0,0.0,0.0,0.0,0.0,0.0,0.0,0.5,0.5,0.5,0.5,0.5,0.0,0.5,0.5,0.0,0.5,0.0,0.0,0.5,0.5,0.5,0.0,0.0,0.0,0.0,0.5
State: w17, Alice: ['e1', 'e2'], Bob: ['e3', 'e3'], Long Bob: e2, Transform: f3;0.5,0.5,0.5,0.5,0.0,0.0,0.0,0.0,0.0,0.0,0.0,0.0,0.5,0.5,0.5,0.5,0.5,0.5,0.0,0.5,0.0,0.0,0.5,0.0,0.0,0.5,0.5,0.5,0.5,0.0,0.0,0.0
State: w17, Alice: ['e2', 'e1'], Bob: ['e3', 'e3'], Long Bob: e2, Transform: f3;0.5,0.5,0.5,0.5,0.0,0.0,0.0,0.0,0.0,0.0,0.0,0.0,0.5,0.5,0.5,0.5,0.0,0.5,0.5,0.5,0.5,0.0,0.0,0.0,0.5,0.5,0.0,0.5,0.0,0.0,0.5,0.0
State: w17, Alice: ['e1', 'e2'], Bob: ['e3', 'e3'], Long Bob: e2, Transform: f4;0.5,0.5,0.5,0.5,0.0,0.0,0.0,0.0,0.0,0.0,0.0,0.0,0.5,0.5,0.5,0.5,0.5,0.5,0.0,0.0,0.0,0.0,0.5,0.5,0.0,0.0,0.5,0.5,0.5,0.5,0.0,0.0
State: w17, Alice: ['e2', 'e1'], Bob: ['e3', 'e3'], Long Bob: e2, Transform: f4;0.5,0.5,0.5,0.5,0.0,0.0,0.0,0.0,0.0,0.0,0.0,0.0,0.5,0.5,0.5,0.5,0.0,0.0,0.5,0.5,0.5,0.5,0.0,0.0,0.5,0.5,0.0,0.0,0.0,0.0,0.5,0.5
State: w17, Alice: ['e1', 'e2'], Bob: ['e3', 'e3'], Long Bob: e2, Transform: f7;0.5,0.5,0.5,0.5,0.0,0.0,0.0,0.0,0.0,0.0,0.0,0.0,0.5,0.5,0.5,0.5,0.5,0.0,0.0,0.5,0.0,0.5,0.5,0.0,0.0,0.5,0.5,0.0,0.5,0.0,0.0,0.5
State: w17, Alice: ['e2', 'e1'], Bob: ['e3', 'e3'], Long Bob: e2, Transform: f7;0.5,0.5,0.5,0.5,0.0,0.0,0.0,0.0,0.0,0.0,0.0,0.0,0.5,0.5,0.5,0.5,0.0,0.5,0.5,0.0,0.5,0.0,0.0,0.5,0.5,0.0,0.0,0.5,0.0,0.5,0.5,0.0
State: w17, Alice: ['e1', 'e2'], Bob: ['e3', 'e3'], Long Bob: e2, Transform: f8;0.5,0.5,0.5,0.5,0.0,0.0,0.0,0.0,0.0,0.0,0.0,0.0,0.5,0.5,0.5,0.5,0.5,0.0,0.0,0.0,0.0,0.5,0.5,0.5,0.0,0.0,0.5,0.0,0.5,0.5,0.0,0.5
State: w17, Alice: ['e2', 'e1'], Bob: ['e3', 'e3'], Long Bob: e2, Transform: f8;0.5,0.5,0.5,0.5,0.0,0.0,0.0,0.0,0.0,0.0,0.0,0.0,0.5,0.5,0.5,0.5,0.0,0.0,0.5,0.0,0.5,0.5,0.0,0.5,0.5,0.0,0.0,0.0,0.0,0.5,0.5,0.5
State: w17, Alice: ['e1', 'e2'], Bob: ['e3', 'e3'], Long Bob: e2, Transform: f12;0.5,0.5,0.5,0.5,0.0,0.0,0.0,0.0,0.0,0.0,0.0,0.0,0.5,0.5,0.5,0.5,0.0,0.5,0.0,0.0,0.5,0.0,0.5,0.5,0.0,0.0,0.0,0.5,0.5,0.5,0.5,0.0
State: w17, Alice: ['e2', 'e1'], Bob: ['e3', 'e3'], Long Bob: e2, Transform: f12;0.5,0.5,0.5,0.5,0.0,0.0,0.0,0.0,0.0,0.0,0.0,0.0,0.5,0.5,0.5,0.5,0.0,0.0,0.0,0.5,0.5,0.5,0.5,0.0,0.0,0.5,0.0,0.0,0.5,0.0,0.5,0.5
